Student_ID,Gender,Branch,CGPA,SSC_Marks,HSC_Marks,Internships,Projects,Certifications,Backlogs,Aptitude_Score,Technical_Skill,Coding_Skill,Communication_Skill,Soft_Skill,Extracurricular_Score,Leadership_Score,Placement_Training,Workshops_Attended,Mock_Interview_Score,LinkedIn_GitHub_Activity,Employability_Score,Placed,Package_LPA
STU00001,Female,IT,7.91,93.23,72.42,0,5,2,1,57.79,5.15,5.81,5.41,5.33,6.03,0.79,Yes,0,3.68,5.72,49.95,0,0.0
STU00002,Male,EEE,5.65,100.0,79.34,0,3,0,0,51.2,7.71,8.05,5.12,4.74,5.14,3.83,No,0,5.49,2.09,42.82,0,0.0
STU00003,Male,ECE,8.01,79.71,73.73,1,2,3,0,56.58,6.62,4.5,6.75,6.07,4.01,6.35,Yes,3,7.36,7.14,50.09,1,7.32
STU00004,Male,ECE,7.0,73.9,87.98,2,5,2,0,45.83,7.75,8.71,8.74,7.64,10.0,2.98,Yes,0,2.95,7.4,67.44,1,9.08
STU00005,Female,IT,6.31,72.98,85.07,2,1,4,0,67.92,4.74,4.34,5.53,4.6,6.15,5.57,Yes,1,2.95,4.03,55.97,0,0.0
STU00006,Male,IT,6.32,68.57,90.44,4,6,1,0,42.69,4.21,4.34,5.46,5.2,5.51,6.05,Yes,0,5.03,5.78,60.54,1,10.33
STU00007,Female,CSE,8.03,92.03,59.58,2,3,0,2,44.17,4.98,5.1,5.34,4.43,5.65,2.66,No,1,6.35,3.2,44.21,1,7.97
STU00008,Female,ECE,7.81,91.64,100.0,0,1,4,3,36.08,8.14,9.7,4.73,5.86,8.18,5.5,Yes,0,7.03,5.4,33.76,0,0.0
STU00009,Male,ECE,6.13,85.87,87.74,2,5,2,1,47.23,5.56,4.65,4.69,4.69,5.33,5.75,No,2,5.52,8.34,45.5,0,0.0
STU00010,Male,EEE,10.0,78.42,73.49,0,6,5,3,59.77,7.33,6.79,7.52,7.6,4.75,2.96,No,4,4.58,6.45,50.07,0,0.0
STU00011,Female,ECE,7.26,66.57,78.94,2,4,1,0,72.09,6.93,7.54,7.08,9.62,6.76,7.5,No,2,4.93,6.75,57.2,1,8.01
STU00012,Male,CSE,5.23,81.57,70.44,0,4,1,0,63.44,8.81,8.96,7.13,5.55,10.0,9.06,No,2,5.53,6.02,61.09,1,9.32
STU00013,Male,IT,7.76,86.66,61.8,0,2,2,1,55.98,3.73,4.83,9.81,8.73,2.16,3.93,Yes,2,6.3,6.78,45.33,0,0.0
STU00014,Male,IT,7.13,58.05,60.7,1,3,0,0,63.05,10.0,10.0,7.75,6.71,5.63,6.42,No,1,5.73,3.59,69.86,1,10.4
STU00015,Female,CIVIL,7.85,80.81,68.15,0,2,4,0,51.39,7.53,7.96,5.02,6.23,6.18,6.79,Yes,0,6.63,6.72,45.13,1,5.99
STU00016,Male,EEE,5.86,93.53,70.17,2,1,4,0,52.58,7.71,7.42,7.65,6.61,4.15,9.21,Yes,0,7.42,7.77,48.11,0,0.0
STU00017,Female,EEE,7.19,69.03,75.83,1,5,1,0,49.81,6.74,6.07,4.8,5.6,6.04,3.88,Yes,3,4.65,5.53,44.52,0,0.0
STU00018,Female,CIVIL,5.65,71.36,89.96,0,4,2,0,56.56,5.99,5.17,6.12,7.08,7.2,6.08,Yes,0,5.66,4.21,40.71,1,6.8
STU00019,Male,CSE,7.21,78.25,80.48,2,4,2,1,77.7,6.33,8.96,4.83,4.74,4.18,0.33,No,0,4.55,5.79,68.06,1,10.67
STU00020,Female,CSE,8.27,85.42,91.24,1,5,4,0,60.67,5.49,5.85,4.33,5.44,5.31,5.61,Yes,1,6.0,4.75,66.37,1,10.18
STU00021,Female,EEE,7.25,73.5,81.85,1,1,5,1,74.81,3.98,2.13,8.37,7.45,3.85,8.41,Yes,3,5.71,9.74,49.29,1,6.82
STU00022,Female,CSE,6.9,92.89,84.66,0,1,0,0,30.84,8.6,9.66,5.97,6.14,0.72,3.93,No,3,7.9,4.97,48.73,0,0.0
STU00023,Female,IT,4.93,77.11,60.65,0,1,0,0,74.05,6.66,5.53,5.33,4.82,5.36,7.1,No,0,4.55,3.18,41.38,0,0.0
STU00024,Male,IT,6.06,76.98,75.46,2,3,0,2,77.32,4.88,4.0,7.19,6.15,2.8,10.0,Yes,1,4.94,6.96,45.74,1,10.16
STU00025,Male,CSE,8.43,61.94,77.24,0,2,0,0,50.36,4.05,6.08,7.7,6.84,8.76,5.17,No,2,3.95,2.61,48.14,0,0.0
STU00026,Female,IT,5.09,87.41,75.3,0,1,0,0,64.29,5.31,4.82,4.79,4.96,0.0,6.51,No,0,6.2,4.8,37.96,0,0.0
STU00027,Female,CSE,7.5,78.99,83.27,1,2,3,0,48.26,2.75,0.8,6.28,6.35,3.51,6.4,Yes,1,2.51,3.5,50.27,0,0.0
STU00028,Male,CSE,6.54,85.6,87.17,1,3,1,0,75.89,6.31,6.41,7.03,7.78,5.24,5.25,No,0,4.93,4.27,60.11,1,10.23
STU00029,Female,IT,8.52,73.92,52.58,1,2,3,0,43.85,6.59,6.33,7.61,5.04,6.02,6.7,Yes,4,2.84,7.63,61.58,1,9.49
STU00030,Female,ECE,6.66,82.04,62.99,2,0,2,1,47.29,5.37,6.37,8.39,6.84,4.56,3.78,No,2,7.99,7.32,36.93,0,0.0
STU00031,Female,CSE,7.51,60.21,91.46,1,6,0,1,100.0,6.23,6.36,7.43,7.1,5.99,3.26,No,2,6.35,8.66,59.91,0,0.0
STU00032,Male,CIVIL,9.99,83.24,68.53,1,4,0,0,59.6,7.53,4.75,5.81,6.41,8.29,3.2,Yes,0,3.47,4.66,47.03,0,0.0
STU00033,Male,MECH,5.75,96.49,87.39,0,3,0,3,57.16,4.01,7.1,6.3,6.16,5.45,5.44,Yes,0,5.24,4.92,21.59,0,0.0
STU00034,Female,CSE,8.73,51.41,52.14,1,1,0,2,39.67,5.73,6.36,7.62,5.75,4.7,4.85,Yes,2,5.34,5.07,42.93,0,0.0
STU00035,Male,CSE,6.4,72.75,80.38,2,2,0,0,74.8,6.8,6.37,8.17,6.22,6.86,6.3,Yes,0,4.94,5.75,58.17,1,8.69
STU00036,Female,IT,6.3,85.56,59.46,1,3,1,0,79.49,5.94,5.54,8.49,8.97,6.98,3.63,No,4,4.75,2.04,58.11,1,9.55
STU00037,Male,CSE,6.12,88.29,80.2,0,0,0,3,66.61,7.77,9.77,7.92,5.49,2.68,3.63,Yes,2,5.55,5.43,35.9,0,0.0
STU00038,Male,IT,8.68,69.16,81.31,1,3,5,1,30.44,7.09,5.27,6.19,5.57,1.78,7.17,No,0,5.82,4.23,60.14,1,9.58
STU00039,Female,CSE,7.9,87.73,81.84,1,1,4,0,33.74,5.87,6.61,6.5,5.18,6.34,6.34,No,2,7.0,6.06,53.77,0,0.0
STU00040,Female,CIVIL,5.37,86.18,76.47,0,4,1,3,82.32,5.86,5.3,7.71,5.73,6.6,2.71,No,0,7.8,5.95,18.87,0,0.0
STU00041,Female,IT,7.49,86.9,75.91,3,4,5,0,81.18,5.07,6.76,10.0,7.71,4.52,8.2,Yes,2,4.74,4.35,73.35,1,10.25
STU00042,Male,CSE,5.07,65.93,63.22,3,4,0,0,74.29,10.0,9.2,8.18,8.39,2.05,5.16,Yes,0,6.5,3.57,72.0,0,0.0
STU00043,Female,MECH,7.02,92.21,68.72,2,1,3,0,65.65,3.27,5.13,9.25,7.14,4.65,5.63,No,1,6.1,4.59,40.33,0,0.0
STU00044,Female,CSE,6.28,77.92,82.64,0,5,2,0,42.91,8.17,8.58,8.45,6.32,1.89,6.02,No,2,7.18,5.97,59.91,0,0.0
STU00045,Female,ECE,7.99,91.82,82.14,0,5,4,0,58.99,6.26,7.71,4.81,5.7,4.63,5.06,Yes,0,7.8,5.44,56.91,0,0.0
STU00046,Female,CSE,8.84,80.14,77.93,1,6,1,1,54.78,6.32,6.81,5.88,5.62,4.7,5.38,No,1,4.64,5.29,59.4,1,9.23
STU00047,Male,CSE,8.92,77.34,68.89,0,6,1,0,95.86,6.79,6.19,4.46,5.8,6.04,3.76,No,0,6.67,4.77,69.8,1,9.84
STU00048,Female,CSE,8.19,75.93,67.18,0,3,1,2,49.96,6.91,6.88,6.66,6.15,7.06,6.59,No,2,3.8,5.74,50.49,0,0.0
STU00049,Male,CSE,7.74,71.24,94.81,0,3,0,1,77.13,4.83,4.29,2.99,4.13,0.17,1.52,No,3,6.87,2.78,41.36,0,0.0
STU00050,Male,CIVIL,9.84,77.77,80.77,0,2,2,0,94.07,5.52,5.41,5.9,5.36,5.93,2.66,No,3,4.61,3.98,43.53,0,0.0
STU00051,Female,CSE,6.32,78.6,67.88,2,5,3,2,80.89,5.04,6.62,6.54,7.93,3.98,8.82,Yes,0,5.86,3.5,60.79,0,0.0
STU00052,Female,CSE,6.07,72.71,81.81,1,3,3,0,82.33,3.97,4.65,5.35,5.84,7.9,4.76,No,2,2.14,2.93,49.84,1,9.89
STU00053,Female,IT,7.01,86.84,82.18,3,1,2,1,33.62,4.87,5.35,7.04,6.73,4.29,3.52,No,0,5.45,7.7,51.98,0,0.0
STU00054,Male,ECE,6.79,66.44,78.51,1,6,1,1,81.94,4.73,2.86,5.74,4.19,6.06,4.43,Yes,2,7.72,3.07,49.92,0,0.0
STU00055,Female,CSE,6.85,98.77,79.2,1,5,1,0,69.74,5.87,5.83,7.44,6.76,7.11,4.82,Yes,1,7.15,5.8,67.71,1,8.56
STU00056,Male,ECE,6.17,84.44,78.04,1,5,0,1,50.29,5.94,8.35,7.84,7.16,4.51,5.15,No,2,3.56,6.54,42.8,0,0.0
STU00057,Female,CSE,8.99,77.36,78.62,3,4,2,1,57.61,7.74,9.16,4.11,5.53,7.04,4.35,No,0,7.98,4.6,68.87,1,9.63
STU00058,Male,ECE,5.39,62.47,71.66,1,1,0,1,81.61,8.76,6.06,5.04,5.57,7.98,4.0,Yes,1,5.46,8.32,37.66,0,0.0
STU00059,Female,ECE,7.85,86.53,83.35,0,5,0,3,67.06,4.64,4.31,3.32,4.58,3.33,2.57,No,1,7.15,1.39,27.52,0,0.0
STU00060,Male,CSE,8.23,68.31,81.06,1,4,0,1,87.15,5.86,5.17,6.31,6.53,5.81,7.65,No,0,6.19,6.15,52.69,0,0.0
STU00061,Female,MECH,5.83,71.07,67.1,2,2,2,0,78.11,4.5,7.07,4.18,5.34,6.89,5.91,Yes,0,5.58,4.66,47.7,0,0.0
STU00062,Female,IT,9.63,81.14,74.98,0,4,1,0,79.57,7.99,8.35,5.29,4.35,6.74,2.58,Yes,0,4.22,3.25,65.53,1,10.24
STU00063,Female,MECH,5.49,58.06,79.11,1,3,5,1,92.11,6.75,5.91,6.11,6.5,5.67,6.19,Yes,1,3.84,4.74,41.34,0,0.0
STU00064,Female,IT,6.61,63.93,75.8,3,3,2,0,76.04,5.05,5.48,7.06,6.99,3.14,3.04,Yes,0,5.66,6.63,63.37,1,8.94
STU00065,Male,ECE,7.19,86.38,75.9,1,5,4,2,60.22,4.8,5.99,5.9,5.35,6.68,3.02,Yes,4,7.45,6.09,48.59,0,0.0
STU00066,Male,EEE,8.1,52.74,75.7,0,2,0,0,71.14,6.1,3.93,5.1,3.24,6.15,5.62,Yes,2,4.07,2.78,43.11,0,0.0
STU00067,Male,EEE,7.36,74.63,68.25,2,0,2,4,56.56,6.79,8.22,7.81,5.72,0.0,7.06,Yes,3,3.04,4.48,28.8,0,0.0
STU00068,Female,EEE,5.22,77.7,73.08,1,0,1,1,63.96,3.99,2.79,6.15,4.51,10.0,2.38,Yes,2,5.43,0.0,30.21,0,0.0
STU00069,Female,IT,6.46,88.4,68.34,0,5,0,3,94.87,9.88,9.16,7.46,6.97,8.36,8.44,Yes,1,6.33,3.44,62.72,1,9.93
STU00070,Female,CSE,6.32,90.99,64.21,2,3,0,0,38.1,6.51,5.66,4.87,6.14,6.84,7.88,Yes,0,6.01,2.87,58.06,1,10.16
STU00071,Female,CSE,6.49,87.28,75.63,1,4,3,1,66.83,5.34,4.34,4.42,3.64,10.0,2.57,No,0,5.1,4.36,52.85,0,0.0
STU00072,Female,EEE,8.1,86.38,66.05,1,5,3,2,43.3,6.91,7.3,6.25,6.05,5.31,6.79,Yes,1,6.54,6.14,49.11,0,0.0
STU00073,Male,ECE,7.82,60.39,83.29,2,4,0,0,68.86,5.62,4.6,5.21,6.08,9.17,5.87,No,0,7.65,3.6,52.98,1,7.78
STU00074,Female,CSE,5.61,66.94,70.0,3,6,1,0,47.23,7.06,7.47,3.31,5.82,9.2,3.35,Yes,2,7.6,3.68,66.56,1,9.69
STU00075,Male,ECE,8.9,98.06,97.68,2,4,1,2,83.75,4.53,4.52,5.91,5.59,7.03,7.1,No,1,3.44,4.55,46.42,0,0.0
STU00076,Female,CSE,5.15,79.9,81.34,1,3,3,0,82.65,5.45,6.89,2.91,3.45,6.27,1.9,Yes,0,3.39,3.79,59.27,1,9.73
STU00077,Male,CSE,7.04,83.14,69.14,1,3,0,0,61.5,9.19,10.0,5.42,5.23,6.53,2.8,No,2,6.04,4.77,59.02,1,9.72
STU00078,Male,CSE,6.96,74.96,92.25,2,0,2,0,63.83,3.96,1.85,4.45,5.43,5.69,6.55,Yes,1,5.67,7.03,47.4,1,8.94
STU00079,Male,CSE,5.82,82.66,74.61,1,2,0,0,48.78,4.54,4.78,8.15,6.26,5.64,5.94,Yes,2,6.75,3.1,49.8,0,0.0
STU00080,Male,IT,6.71,98.1,94.47,1,0,2,2,43.38,4.83,4.76,5.13,6.05,3.94,3.88,Yes,2,2.9,5.22,36.2,0,0.0
STU00081,Female,CIVIL,7.76,86.83,74.14,1,3,0,1,54.33,8.07,8.2,3.75,5.61,4.03,9.12,No,1,7.44,5.16,39.35,0,0.0
STU00082,Female,ECE,8.12,73.72,72.08,4,1,1,0,70.7,6.54,7.45,5.86,5.0,3.88,5.45,No,3,6.44,5.01,56.76,0,0.0
STU00083,Male,ECE,7.15,76.13,85.84,0,0,2,0,72.43,6.59,6.82,5.6,6.07,4.85,5.37,No,1,7.87,8.03,42.9,0,0.0
STU00084,Male,IT,6.65,87.93,81.0,2,1,1,0,46.88,4.81,2.37,7.5,7.75,2.16,7.74,No,1,5.57,5.31,49.66,0,0.0
STU00085,Male,ECE,6.33,80.83,72.15,0,5,1,1,64.27,9.49,8.29,5.05,5.94,5.9,5.77,No,2,6.38,5.94,47.18,0,0.0
STU00086,Male,ECE,5.32,55.23,76.55,1,6,0,0,81.81,5.6,6.11,5.46,6.33,5.93,5.7,No,0,7.1,3.79,51.91,0,0.0
STU00087,Male,EEE,6.77,75.77,71.16,0,3,1,1,43.03,4.08,5.22,9.11,7.47,5.13,5.15,Yes,3,7.59,2.87,38.42,0,0.0
STU00088,Female,MECH,7.92,100.0,55.09,1,4,2,2,49.62,9.79,8.45,8.28,8.54,3.27,6.72,Yes,0,5.04,0.0,46.08,0,0.0
STU00089,Male,EEE,7.36,71.77,77.14,0,2,2,0,54.27,4.75,3.07,6.06,4.83,7.17,5.18,Yes,0,2.88,4.29,37.71,0,0.0
STU00090,Male,ECE,7.62,76.2,66.43,1,1,1,0,58.5,5.97,7.26,5.52,5.24,2.47,0.91,Yes,3,6.89,8.52,50.73,1,7.24
STU00091,Male,MECH,6.67,79.47,92.73,0,2,2,0,78.14,5.62,4.44,5.98,6.05,5.01,3.57,No,2,3.54,8.25,37.25,0,0.0
STU00092,Female,MECH,7.22,81.82,82.0,0,5,0,0,31.45,4.84,8.05,5.37,4.12,7.11,6.88,No,2,7.82,9.23,34.25,0,0.0
STU00093,Female,IT,8.73,75.5,78.18,3,2,1,1,66.69,8.35,6.35,7.96,7.88,3.1,4.1,Yes,0,4.95,6.79,71.87,1,11.51
STU00094,Male,CSE,8.42,66.17,57.08,0,6,2,1,84.9,5.92,4.54,6.21,5.72,5.28,5.9,Yes,0,3.52,4.17,53.85,1,8.83
STU00095,Female,CSE,7.97,74.66,87.9,4,2,5,0,68.65,3.17,1.82,4.17,5.2,9.31,9.91,No,3,2.26,3.75,58.32,1,9.08
STU00096,Male,IT,7.27,82.94,85.58,0,2,2,0,29.15,6.53,7.6,9.53,8.67,4.51,2.19,Yes,1,2.76,5.55,54.58,1,10.17
STU00097,Female,CSE,7.5,74.57,81.84,3,1,2,4,55.35,8.03,7.97,3.19,5.6,3.51,3.56,No,1,1.66,10.0,48.49,1,8.7
STU00098,Female,IT,7.66,92.92,87.82,3,0,4,0,58.32,10.0,10.0,9.53,7.57,7.59,7.42,Yes,0,7.56,3.78,72.71,1,10.33
STU00099,Female,CSE,8.25,83.13,82.98,2,1,3,1,71.29,8.14,8.99,6.8,7.25,5.44,3.06,Yes,1,4.28,4.67,63.7,1,9.75
STU00100,Male,CIVIL,7.23,84.09,69.9,1,4,3,0,58.05,5.71,4.86,4.5,4.64,7.42,3.61,No,1,5.0,6.46,35.75,0,0.0
STU00101,Female,CIVIL,7.05,91.61,60.6,0,5,2,0,94.41,8.23,8.48,5.36,6.33,3.36,6.05,No,1,6.41,5.9,45.08,0,0.0
STU00102,Male,IT,7.57,68.53,68.11,0,4,0,2,62.28,4.45,5.81,5.74,5.25,7.1,3.93,Yes,2,5.21,7.17,43.09,1,8.53
STU00103,Female,CSE,4.52,76.66,90.65,0,1,3,1,78.67,6.16,6.4,5.15,5.32,6.85,7.65,Yes,1,5.5,6.38,41.19,0,0.0
STU00104,Male,IT,4.67,90.35,71.48,3,1,2,0,57.09,6.66,7.82,8.92,6.87,4.58,7.8,Yes,2,6.96,8.56,59.24,1,9.33
STU00105,Male,IT,7.86,78.41,63.98,0,5,0,0,57.89,4.21,1.14,5.88,7.87,7.23,4.96,No,1,5.03,2.28,52.49,1,9.0
STU00106,Male,CIVIL,8.9,75.62,77.11,0,0,1,2,23.09,6.46,7.65,3.9,5.49,6.99,0.0,Yes,0,3.81,3.29,22.02,0,0.0
STU00107,Male,EEE,7.22,80.31,61.14,0,1,2,2,50.91,4.0,4.3,7.05,7.44,8.98,2.77,Yes,1,5.08,6.07,34.82,0,0.0
STU00108,Male,CSE,7.12,67.11,73.29,4,3,1,0,52.46,6.4,7.41,5.15,7.33,1.33,3.76,Yes,1,5.35,6.03,66.69,1,9.24
STU00109,Female,IT,7.71,79.9,67.72,4,1,3,3,69.67,6.03,5.26,7.03,7.96,5.08,6.58,No,0,3.17,8.41,52.94,0,0.0
STU00110,Male,CSE,7.88,75.93,81.91,0,2,4,1,39.15,5.72,4.68,6.17,5.69,3.75,5.75,Yes,1,3.08,1.31,50.05,1,8.79
STU00111,Male,ECE,6.45,85.91,53.33,2,2,0,3,78.07,6.03,4.88,5.51,6.3,5.73,6.29,Yes,1,8.41,5.24,35.88,0,0.0
STU00112,Female,CIVIL,5.74,92.11,70.54,1,3,1,1,52.09,4.15,3.71,6.95,6.49,7.06,7.78,No,1,4.84,7.39,33.36,0,0.0
STU00113,Female,CSE,5.24,81.2,69.45,0,4,0,0,60.53,4.78,4.82,4.35,4.31,6.99,2.47,No,3,2.39,3.44,47.59,1,7.89
STU00114,Male,CSE,8.81,60.8,68.42,1,4,0,2,66.11,7.02,7.15,3.5,5.38,7.63,6.77,Yes,1,1.34,5.36,58.56,1,10.07
STU00115,Female,CIVIL,7.93,82.22,84.23,0,2,1,4,50.89,6.79,7.73,6.98,7.83,5.49,6.47,Yes,0,6.75,6.95,22.69,0,0.0
STU00116,Female,CSE,7.12,77.4,80.0,0,4,3,0,94.75,6.07,5.79,6.66,6.52,8.55,2.81,No,0,5.0,2.43,58.31,0,0.0
STU00117,Female,ECE,7.95,64.34,88.33,3,0,3,0,66.7,2.8,3.29,4.45,4.14,2.15,7.45,No,1,4.54,1.07,43.73,0,0.0
STU00118,Female,IT,8.56,91.87,87.61,2,1,1,1,56.7,5.05,4.44,3.36,3.62,5.67,8.33,No,1,4.4,2.45,41.22,0,0.0
STU00119,Male,CSE,6.19,67.96,77.28,1,0,0,3,63.25,5.02,4.69,9.04,8.59,2.64,6.83,Yes,4,6.96,2.36,40.15,0,0.0
STU00120,Female,CSE,8.89,75.85,78.04,1,4,3,0,62.79,5.54,5.15,3.44,4.63,6.59,4.15,No,4,6.26,3.01,59.68,0,0.0
STU00121,Male,MECH,6.72,61.93,94.25,2,2,3,0,86.87,6.53,6.25,4.87,4.88,3.48,3.17,Yes,1,6.73,8.42,46.57,1,7.33
STU00122,Female,MECH,5.66,80.07,90.59,2,3,0,0,74.26,6.28,7.2,3.28,4.87,7.28,4.41,No,2,9.35,3.27,44.51,0,0.0
STU00123,Female,IT,6.08,72.5,84.46,1,0,1,0,61.75,4.76,4.17,8.65,6.32,7.29,4.39,Yes,0,5.0,6.82,49.9,1,8.27
STU00124,Male,CSE,7.56,79.0,56.74,1,2,1,2,49.97,7.81,6.44,3.88,5.51,5.52,7.34,Yes,0,1.65,5.96,50.85,1,9.03
STU00125,Female,IT,7.87,82.74,64.81,0,4,1,0,79.56,7.65,6.16,6.29,5.58,2.73,4.52,Yes,2,4.94,1.83,58.54,1,9.54
STU00126,Male,ECE,7.69,91.42,49.36,2,4,0,0,80.27,5.57,6.22,9.97,8.19,3.48,4.26,Yes,2,4.08,3.91,56.8,0,0.0
STU00127,Male,CSE,6.87,77.5,100.0,2,4,1,0,41.98,6.51,8.62,6.83,6.73,5.38,7.69,Yes,2,3.13,4.53,62.02,1,9.74
STU00128,Female,EEE,6.9,87.41,80.46,0,3,0,0,62.8,5.47,7.08,4.37,4.63,2.74,1.76,Yes,1,8.67,4.35,45.42,0,0.0
STU00129,Female,CSE,8.26,75.99,74.93,2,4,2,0,70.23,8.62,9.47,7.54,6.84,8.6,5.9,No,2,3.95,3.98,72.68,1,10.95
STU00130,Female,EEE,7.44,85.84,78.42,1,3,0,0,44.22,7.68,6.92,4.49,4.64,3.99,6.87,Yes,0,5.22,5.51,44.04,0,0.0
STU00131,Female,MECH,6.48,86.55,62.99,3,3,1,0,78.02,7.08,5.94,6.99,5.4,7.37,2.29,No,2,4.25,6.34,50.46,0,0.0
STU00132,Male,IT,6.61,74.67,80.41,1,0,2,0,74.07,5.47,4.91,7.3,6.08,5.78,7.56,No,3,4.04,4.78,48.47,0,0.0
STU00133,Male,CSE,7.57,92.31,86.9,0,0,3,1,38.38,6.7,8.01,9.62,8.63,6.05,7.3,No,4,4.87,8.6,45.47,0,0.0
STU00134,Female,ECE,8.89,75.94,81.17,1,1,5,4,82.13,6.99,7.82,8.92,7.4,4.06,7.62,Yes,4,7.61,5.0,40.84,0,0.0
STU00135,Female,ECE,6.38,73.15,88.54,0,4,2,1,92.33,5.4,5.81,8.84,8.1,6.41,6.02,No,1,0.95,4.32,49.46,0,0.0
STU00136,Female,CIVIL,5.93,60.61,87.24,0,0,1,0,78.77,6.47,6.87,7.56,7.12,4.75,4.63,No,0,5.88,5.66,34.8,0,0.0
STU00137,Male,MECH,6.63,76.04,72.74,0,1,1,0,48.56,5.12,4.77,5.76,5.69,5.36,6.05,Yes,2,3.33,2.6,32.11,0,0.0
STU00138,Female,IT,6.81,74.21,78.65,1,5,0,0,27.47,5.73,7.35,6.68,6.53,3.16,2.44,No,0,5.53,3.05,51.91,0,0.0
STU00139,Female,IT,7.07,71.64,94.13,1,3,3,2,56.22,6.71,4.4,5.73,6.54,5.39,1.91,No,1,7.74,4.86,50.35,0,0.0
STU00140,Male,IT,6.8,73.08,78.79,0,6,0,1,55.68,10.0,8.52,7.32,4.98,7.4,3.04,No,0,6.22,2.91,51.94,0,0.0
STU00141,Male,MECH,5.98,80.21,88.4,1,1,2,2,52.76,5.04,5.62,4.33,5.71,6.4,4.32,Yes,0,6.46,7.83,26.39,0,0.0
STU00142,Male,IT,7.7,86.29,74.7,0,2,1,0,60.75,7.6,9.51,5.85,5.89,2.83,9.27,No,2,2.98,7.69,52.3,0,0.0
STU00143,Male,CSE,7.36,56.69,83.45,1,3,0,0,65.88,2.25,4.32,5.71,6.09,5.4,4.07,Yes,0,4.47,5.76,46.27,0,0.0
STU00144,Female,IT,8.03,92.29,68.24,0,4,1,1,75.37,6.2,5.44,5.92,7.19,5.8,3.45,Yes,4,3.33,6.16,55.3,1,10.12
STU00145,Female,IT,8.28,69.11,85.51,0,6,0,1,77.77,8.65,7.93,5.81,4.59,4.64,7.19,No,0,4.66,6.47,56.2,1,8.6
STU00146,Male,CIVIL,7.53,61.51,75.11,1,3,3,1,77.57,6.3,6.98,7.39,7.2,3.04,1.24,No,3,2.7,4.38,43.3,0,0.0
STU00147,Male,CSE,6.62,67.43,88.45,0,4,2,0,57.34,2.56,2.48,3.87,6.53,7.5,5.23,Yes,2,6.48,5.46,48.97,0,0.0
STU00148,Male,MECH,8.6,82.67,80.57,0,3,2,0,64.68,4.78,5.29,9.74,6.47,6.78,4.85,Yes,0,6.31,5.3,44.27,0,0.0
STU00149,Female,CSE,7.73,62.53,86.91,2,3,1,0,53.52,4.95,6.2,3.62,2.54,4.51,6.21,Yes,3,4.76,7.65,51.25,1,8.58
STU00150,Female,CSE,7.57,97.57,74.7,1,1,2,4,52.75,9.1,9.7,5.97,5.42,6.09,3.0,No,2,5.11,3.55,34.22,0,0.0
STU00151,Female,EEE,8.46,64.28,67.2,0,2,1,1,52.0,6.37,4.93,5.53,6.02,4.77,4.79,Yes,3,4.55,1.52,40.01,0,0.0
STU00152,Female,EEE,7.59,75.44,90.07,1,4,2,1,87.73,8.93,8.32,5.69,6.07,5.83,7.76,No,1,6.82,4.51,54.47,0,0.0
STU00153,Male,ECE,6.68,59.82,83.36,0,2,0,4,60.3,6.76,5.72,8.38,8.02,6.78,4.72,No,0,6.54,8.79,31.14,0,0.0
STU00154,Female,CSE,7.69,66.48,67.13,1,2,0,0,43.49,8.69,8.12,4.77,5.21,3.01,5.76,Yes,0,4.83,3.83,54.39,0,0.0
STU00155,Male,ECE,7.08,78.73,70.47,0,4,1,0,30.84,8.69,8.74,6.95,7.24,3.25,6.04,Yes,1,5.02,4.77,49.03,1,7.06
STU00156,Female,CSE,7.92,58.15,68.29,3,1,1,1,61.8,4.82,2.5,5.05,6.06,0.29,5.55,No,2,3.37,4.6,50.06,0,0.0
STU00157,Male,IT,6.77,79.58,73.94,2,1,2,0,54.51,4.2,3.29,3.71,4.45,7.65,6.13,No,3,3.51,4.24,45.03,0,0.0
STU00158,Male,CSE,8.66,84.05,87.27,1,5,1,0,38.35,9.18,6.98,4.87,6.35,5.96,7.04,No,2,6.48,6.53,60.59,1,10.19
STU00159,Female,IT,7.7,94.67,91.76,2,3,1,0,48.76,7.3,6.04,7.49,7.84,7.03,5.62,No,0,3.72,3.05,65.53,1,9.97
STU00160,Male,IT,7.79,76.14,71.46,0,3,1,0,52.17,4.43,4.7,6.33,7.46,9.79,3.3,Yes,2,5.5,6.45,50.9,0,0.0
STU00161,Female,CSE,7.45,59.42,81.64,2,4,3,3,67.37,4.41,3.56,8.22,8.26,4.98,5.1,No,1,6.7,9.46,48.69,0,0.0
STU00162,Female,MECH,6.78,70.4,78.16,1,4,3,0,38.64,4.64,4.67,5.69,6.33,10.0,5.22,Yes,2,3.98,1.81,40.95,0,0.0
STU00163,Male,IT,8.76,53.12,89.05,1,2,1,1,68.08,3.92,5.29,6.78,5.64,5.98,2.74,No,2,6.46,5.83,55.51,0,0.0
STU00164,Male,CSE,7.2,73.4,55.88,1,5,0,0,100.0,4.84,3.82,6.34,7.12,10.0,6.45,No,0,3.21,9.53,61.77,1,10.31
STU00165,Female,MECH,5.5,93.9,81.31,1,3,2,0,71.05,9.23,10.0,5.79,5.07,8.21,2.88,No,1,8.43,6.56,45.73,0,0.0
STU00166,Female,CSE,7.1,81.38,73.0,1,1,2,4,53.1,2.28,1.46,4.62,5.12,5.03,7.11,Yes,2,9.09,3.21,28.82,0,0.0
STU00167,Male,CSE,7.76,92.51,94.88,1,2,0,0,71.11,4.69,7.29,8.22,7.28,7.76,7.43,Yes,0,4.48,6.98,60.21,1,9.16
STU00168,Male,CSE,6.72,70.44,76.9,3,4,2,2,61.17,4.5,5.82,6.94,5.9,7.48,6.23,Yes,1,4.04,10.0,61.54,0,0.0
STU00169,Male,ECE,6.46,73.97,96.91,1,0,2,3,47.02,3.67,3.03,5.17,5.52,6.44,5.92,No,1,5.95,8.18,25.52,0,0.0
STU00170,Male,ECE,8.41,78.52,81.34,1,1,2,1,87.21,7.0,5.14,6.42,5.74,6.02,2.32,Yes,0,5.12,3.76,50.25,0,0.0
STU00171,Male,ECE,8.4,74.24,75.21,0,0,2,1,40.91,6.28,7.51,6.5,5.18,4.59,5.29,No,3,4.68,4.5,37.53,0,0.0
STU00172,Male,ECE,7.11,81.19,76.44,0,2,2,0,41.96,9.19,6.02,5.65,5.91,6.62,2.98,Yes,0,7.54,6.43,51.55,0,0.0
STU00173,Female,IT,7.0,74.43,87.99,4,2,4,2,50.71,5.1,3.45,6.75,6.33,6.6,3.83,Yes,2,8.58,0.98,56.43,0,0.0
STU00174,Female,CSE,7.72,75.5,63.23,1,2,2,4,69.17,4.51,3.31,5.72,6.95,2.93,0.0,Yes,1,4.56,2.29,39.25,0,0.0
STU00175,Male,ECE,7.95,69.88,74.46,2,3,1,1,59.11,8.48,8.85,7.37,7.86,3.05,4.92,Yes,1,6.12,10.0,51.02,1,7.57
STU00176,Female,CSE,6.22,77.38,84.38,1,3,4,0,100.0,7.69,7.91,8.33,7.48,8.93,4.03,No,1,4.47,3.18,67.63,1,9.84
STU00177,Female,ECE,9.31,65.77,75.78,0,2,1,2,38.72,7.92,8.65,10.0,6.82,8.27,7.52,No,4,3.75,7.32,44.79,0,0.0
STU00178,Male,CSE,6.95,78.0,87.66,2,2,3,1,47.48,2.95,3.62,6.52,7.06,3.96,6.67,No,1,7.4,5.88,45.91,0,0.0
STU00179,Male,ECE,5.02,78.47,95.88,2,2,1,0,44.94,7.07,6.31,5.8,6.49,6.43,5.59,No,0,5.28,6.05,44.42,0,0.0
STU00180,Male,CSE,7.0,87.9,68.54,3,2,4,2,51.83,6.76,7.16,6.44,5.31,8.21,9.89,Yes,0,5.52,7.28,59.45,0,0.0
STU00181,Female,CSE,8.51,65.42,83.05,3,2,4,0,72.63,7.85,8.9,4.26,5.78,5.36,5.16,Yes,2,7.65,4.81,72.12,1,10.46
STU00182,Male,ECE,7.3,96.07,65.54,2,4,3,0,100.0,6.85,7.98,4.54,6.39,6.3,6.34,Yes,1,5.63,5.43,60.96,1,8.96
STU00183,Male,CIVIL,6.62,91.52,79.66,1,2,1,0,62.71,7.82,7.63,10.0,9.85,5.1,4.77,No,1,2.55,0.89,41.35,0,0.0
STU00184,Male,ECE,7.84,61.45,71.86,2,3,1,1,61.95,6.04,5.76,7.25,5.5,4.6,6.05,Yes,0,6.72,5.34,51.32,1,7.02
STU00185,Male,ECE,7.0,92.29,58.78,2,1,0,4,84.55,5.19,4.36,2.85,4.51,9.99,5.61,Yes,4,5.46,3.13,34.66,0,0.0
STU00186,Female,CIVIL,7.52,72.37,59.37,2,2,3,0,52.69,4.09,3.14,6.6,5.24,4.05,1.34,Yes,3,5.47,7.11,38.98,1,6.32
STU00187,Male,CSE,6.05,66.28,80.11,0,3,0,0,52.09,6.33,7.89,7.2,6.27,6.07,4.47,Yes,1,5.2,5.49,48.75,0,0.0
STU00188,Male,IT,6.08,82.88,65.45,0,2,2,2,76.23,8.34,8.54,4.17,4.91,3.87,3.89,Yes,4,5.33,4.69,48.05,0,0.0
STU00189,Male,CSE,6.76,80.69,74.51,2,2,2,0,65.29,8.13,8.7,5.86,5.51,7.78,1.87,Yes,0,7.73,5.87,62.62,1,9.65
STU00190,Male,CSE,8.5,94.74,64.16,2,1,2,2,87.29,5.41,6.37,4.31,6.07,5.81,3.73,Yes,1,4.53,4.39,52.11,0,0.0
STU00191,Male,CIVIL,7.15,81.2,93.19,3,3,2,0,42.25,3.34,2.45,8.23,7.87,6.03,1.63,No,3,5.15,0.76,38.85,1,6.15
STU00192,Female,IT,4.01,93.13,79.38,2,2,1,2,83.49,5.0,5.19,7.17,7.21,6.87,4.27,Yes,1,7.47,3.73,54.04,1,9.86
STU00193,Female,CSE,5.65,63.85,77.4,0,4,2,0,60.43,6.99,8.13,6.1,7.53,5.99,4.24,Yes,0,2.6,7.21,59.78,1,9.86
STU00194,Female,ECE,6.41,59.4,84.51,2,0,4,0,80.14,5.01,3.04,8.76,8.31,5.31,6.88,Yes,2,4.84,4.24,55.43,1,8.3
STU00195,Female,ECE,6.28,72.19,68.27,0,2,2,2,48.83,9.4,9.46,7.51,6.27,6.3,5.68,No,2,2.1,4.09,36.67,0,0.0
STU00196,Female,CIVIL,7.28,79.24,60.98,2,3,2,0,68.83,2.3,2.72,3.8,4.97,4.35,6.12,Yes,1,4.13,9.44,41.62,0,0.0
STU00197,Female,CIVIL,5.33,57.35,75.31,2,0,2,0,91.58,6.65,5.61,6.15,6.09,6.54,1.99,Yes,1,6.57,3.88,44.56,0,0.0
STU00198,Female,ECE,7.33,71.26,87.95,0,2,0,0,58.17,9.03,10.0,4.1,4.15,4.89,3.2,Yes,2,6.0,7.34,44.57,0,0.0
STU00199,Male,IT,8.29,69.91,85.52,1,5,0,0,65.69,7.38,5.44,6.71,7.1,4.59,6.54,Yes,0,10.0,4.76,65.83,1,10.27
STU00200,Male,CIVIL,6.61,80.21,63.89,2,2,4,1,66.51,7.46,6.98,4.9,6.06,7.98,2.99,No,1,4.46,6.3,36.73,0,0.0
STU00201,Male,IT,6.77,74.94,81.97,1,3,0,0,49.43,8.36,8.09,7.66,6.89,8.01,4.15,Yes,4,3.52,8.27,59.26,1,9.67
STU00202,Female,EEE,7.91,86.11,73.22,0,2,5,1,50.75,8.18,7.59,7.99,6.85,4.01,2.59,No,1,3.55,9.87,41.25,0,0.0
STU00203,Male,CSE,8.02,73.45,63.56,1,0,2,2,67.54,4.03,2.97,9.26,7.04,9.14,4.47,No,2,5.5,4.75,42.45,1,8.06
STU00204,Female,MECH,4.22,91.38,79.06,3,3,2,0,48.22,5.94,3.3,8.44,7.02,6.2,5.49,Yes,4,7.77,0.72,45.62,0,0.0
STU00205,Male,MECH,6.87,75.54,85.85,1,1,0,0,49.18,5.68,6.27,6.18,6.34,9.49,4.25,No,0,6.0,3.83,33.25,0,0.0
STU00206,Female,CSE,6.56,77.02,62.81,1,2,0,2,59.12,7.69,5.64,10.0,8.71,4.94,4.33,No,4,6.82,5.03,49.59,0,0.0
STU00207,Female,CSE,7.47,67.1,64.16,1,6,0,1,44.54,6.89,3.46,4.74,4.47,4.94,3.82,No,4,6.94,0.72,49.12,0,0.0
STU00208,Male,CSE,7.81,88.92,84.94,4,2,2,0,40.83,5.4,8.41,6.13,6.26,2.15,5.33,No,2,8.98,7.96,59.79,1,8.64
STU00209,Female,IT,5.9,92.53,74.14,1,2,3,0,62.45,3.22,3.42,9.93,8.36,5.37,7.37,Yes,1,5.88,5.54,58.26,0,0.0
STU00210,Male,IT,4.71,68.98,70.81,4,6,1,0,71.83,2.6,1.89,9.52,7.98,7.57,3.02,Yes,0,2.67,2.19,61.63,1,8.55
STU00211,Male,CSE,7.13,81.64,98.03,4,2,3,1,34.79,4.6,4.84,5.42,5.86,8.82,6.33,Yes,3,2.83,4.52,61.11,1,8.78
STU00212,Male,CSE,6.38,71.2,93.15,0,2,1,4,49.07,3.95,2.88,8.81,7.43,5.72,5.23,Yes,2,4.79,4.61,24.04,0,0.0
STU00213,Male,EEE,6.19,72.04,84.91,1,4,3,4,74.26,3.92,4.83,6.54,6.65,4.08,1.35,Yes,1,6.41,7.16,32.82,0,0.0
STU00214,Male,ECE,5.04,77.17,75.19,1,2,2,0,37.81,4.91,5.3,7.3,7.12,4.6,5.63,No,3,8.85,7.26,47.09,0,0.0
STU00215,Male,ECE,4.46,60.58,68.99,1,1,3,2,19.31,9.68,10.0,4.88,5.57,5.89,3.53,Yes,0,5.86,3.6,36.29,0,0.0
STU00216,Female,IT,8.43,81.7,68.14,2,2,2,0,68.09,6.58,6.38,7.5,7.16,8.43,7.91,Yes,2,4.53,4.84,71.15,1,10.33
STU00217,Male,IT,6.04,53.02,77.21,1,3,0,4,72.96,5.37,2.71,8.53,6.4,8.26,7.08,Yes,1,6.13,3.06,38.08,0,0.0
STU00218,Male,MECH,6.67,69.97,74.15,2,4,1,0,67.6,3.16,2.9,8.2,7.58,1.05,5.44,No,0,4.93,3.87,40.87,0,0.0
STU00219,Female,ECE,8.59,80.89,62.27,1,2,0,1,38.0,8.14,10.0,7.63,7.75,4.22,2.46,Yes,0,7.03,5.96,50.36,0,0.0
STU00220,Female,CSE,7.63,96.67,88.68,2,4,4,0,73.48,6.81,7.89,3.87,5.1,5.32,5.17,Yes,2,4.67,3.77,69.45,1,10.7
STU00221,Female,ECE,6.56,81.95,64.47,0,1,3,1,47.51,7.94,5.33,4.17,4.32,2.52,1.52,No,0,6.24,6.59,37.03,0,0.0
STU00222,Male,CIVIL,7.37,81.8,64.79,1,1,0,0,51.37,8.45,8.02,4.26,5.56,8.46,2.23,Yes,2,7.36,8.37,43.02,0,0.0
STU00223,Female,MECH,7.08,83.01,65.34,2,6,5,1,75.36,4.85,5.11,5.68,5.67,7.19,2.71,Yes,1,9.0,5.85,50.45,0,0.0
STU00224,Male,CSE,7.46,85.21,64.45,2,0,1,1,77.71,6.5,6.14,7.39,5.72,9.08,1.46,Yes,0,5.06,6.0,54.56,1,8.6
STU00225,Female,CIVIL,8.8,78.14,68.44,0,4,1,0,56.61,3.88,6.07,5.24,6.28,5.96,2.83,No,1,5.16,7.74,41.53,0,0.0
STU00226,Female,IT,8.21,76.03,68.28,1,6,2,2,86.75,5.43,6.54,6.59,7.68,2.25,2.44,Yes,0,8.8,3.31,57.23,0,0.0
STU00227,Male,IT,8.79,72.88,75.61,1,3,0,0,56.43,5.18,7.25,4.69,5.96,6.28,7.78,Yes,0,7.47,5.98,52.09,1,8.56
STU00228,Male,ECE,5.61,77.41,58.89,4,3,2,1,85.67,9.15,8.68,5.8,8.01,5.15,1.98,Yes,3,6.16,4.69,68.85,1,9.53
STU00229,Male,CSE,7.47,69.98,91.3,0,1,1,3,56.9,4.84,6.84,4.74,5.4,6.94,1.41,Yes,4,6.36,2.57,38.46,0,0.0
STU00230,Female,ECE,6.14,66.26,66.32,4,2,3,1,49.86,4.66,3.88,3.47,3.72,2.76,4.35,Yes,2,5.99,3.89,46.14,0,0.0
STU00231,Male,IT,7.93,83.78,81.35,1,4,2,2,59.68,4.9,5.62,6.9,6.73,5.68,4.92,Yes,0,9.8,7.72,55.32,0,0.0
STU00232,Male,MECH,7.32,57.67,98.24,1,0,3,0,60.41,8.86,9.35,4.56,5.39,5.24,2.62,No,1,6.14,5.44,40.34,0,0.0
STU00233,Female,EEE,7.2,82.15,92.65,0,3,2,0,56.87,7.99,7.68,5.8,5.57,4.32,5.65,No,1,4.3,6.66,40.98,0,0.0
STU00234,Male,MECH,7.94,80.61,86.26,0,2,0,1,54.72,6.48,8.11,6.25,6.14,7.12,5.11,Yes,3,6.64,0.0,33.57,0,0.0
STU00235,Female,MECH,5.34,68.22,100.0,0,4,2,0,56.5,5.52,5.04,6.01,6.21,5.17,2.22,Yes,0,6.38,0.52,31.67,0,0.0
STU00236,Male,CIVIL,8.01,69.4,66.08,1,4,1,1,60.98,5.39,4.58,8.16,5.97,6.16,4.22,No,1,6.25,2.84,42.17,0,0.0
STU00237,Male,CSE,6.27,77.86,74.31,3,3,1,1,66.34,7.56,6.14,7.2,7.1,1.3,5.2,Yes,0,7.93,3.5,60.67,1,9.71
STU00238,Male,CSE,7.41,83.89,73.28,1,1,4,2,87.26,6.09,4.55,10.0,7.81,5.74,6.36,Yes,0,4.28,5.96,56.51,1,9.45
STU00239,Male,CSE,7.12,61.15,77.1,0,1,0,1,61.35,10.0,10.0,4.08,5.23,4.16,2.77,No,0,4.27,7.23,50.57,1,9.58
STU00240,Female,CIVIL,6.69,71.74,70.33,0,4,1,3,71.0,4.75,5.06,4.48,3.89,5.49,3.55,Yes,1,7.68,3.48,23.44,0,0.0
STU00241,Male,IT,7.62,84.45,85.21,0,2,0,1,52.67,8.39,9.38,6.47,5.22,5.97,7.34,No,2,4.82,8.83,49.16,1,7.94
STU00242,Female,EEE,7.6,77.25,65.57,0,2,0,0,100.0,7.61,8.77,7.0,6.21,4.89,4.6,No,3,5.84,5.9,48.28,0,0.0
STU00243,Female,IT,7.85,75.94,75.91,1,3,1,0,48.89,5.31,5.83,6.61,7.31,7.24,7.13,Yes,1,5.15,7.44,57.09,1,9.64
STU00244,Female,IT,8.08,74.08,71.41,0,4,1,2,76.96,4.69,1.3,5.26,6.68,0.94,2.91,Yes,1,4.58,7.62,51.14,0,0.0
STU00245,Female,CSE,7.52,83.65,92.99,2,0,2,0,24.21,7.23,7.09,7.16,6.06,5.39,6.57,Yes,2,10.0,4.03,55.08,1,8.57
STU00246,Female,ECE,6.29,74.89,88.51,0,2,5,1,52.0,6.04,6.98,6.42,6.24,6.59,6.47,No,0,5.39,1.33,41.08,0,0.0
STU00247,Female,IT,6.06,73.6,89.17,2,2,5,3,62.26,7.32,7.96,7.42,8.62,10.0,3.49,No,2,6.4,1.11,51.22,1,8.32
STU00248,Female,ECE,7.18,59.98,67.69,3,4,4,0,27.69,5.41,6.3,6.42,4.62,7.57,4.14,Yes,0,2.08,2.13,60.07,1,8.54
STU00249,Male,CIVIL,5.9,75.8,81.7,2,6,4,0,34.0,6.6,8.38,4.51,5.36,5.69,2.65,Yes,0,7.22,10.0,46.99,0,0.0
STU00250,Female,ECE,7.76,84.27,71.95,0,3,1,0,39.03,4.51,4.88,6.42,6.86,4.18,5.13,Yes,4,4.29,6.62,48.18,1,7.49
STU00251,Female,EEE,7.29,67.7,75.51,1,1,2,0,61.28,3.47,3.31,7.08,7.88,4.2,1.52,Yes,0,6.97,4.41,42.21,0,0.0
STU00252,Male,EEE,7.14,69.7,81.47,3,5,3,0,74.0,6.94,7.45,6.27,7.28,6.78,4.01,No,4,4.7,3.72,63.81,1,8.37
STU00253,Female,CSE,8.34,73.93,84.99,3,0,0,0,64.22,7.34,7.73,10.0,7.32,6.64,3.84,No,0,3.94,4.98,65.79,1,11.87
STU00254,Male,IT,10.0,84.5,65.3,0,4,5,0,87.27,4.21,3.55,4.25,5.33,8.51,2.8,No,1,8.3,0.41,62.0,1,9.92
STU00255,Male,IT,6.79,80.14,64.9,1,0,0,2,93.16,2.68,2.16,7.95,6.71,3.64,7.04,Yes,0,5.77,6.77,48.0,0,0.0
STU00256,Male,EEE,8.11,85.24,75.67,1,5,3,0,46.8,7.16,7.19,2.24,3.66,6.24,4.11,Yes,3,0.92,6.02,50.44,0,0.0
STU00257,Female,ECE,6.04,75.43,78.39,2,2,4,1,99.23,5.82,4.81,7.48,7.26,7.64,4.97,Yes,1,6.97,5.97,52.88,0,0.0
STU00258,Male,IT,6.61,69.84,70.59,0,3,1,0,70.3,6.52,5.6,8.19,6.57,6.52,4.2,No,0,3.94,5.83,56.08,1,10.02
STU00259,Male,ECE,10.0,73.9,83.62,2,0,1,0,48.03,6.14,5.37,7.32,7.48,6.82,8.56,No,1,6.25,3.61,55.07,0,0.0
STU00260,Male,EEE,6.78,59.32,97.15,3,1,1,1,72.12,6.51,6.82,4.8,5.27,2.2,4.24,Yes,2,8.93,1.7,45.92,0,0.0
STU00261,Female,CIVIL,6.48,62.9,72.57,3,2,0,1,81.52,6.38,6.62,6.18,5.68,5.98,6.05,Yes,0,2.36,5.59,47.02,1,6.63
STU00262,Male,CSE,6.13,87.12,67.64,3,6,1,2,48.59,5.41,5.81,7.76,6.68,2.85,7.2,Yes,4,3.88,4.64,56.75,1,8.11
STU00263,Female,EEE,7.24,79.68,87.78,2,2,1,0,29.47,5.51,5.45,6.39,6.25,3.46,4.58,Yes,2,2.8,3.88,50.52,0,0.0
STU00264,Female,IT,7.08,92.42,71.02,3,5,3,0,52.92,6.8,6.83,5.31,6.09,6.95,2.64,Yes,4,5.54,2.97,70.16,1,9.9
STU00265,Female,CSE,5.74,56.22,67.31,0,5,4,2,64.91,3.46,4.42,6.61,6.89,1.34,5.69,Yes,0,6.46,5.21,44.75,0,0.0
STU00266,Female,IT,7.21,64.66,71.88,0,4,1,1,50.58,4.12,4.94,6.11,5.27,4.63,0.0,No,4,6.9,4.61,34.23,0,0.0
STU00267,Male,EEE,6.35,60.26,67.45,0,3,1,0,50.89,7.24,6.5,6.1,7.0,6.25,4.87,Yes,0,3.97,3.76,46.63,0,0.0
STU00268,Female,IT,6.96,97.99,87.54,0,2,2,1,36.61,7.95,7.77,4.74,3.78,4.91,4.97,Yes,3,8.36,5.9,49.24,0,0.0
STU00269,Female,ECE,6.79,73.0,73.13,1,0,3,0,91.46,9.53,10.0,6.34,6.2,0.25,6.64,No,2,4.22,4.12,53.64,1,8.44
STU00270,Male,IT,6.51,79.45,88.29,1,4,3,2,21.58,7.32,7.4,6.7,6.58,4.11,1.13,Yes,0,4.08,3.2,55.89,0,0.0
STU00271,Female,IT,8.14,83.05,81.89,1,2,2,0,48.57,4.81,5.71,5.16,4.89,4.15,7.46,Yes,0,5.52,7.97,51.37,0,0.0
STU00272,Female,EEE,7.71,91.01,68.65,4,2,0,1,61.85,7.17,5.21,3.93,6.67,4.38,6.6,Yes,1,7.53,6.49,53.36,0,0.0
STU00273,Male,CIVIL,5.9,77.36,59.04,3,3,4,0,43.18,5.95,5.2,7.47,6.76,7.02,7.39,Yes,2,6.74,4.99,46.36,0,0.0
STU00274,Male,CSE,9.37,67.16,75.08,0,3,2,1,47.55,4.49,5.95,5.55,6.98,10.0,4.49,Yes,2,2.76,7.18,53.82,0,0.0
STU00275,Female,IT,7.75,82.09,71.96,0,1,5,1,58.61,5.81,5.56,7.85,7.26,5.99,2.2,Yes,3,4.82,6.52,57.58,0,0.0
STU00276,Male,CSE,6.95,87.7,66.46,0,2,5,0,61.41,9.59,9.04,6.11,5.06,6.85,5.88,No,2,6.13,3.92,60.82,1,9.61
STU00277,Male,EEE,9.49,67.92,71.26,4,5,1,2,66.17,0.9,2.53,7.49,5.35,4.16,8.45,No,2,5.18,5.19,44.17,0,0.0
STU00278,Male,CSE,8.44,75.25,84.61,2,1,2,4,49.31,7.19,5.28,6.21,7.22,4.52,3.4,No,1,6.81,5.09,33.58,0,0.0
STU00279,Male,ECE,5.75,78.2,76.98,0,4,5,3,86.21,4.29,3.88,4.49,5.28,4.26,1.71,Yes,2,3.22,4.61,36.52,0,0.0
STU00280,Male,ECE,5.28,80.85,76.54,3,6,1,0,73.33,5.43,5.24,6.16,5.61,5.34,0.56,Yes,2,6.49,5.86,61.35,1,8.57
STU00281,Male,CSE,6.06,86.57,79.38,0,4,4,3,70.11,5.53,6.2,2.96,4.13,9.29,3.31,No,0,4.41,3.97,36.89,0,0.0
STU00282,Male,IT,7.31,81.33,74.38,3,2,0,1,55.11,8.33,10.0,4.08,5.46,10.0,5.62,Yes,4,6.38,6.74,57.44,0,0.0
STU00283,Male,CSE,7.17,91.91,60.08,0,2,1,2,52.66,7.54,7.57,7.08,5.75,2.41,5.24,Yes,4,4.93,5.47,40.2,0,0.0
STU00284,Male,EEE,6.57,71.83,66.37,1,1,4,3,72.82,2.07,2.4,7.64,5.8,6.99,5.11,Yes,2,10.0,0.0,29.77,0,0.0
STU00285,Female,EEE,5.33,75.15,73.83,1,3,0,1,67.31,5.57,5.08,9.29,8.59,5.8,0.0,Yes,1,4.85,7.54,46.66,0,0.0
STU00286,Male,ECE,7.26,69.79,92.14,0,2,0,4,31.3,9.3,10.0,5.1,5.32,9.59,2.92,Yes,3,2.32,5.67,31.36,0,0.0
STU00287,Female,CSE,7.93,58.95,90.89,1,1,2,4,68.45,3.85,2.05,2.59,4.87,4.3,10.0,Yes,0,3.71,5.56,31.14,0,0.0
STU00288,Male,ECE,6.21,53.38,66.32,1,3,2,0,57.3,3.52,3.31,5.93,6.14,3.85,2.96,Yes,2,3.05,7.82,47.1,0,0.0
STU00289,Male,ECE,9.14,53.96,90.32,0,3,4,4,35.38,9.01,8.13,4.78,3.58,4.73,4.5,Yes,1,6.79,6.04,41.47,0,0.0
STU00290,Female,IT,4.45,81.13,98.01,0,5,1,0,61.36,5.67,4.35,1.84,3.84,3.77,8.9,No,1,5.29,5.22,37.27,0,0.0
STU00291,Male,MECH,6.06,84.46,62.91,1,5,0,0,73.59,6.15,4.04,4.74,5.91,5.87,7.6,Yes,0,6.23,5.24,35.49,0,0.0
STU00292,Male,EEE,8.69,95.92,97.97,0,1,0,0,74.74,8.23,8.23,7.85,7.47,3.08,1.22,Yes,0,5.74,3.51,51.1,1,7.28
STU00293,Male,CIVIL,6.71,98.54,66.06,0,3,2,2,99.9,7.53,9.0,6.77,5.91,7.65,5.0,No,0,6.73,0.05,38.13,0,0.0
STU00294,Female,CSE,6.5,82.53,77.56,2,4,1,0,63.7,4.13,3.14,9.2,7.73,9.34,6.1,No,0,6.86,7.16,55.53,1,9.72
STU00295,Female,IT,7.39,82.68,62.13,1,1,1,0,58.15,7.51,7.12,3.5,5.66,3.66,4.87,No,1,6.3,6.1,47.37,0,0.0
STU00296,Female,ECE,8.2,76.66,74.17,1,2,5,1,91.86,5.8,5.45,5.26,5.75,5.4,4.09,Yes,1,4.2,3.82,54.03,0,0.0
STU00297,Female,IT,9.36,86.2,83.99,2,3,2,1,63.97,5.25,5.25,8.81,6.33,3.61,8.03,No,1,7.34,5.78,66.0,0,0.0
STU00298,Male,ECE,8.89,82.81,100.0,1,1,3,1,72.86,3.97,2.66,5.62,6.24,6.96,5.31,No,1,3.57,8.0,46.17,0,0.0
STU00299,Male,CSE,8.61,93.49,78.52,1,5,0,0,56.41,3.21,3.53,6.13,6.66,5.71,4.64,No,1,3.93,2.37,55.28,1,9.6
STU00300,Female,CSE,7.45,79.8,66.96,0,4,1,0,40.88,6.64,5.6,8.01,6.24,6.5,3.32,Yes,0,6.19,3.05,59.19,0,0.0
STU00301,Male,MECH,6.36,80.1,91.83,2,3,1,0,47.99,6.54,5.89,9.38,7.72,3.74,2.48,Yes,0,7.46,3.69,46.72,0,0.0
STU00302,Female,CSE,8.25,56.61,73.39,3,0,2,0,55.47,3.42,4.97,7.67,6.44,4.15,3.42,Yes,2,4.88,3.99,62.48,1,9.73
STU00303,Male,CSE,6.19,79.43,84.59,1,2,1,1,82.45,5.72,5.53,6.95,5.77,5.79,4.16,Yes,3,3.12,4.64,48.71,0,0.0
STU00304,Male,ECE,7.41,88.53,67.0,1,4,2,2,60.17,4.13,4.11,7.87,7.47,5.41,0.84,Yes,1,4.58,4.13,39.19,1,7.14
STU00305,Male,CSE,9.72,96.67,62.22,2,0,0,0,90.48,7.77,7.92,5.39,4.65,3.53,1.39,Yes,1,5.02,8.15,69.99,1,10.48
STU00306,Male,IT,7.41,87.65,67.03,2,0,5,0,46.24,5.18,6.72,7.97,6.97,7.74,0.0,Yes,0,6.92,2.43,65.58,1,9.46
STU00307,Male,CSE,6.53,82.98,80.91,1,2,1,0,73.56,10.0,10.0,5.54,4.01,8.56,2.04,No,0,3.69,4.24,65.78,0,0.0
STU00308,Female,CSE,8.05,79.51,67.96,0,5,2,1,56.98,6.48,5.55,5.54,7.69,3.81,4.83,No,4,4.68,2.61,55.31,0,0.0
STU00309,Male,ECE,7.32,79.86,85.12,0,1,3,0,80.34,8.61,8.23,5.79,7.07,6.61,5.96,No,0,3.83,2.39,50.43,0,0.0
STU00310,Female,IT,6.56,81.07,68.94,2,1,4,1,85.43,4.76,5.79,4.36,6.84,3.77,6.52,No,1,3.54,3.12,61.38,0,0.0
STU00311,Female,IT,6.77,91.06,69.59,2,1,2,2,36.57,8.37,6.74,5.45,5.49,5.25,5.19,Yes,3,5.75,4.9,45.43,0,0.0
STU00312,Female,CSE,7.07,87.73,81.86,1,2,1,0,99.63,7.48,7.46,5.62,5.33,1.18,1.19,Yes,2,8.92,7.09,64.3,1,10.82
STU00313,Male,IT,9.17,69.79,70.31,0,1,3,1,58.91,7.98,8.41,6.31,6.88,5.66,9.53,No,4,2.91,3.82,53.43,1,8.25
STU00314,Female,IT,7.68,77.98,92.25,1,6,2,0,79.51,4.34,3.53,5.31,4.19,6.07,3.07,No,0,6.03,6.7,55.32,0,0.0
STU00315,Male,CIVIL,6.72,79.82,79.83,1,2,0,1,60.23,3.69,5.46,7.04,6.33,3.0,3.19,Yes,3,4.51,6.17,29.48,0,0.0
STU00316,Female,EEE,8.85,75.84,63.82,1,2,1,0,50.68,9.29,9.91,5.35,5.62,8.61,7.1,Yes,0,2.99,3.99,51.5,1,6.28
STU00317,Male,MECH,7.57,67.02,68.19,1,2,3,0,49.43,6.22,5.77,4.04,4.89,6.82,2.34,Yes,0,6.96,3.05,40.63,0,0.0
STU00318,Male,EEE,4.92,87.93,100.0,1,2,3,2,67.37,5.49,6.39,2.69,4.95,6.02,2.81,Yes,0,8.03,4.48,31.33,0,0.0
STU00319,Female,EEE,7.41,67.74,79.2,2,4,0,0,84.09,3.82,4.35,3.87,5.79,4.93,7.79,Yes,0,6.38,2.19,54.87,1,7.32
STU00320,Male,CSE,8.62,83.9,100.0,2,3,1,0,78.12,2.87,2.63,8.18,7.49,5.52,4.01,Yes,2,5.86,5.85,67.05,1,9.82
STU00321,Male,EEE,8.1,72.83,63.74,1,3,2,0,63.48,5.34,3.44,4.81,5.72,6.78,4.96,Yes,2,7.58,4.35,42.84,0,0.0
STU00322,Male,MECH,9.03,75.59,88.4,1,4,2,3,70.64,0.62,0.0,7.19,7.01,2.65,5.48,Yes,4,6.81,6.36,29.52,0,0.0
STU00323,Male,MECH,6.64,79.59,87.72,0,2,1,0,56.82,6.44,6.12,3.58,6.06,5.73,8.15,No,0,5.03,4.5,30.83,0,0.0
STU00324,Female,EEE,5.94,74.12,79.42,1,3,0,1,35.86,5.19,5.98,6.96,6.47,7.63,1.26,Yes,2,7.15,6.58,39.93,0,0.0
STU00325,Female,MECH,9.01,85.67,74.98,1,3,2,0,19.19,6.35,6.79,6.13,5.54,0.99,5.82,No,0,8.12,1.39,42.59,0,0.0
STU00326,Male,CSE,6.42,74.48,71.96,1,0,4,3,55.9,5.43,3.52,6.26,6.04,2.02,3.7,Yes,2,3.26,4.25,40.78,0,0.0
STU00327,Female,CSE,9.19,70.51,78.72,2,2,5,0,39.15,8.77,8.63,6.71,7.02,4.11,6.9,Yes,0,0.63,3.34,68.74,1,10.45
STU00328,Male,EEE,7.1,91.15,89.13,4,0,1,3,64.84,6.56,6.23,6.5,4.99,5.68,6.05,Yes,1,4.62,2.12,38.62,0,0.0
STU00329,Male,IT,7.72,70.97,72.38,0,3,3,1,70.4,3.97,2.98,8.22,6.99,0.62,1.92,Yes,1,4.76,5.07,55.44,0,0.0
STU00330,Female,ECE,6.88,78.41,71.23,2,3,1,0,60.64,7.8,8.07,7.87,7.76,6.8,2.66,Yes,3,8.49,1.82,54.02,0,0.0
STU00331,Male,MECH,6.05,95.84,93.5,0,3,3,2,46.09,7.46,7.86,10.0,7.18,1.74,4.14,Yes,1,3.7,2.88,32.45,0,0.0
STU00332,Male,CSE,7.77,82.13,78.16,0,3,2,2,63.43,8.88,9.97,6.96,6.48,5.47,5.53,Yes,1,6.23,5.67,48.92,0,0.0
STU00333,Female,IT,7.16,78.34,50.61,2,2,2,2,40.97,7.48,7.29,8.24,7.13,5.63,4.42,Yes,3,7.26,2.4,50.36,0,0.0
STU00334,Male,IT,7.96,83.38,81.08,1,3,2,2,32.48,5.01,5.33,3.3,2.99,1.63,5.57,Yes,0,4.63,1.72,40.43,0,0.0
STU00335,Male,IT,5.63,79.79,53.39,0,3,2,1,35.34,4.44,5.11,7.47,6.26,2.21,4.97,Yes,1,6.3,3.27,37.87,0,0.0
STU00336,Male,EEE,7.32,61.72,86.66,1,2,0,0,56.6,3.66,2.16,7.62,6.82,4.82,5.98,No,1,5.68,6.7,39.04,0,0.0
STU00337,Male,IT,7.24,60.74,75.25,0,4,3,0,92.48,4.51,6.73,9.49,7.95,5.47,7.27,Yes,2,4.55,1.96,66.41,1,10.58
STU00338,Male,CSE,6.28,72.45,65.53,1,2,5,0,77.22,9.05,10.0,3.48,3.21,5.55,3.52,Yes,0,5.92,3.07,62.58,1,9.37
STU00339,Female,CIVIL,6.41,66.74,74.55,0,4,2,2,35.46,6.76,6.2,5.58,6.02,2.94,4.21,Yes,0,1.7,8.08,27.16,0,0.0
STU00340,Male,MECH,8.48,85.97,95.96,1,3,3,0,74.86,6.55,5.95,9.11,6.73,4.9,2.62,Yes,2,5.54,4.69,45.65,1,7.64
STU00341,Female,IT,7.73,73.7,60.69,3,2,2,1,29.7,7.95,5.74,7.73,6.57,7.05,2.07,Yes,0,7.61,2.7,54.51,1,9.52
STU00342,Male,CSE,7.22,85.7,76.7,0,3,4,0,66.14,6.22,5.32,9.5,7.37,5.43,4.59,Yes,0,9.02,5.27,60.09,1,10.42
STU00343,Female,MECH,7.23,93.6,53.53,2,2,4,0,57.02,4.79,3.29,5.26,4.51,10.0,4.95,No,2,5.4,7.18,46.75,0,0.0
STU00344,Male,CSE,6.89,77.96,70.43,1,0,5,0,46.89,6.09,6.19,7.21,7.74,8.71,7.95,No,1,6.29,5.75,61.86,0,0.0
STU00345,Male,IT,4.2,72.43,75.36,1,4,0,1,41.18,6.58,4.94,5.3,6.05,3.34,8.53,Yes,3,7.7,1.39,40.75,0,0.0
STU00346,Female,IT,6.98,82.36,78.88,3,2,2,0,70.21,2.56,3.49,8.1,5.96,6.22,7.33,No,0,0.49,7.53,58.41,0,0.0
STU00347,Female,ECE,6.92,70.89,76.29,0,3,1,0,90.9,2.25,3.7,4.61,4.21,8.1,6.61,No,1,7.76,6.29,41.14,0,0.0
STU00348,Male,ECE,6.54,66.92,54.38,1,1,5,0,58.12,9.18,9.42,9.6,7.01,2.68,2.74,No,1,2.51,6.43,53.06,0,0.0
STU00349,Male,CSE,6.95,79.03,71.72,0,5,2,0,19.39,6.64,5.46,6.48,7.29,3.41,7.33,Yes,2,4.72,3.07,56.87,1,9.14
STU00350,Male,CSE,5.38,83.8,76.0,1,4,2,0,75.04,2.81,1.95,5.02,5.84,6.66,5.22,Yes,0,1.04,3.85,52.42,0,0.0
STU00351,Female,MECH,7.85,51.48,90.03,2,4,3,0,48.72,5.31,2.82,8.19,6.47,3.62,4.11,Yes,4,6.49,1.92,46.09,0,0.0
STU00352,Male,EEE,7.07,74.1,82.56,0,5,1,1,50.51,7.91,7.07,6.9,5.85,4.52,3.75,No,4,6.65,10.0,48.63,0,0.0
STU00353,Male,IT,7.37,78.33,74.1,2,5,1,3,79.84,9.2,7.42,6.44,6.27,7.29,3.14,Yes,0,6.01,8.43,56.28,1,9.96
STU00354,Male,ECE,9.11,78.85,55.53,1,2,2,0,42.43,3.98,3.97,4.02,5.0,9.11,7.37,Yes,3,7.77,6.49,48.84,1,7.33
STU00355,Male,MECH,6.17,68.03,82.57,0,0,1,0,54.02,7.26,6.5,6.0,6.01,1.28,1.76,Yes,2,7.4,7.22,36.99,0,0.0
STU00356,Female,IT,9.2,85.54,74.55,0,3,3,2,77.01,6.3,5.91,6.09,6.39,1.09,6.92,Yes,3,9.87,4.63,56.13,0,0.0
STU00357,Female,IT,6.04,77.33,74.09,2,2,0,0,75.86,9.54,9.49,8.32,6.32,7.87,7.3,Yes,3,0.18,3.52,64.68,1,9.43
STU00358,Male,ECE,8.33,70.56,62.38,0,4,0,0,48.16,9.56,9.65,8.15,7.47,5.41,4.79,Yes,0,3.69,2.43,64.22,1,8.95
STU00359,Male,EEE,7.59,59.91,81.99,2,1,4,1,59.88,8.12,8.61,3.86,4.55,10.0,6.59,Yes,1,5.94,5.69,50.42,1,6.5
STU00360,Female,ECE,6.75,71.99,66.82,1,2,1,1,71.25,7.55,5.08,8.67,6.32,3.57,6.5,No,2,3.2,4.34,43.73,0,0.0
STU00361,Female,ECE,5.98,95.28,69.84,1,1,2,4,54.92,2.56,3.13,9.55,8.15,6.84,6.26,No,3,6.21,4.28,21.88,0,0.0
STU00362,Male,CSE,7.78,82.57,77.35,2,3,4,0,58.34,4.88,3.83,10.0,8.43,6.75,6.31,No,2,6.97,2.57,69.46,1,10.31
STU00363,Male,CSE,5.14,89.8,86.57,3,2,2,0,63.75,7.41,6.31,6.17,5.88,4.56,4.98,No,0,2.27,6.24,59.69,1,8.87
STU00364,Male,ECE,5.85,78.3,87.78,0,3,0,1,76.08,6.36,4.3,7.57,6.81,10.0,7.87,Yes,4,4.19,7.17,42.51,0,0.0
STU00365,Male,MECH,8.49,67.37,86.24,0,2,3,0,50.9,3.57,2.85,6.15,5.13,2.97,9.64,Yes,0,3.95,4.03,40.19,0,0.0
STU00366,Female,MECH,8.62,66.89,90.02,4,5,4,0,60.98,5.03,2.43,7.4,6.98,4.71,6.37,Yes,0,6.99,1.52,56.36,1,6.71
STU00367,Male,IT,6.63,99.25,44.49,4,1,2,1,58.77,7.36,7.48,5.07,3.74,5.95,3.29,Yes,0,8.64,10.0,58.66,1,9.2
STU00368,Male,CSE,7.46,95.85,57.15,1,5,3,0,44.82,7.76,7.64,5.88,6.41,4.9,7.51,Yes,2,3.25,5.85,62.63,1,9.06
STU00369,Male,IT,7.87,77.6,83.74,2,4,0,0,86.28,7.33,9.35,6.78,7.92,2.14,2.46,No,3,7.86,4.96,64.94,1,9.92
STU00370,Male,CSE,8.58,68.66,67.03,1,1,0,3,45.88,5.08,5.66,3.25,3.73,5.61,8.23,Yes,2,2.82,3.51,36.49,0,0.0
STU00371,Male,CSE,4.61,89.89,82.34,2,3,1,1,43.29,7.47,7.95,6.49,5.57,6.84,3.34,Yes,2,5.32,1.38,50.33,0,0.0
STU00372,Male,MECH,6.01,74.36,67.95,2,2,0,3,67.71,5.92,5.51,6.18,5.75,1.03,5.03,Yes,1,7.48,6.54,37.91,0,0.0
STU00373,Male,CSE,8.12,69.97,66.95,1,3,5,0,81.83,6.89,4.96,6.87,7.29,3.62,7.12,Yes,2,6.77,2.48,67.51,1,10.64
STU00374,Male,CSE,7.32,79.0,52.26,0,2,3,1,30.22,5.27,4.22,3.63,3.17,2.9,4.47,No,0,7.57,5.51,43.92,0,0.0
STU00375,Male,EEE,8.18,84.42,63.67,0,3,1,1,53.29,6.6,6.25,4.77,4.79,5.03,0.0,Yes,0,6.46,3.15,39.32,0,0.0
STU00376,Male,EEE,8.9,72.39,69.19,0,1,3,0,74.67,7.46,9.39,7.73,5.96,7.45,7.23,Yes,0,6.67,4.55,55.2,1,8.91
STU00377,Male,CSE,7.15,81.33,60.34,3,1,5,3,57.55,6.6,8.16,7.33,6.1,8.09,4.34,No,1,3.28,5.38,54.6,0,0.0
STU00378,Male,ECE,8.93,69.37,75.76,2,1,1,0,74.82,5.38,5.39,6.38,4.8,7.16,5.28,No,1,4.88,4.35,54.69,1,9.05
STU00379,Female,EEE,7.22,81.17,83.91,4,4,2,0,48.95,3.47,1.91,8.43,7.79,3.24,6.34,Yes,2,10.0,1.03,55.02,1,8.65
STU00380,Male,MECH,8.1,68.88,78.77,4,2,3,0,67.34,7.99,7.64,8.25,5.72,10.0,5.13,No,0,7.43,5.5,52.05,0,0.0
STU00381,Male,IT,7.16,78.74,88.13,3,4,3,0,37.87,5.42,5.6,3.08,3.87,4.0,3.25,Yes,1,5.85,5.98,68.02,1,9.14
STU00382,Male,CIVIL,8.26,85.21,78.52,2,1,1,1,79.57,7.68,8.03,5.29,6.39,6.62,2.76,No,3,4.84,7.5,40.09,0,0.0
STU00383,Male,CSE,7.91,75.3,77.39,1,5,0,0,47.16,5.89,5.35,7.32,6.34,9.0,8.22,Yes,0,4.33,4.25,68.78,1,10.21
STU00384,Female,EEE,5.81,87.68,66.07,0,3,1,0,40.71,4.15,6.04,5.03,5.11,8.3,3.26,No,2,6.36,1.68,32.88,0,0.0
STU00385,Male,IT,10.0,72.08,78.6,2,1,0,4,38.24,5.57,7.11,6.1,6.16,6.55,7.58,Yes,3,2.52,5.38,45.85,0,0.0
STU00386,Male,CSE,6.97,91.21,71.35,2,1,4,2,25.83,5.76,6.45,5.24,4.61,3.3,3.87,No,1,7.76,6.58,45.88,0,0.0
STU00387,Male,CIVIL,7.53,74.62,75.02,0,2,0,0,49.6,6.84,8.41,8.19,6.09,8.34,4.3,No,0,6.58,5.72,32.27,0,0.0
STU00388,Male,ECE,8.2,77.1,82.59,1,2,3,0,17.08,3.97,2.95,6.35,5.78,4.29,4.07,No,2,5.54,8.81,43.21,0,0.0
STU00389,Male,CIVIL,8.47,75.3,59.71,0,6,2,1,61.26,9.89,10.0,5.55,5.27,9.1,3.28,Yes,0,6.82,7.37,44.92,0,0.0
STU00390,Female,IT,6.16,86.06,77.02,1,4,1,0,62.81,2.38,2.54,5.31,5.07,3.49,4.96,Yes,0,4.06,5.51,50.58,1,8.58
STU00391,Female,CSE,8.53,77.76,93.03,4,2,2,0,78.34,6.59,5.59,9.01,9.17,5.43,3.89,No,1,7.8,6.31,72.11,1,11.59
STU00392,Female,IT,6.32,68.53,59.14,0,5,4,1,54.06,5.07,7.88,7.48,6.58,5.02,2.78,Yes,1,7.76,0.0,56.21,1,8.57
STU00393,Male,CSE,6.74,93.02,90.52,2,3,1,0,76.14,5.85,8.55,5.86,5.78,2.33,7.08,Yes,3,7.22,6.81,62.48,1,9.4
STU00394,Male,CSE,6.2,73.24,81.75,0,0,2,4,50.72,4.6,4.18,7.67,6.95,6.71,7.8,Yes,1,5.99,3.58,34.94,0,0.0
STU00395,Male,CSE,7.64,57.28,76.69,3,3,3,1,49.45,8.05,7.41,7.52,5.59,6.02,0.63,Yes,4,5.02,6.01,66.79,0,0.0
STU00396,Female,CSE,7.93,76.53,75.35,1,5,0,1,58.86,8.07,9.54,6.14,5.6,1.94,3.09,Yes,1,6.14,4.88,70.19,1,10.29
STU00397,Male,IT,5.27,65.31,65.22,1,1,2,0,59.12,8.05,6.64,6.91,6.44,4.77,6.95,Yes,3,7.08,2.82,53.79,1,9.21
STU00398,Female,IT,7.31,75.86,55.06,0,4,0,1,100.0,5.11,3.33,6.11,4.79,6.35,6.5,No,0,3.92,6.18,46.45,0,0.0
STU00399,Female,IT,8.07,79.82,63.6,0,4,4,0,76.23,5.96,3.84,10.0,9.4,7.09,3.34,No,1,5.3,5.6,60.51,0,0.0
STU00400,Female,MECH,8.48,73.63,88.9,1,2,4,0,32.05,6.18,6.17,3.94,4.95,8.5,5.12,No,2,3.68,6.97,40.26,1,6.47
STU00401,Female,MECH,7.32,87.98,82.08,0,4,2,1,99.39,0.0,1.48,5.28,5.0,4.62,4.02,No,0,6.6,1.41,28.25,0,0.0
STU00402,Male,EEE,7.58,81.0,73.41,2,4,0,0,38.22,6.45,9.05,4.31,6.04,4.01,3.96,No,0,7.15,4.41,48.88,0,0.0
STU00403,Male,ECE,6.93,85.35,75.07,1,2,3,1,28.73,7.65,6.46,8.95,6.7,5.97,4.98,No,4,5.19,8.08,42.83,0,0.0
STU00404,Male,ECE,5.72,82.55,75.27,3,1,1,0,83.06,5.02,8.14,7.68,7.11,6.37,5.89,Yes,0,4.25,4.96,54.88,0,0.0
STU00405,Female,CSE,6.37,85.93,58.76,0,0,1,0,81.04,3.98,4.43,10.0,8.63,3.6,7.5,No,1,6.95,0.0,43.32,0,0.0
STU00406,Male,ECE,8.24,98.0,66.39,1,3,2,1,67.51,9.32,10.0,6.84,4.87,2.18,6.01,Yes,3,8.14,5.3,54.95,0,0.0
STU00407,Male,IT,6.21,100.0,77.66,2,4,4,0,46.68,4.51,3.92,2.78,3.33,9.48,8.61,No,1,5.21,4.44,54.9,1,9.07
STU00408,Female,IT,9.14,90.24,69.75,1,5,4,4,76.6,5.39,6.85,6.18,6.3,8.58,10.0,Yes,0,5.63,5.22,57.16,0,0.0
STU00409,Male,IT,6.66,82.29,83.48,1,3,0,0,51.84,4.93,5.72,6.64,5.26,4.54,6.93,No,3,6.13,8.74,49.91,0,0.0
STU00410,Male,IT,8.06,78.21,69.9,0,3,4,3,42.83,7.79,8.33,3.72,4.96,10.0,7.62,No,0,2.95,1.85,43.85,0,0.0
STU00411,Male,EEE,7.81,87.25,76.86,1,6,1,0,66.21,8.1,8.85,5.91,7.04,0.3,9.51,Yes,0,2.43,4.66,59.88,1,8.88
STU00412,Female,CSE,6.08,71.61,68.21,0,0,3,2,40.37,6.79,6.55,3.11,4.21,9.15,4.12,Yes,2,2.2,6.87,33.46,0,0.0
STU00413,Male,CIVIL,7.37,79.95,74.73,2,2,0,0,71.19,6.34,5.32,7.33,8.43,3.77,5.73,No,0,3.91,3.56,38.73,0,0.0
STU00414,Female,MECH,8.01,61.78,60.26,1,1,2,0,69.85,7.08,5.17,8.4,7.72,4.0,1.61,Yes,0,5.36,3.38,48.42,0,0.0
STU00415,Male,IT,6.85,77.68,96.04,1,3,0,1,38.15,7.03,6.16,8.35,6.4,5.25,3.78,No,0,6.46,7.78,41.57,0,0.0
STU00416,Male,ECE,8.37,72.08,94.48,0,1,0,0,76.03,7.19,8.21,6.21,6.93,7.62,7.53,Yes,3,4.38,4.64,50.06,0,0.0
STU00417,Male,IT,6.84,80.12,86.11,0,6,5,0,53.98,4.41,2.68,7.02,7.61,8.29,6.56,Yes,3,6.65,8.9,58.65,1,9.87
STU00418,Male,IT,7.63,70.66,69.96,3,5,2,0,62.11,5.43,4.38,6.28,4.79,5.67,6.04,No,2,7.6,4.81,70.13,1,10.46
STU00419,Female,CSE,8.22,80.08,49.1,2,4,1,1,62.33,4.7,5.2,6.9,7.42,5.18,5.89,Yes,1,1.44,5.99,61.99,1,9.41
STU00420,Female,CSE,6.68,59.57,64.79,3,2,0,0,63.83,6.61,9.62,5.66,5.94,7.36,3.74,Yes,3,7.79,1.37,64.25,1,9.8
STU00421,Female,ECE,7.87,89.38,59.37,1,2,4,0,93.54,6.39,6.19,6.18,5.31,2.21,6.6,No,1,4.08,6.59,55.01,0,0.0
STU00422,Female,MECH,8.51,65.7,69.03,2,2,0,3,62.89,5.65,4.13,8.05,6.11,2.7,4.12,No,0,5.79,3.34,33.18,0,0.0
STU00423,Female,MECH,8.98,70.3,87.58,1,3,2,0,65.33,6.44,5.09,4.35,5.62,6.74,4.7,Yes,2,4.86,8.79,47.08,0,0.0
STU00424,Female,ECE,7.34,87.7,77.6,1,2,1,0,82.63,8.29,9.56,6.79,7.27,5.37,6.37,No,0,5.13,7.93,64.44,1,7.79
STU00425,Female,CSE,8.11,86.72,78.6,2,2,2,1,71.19,6.36,7.0,6.0,5.97,7.49,10.0,Yes,1,2.98,8.66,60.86,0,0.0
STU00426,Female,CIVIL,7.47,76.58,79.3,2,5,3,0,88.04,3.47,1.42,6.83,5.71,7.9,1.3,No,0,7.23,6.89,46.87,0,0.0
STU00427,Female,CSE,4.89,73.49,73.56,1,3,1,0,65.73,5.57,7.34,3.68,4.24,8.84,5.29,Yes,2,7.09,4.77,52.02,0,0.0
STU00428,Female,IT,7.8,85.71,78.68,1,4,0,2,70.46,2.69,3.03,8.33,8.26,9.59,1.1,No,4,8.43,5.43,51.21,0,0.0
STU00429,Female,IT,6.77,74.57,87.56,1,5,3,0,83.3,3.9,2.46,6.58,6.79,4.84,6.49,Yes,2,4.22,0.14,60.21,0,0.0
STU00430,Male,MECH,5.45,91.19,88.11,1,6,0,1,56.55,3.9,4.87,7.79,6.5,3.85,7.52,Yes,0,5.37,1.63,37.53,0,0.0
STU00431,Male,CIVIL,7.3,81.13,75.72,2,0,3,3,68.85,8.42,8.74,5.1,6.26,2.49,2.62,Yes,2,6.1,4.12,31.49,0,0.0
STU00432,Male,IT,8.86,62.35,79.12,3,4,1,0,66.29,4.18,3.79,7.85,7.94,4.57,1.57,No,1,4.21,4.78,70.68,1,10.25
STU00433,Male,IT,7.53,79.35,70.32,2,3,0,1,32.17,6.08,4.44,8.0,7.06,1.61,4.34,Yes,3,5.0,2.18,54.02,0,0.0
STU00434,Male,IT,6.49,79.76,87.66,2,5,4,0,76.88,5.54,4.4,4.6,6.0,2.1,8.69,No,2,4.68,3.43,62.35,1,9.23
STU00435,Male,CSE,7.38,85.34,58.09,2,4,1,0,57.99,6.51,6.32,6.94,7.88,4.38,1.23,No,2,6.99,2.5,62.51,1,9.63
STU00436,Male,CSE,5.64,82.37,66.74,0,1,2,0,70.89,8.44,5.93,5.09,5.65,6.76,1.78,Yes,4,6.28,3.68,45.43,0,0.0
STU00437,Male,MECH,6.98,79.85,78.66,0,3,1,0,72.08,5.49,6.75,4.22,4.83,7.6,4.34,Yes,4,5.96,4.47,42.69,0,0.0
STU00438,Male,CSE,5.5,79.37,77.53,1,4,1,1,37.96,4.8,4.12,8.93,8.05,4.1,6.78,Yes,2,5.27,1.46,48.87,0,0.0
STU00439,Female,IT,8.96,86.92,73.3,0,4,5,0,29.36,8.1,10.0,5.04,6.16,7.18,7.36,Yes,1,5.22,2.34,63.4,0,0.0
STU00440,Male,ECE,8.28,79.98,100.0,1,1,1,0,58.71,4.43,4.99,5.84,6.99,4.07,9.1,Yes,4,6.0,7.92,47.73,0,0.0
STU00441,Female,CSE,7.19,75.6,80.38,4,3,3,0,40.76,7.39,7.38,6.57,6.52,6.39,0.98,Yes,1,7.8,4.86,68.92,1,10.94
STU00442,Male,MECH,6.9,78.69,76.87,0,2,1,3,61.37,5.35,5.96,6.56,5.72,8.25,2.38,Yes,0,3.64,6.54,32.16,0,0.0
STU00443,Female,ECE,6.56,87.23,69.27,1,2,2,1,55.96,3.92,2.64,3.34,4.58,9.03,4.69,Yes,2,6.04,9.68,45.51,0,0.0
STU00444,Male,IT,7.57,85.44,81.12,3,5,0,0,25.43,5.44,5.31,8.01,7.24,8.62,3.46,No,1,6.28,3.29,63.14,1,10.38
STU00445,Male,CSE,8.89,82.21,95.33,4,1,4,0,71.72,7.91,7.52,6.22,6.84,9.05,6.6,No,0,5.35,8.17,65.84,1,9.27
STU00446,Male,CIVIL,8.12,83.98,85.54,1,5,3,0,90.9,5.5,6.85,7.17,6.28,8.41,4.36,Yes,0,3.8,4.98,49.61,0,0.0
STU00447,Male,CSE,8.23,72.84,79.59,2,5,3,2,56.69,5.17,5.54,7.18,7.71,8.12,3.81,No,2,5.32,7.16,59.73,1,10.0
STU00448,Male,EEE,6.77,74.78,70.41,2,2,4,3,53.35,8.16,7.44,8.19,7.74,5.0,3.38,No,0,4.32,3.47,45.04,0,0.0
STU00449,Male,MECH,5.32,81.92,74.02,1,2,4,3,90.99,7.11,7.53,4.49,4.02,8.88,8.11,Yes,1,8.5,3.91,32.72,0,0.0
STU00450,Male,IT,6.89,73.02,87.24,1,0,0,2,71.67,6.23,7.16,5.46,6.23,6.93,7.13,No,2,2.11,4.05,38.67,0,0.0
STU00451,Male,CSE,8.23,62.7,58.56,0,2,2,0,65.26,5.91,6.69,6.32,6.05,8.09,2.11,Yes,1,3.99,2.21,60.08,0,0.0
STU00452,Male,CSE,7.13,68.21,74.88,1,1,2,3,81.05,6.53,6.95,4.99,4.43,4.59,3.4,No,0,5.2,3.32,41.15,0,0.0
STU00453,Male,IT,5.08,92.94,81.72,0,1,3,0,48.2,5.56,3.24,9.24,7.27,8.79,7.81,No,0,4.33,0.71,43.12,0,0.0
STU00454,Male,CSE,7.64,78.87,63.91,3,4,1,0,86.86,6.06,8.39,6.36,6.31,3.38,4.07,No,0,2.69,4.35,70.14,1,10.59
STU00455,Female,MECH,6.03,83.34,55.55,2,4,2,2,65.96,7.86,10.0,4.58,6.15,5.31,4.71,Yes,1,2.73,3.93,39.04,0,0.0
STU00456,Female,CIVIL,7.57,72.2,69.66,1,3,1,1,50.6,6.91,6.64,4.87,6.98,6.76,6.15,Yes,1,5.4,3.68,40.41,0,0.0
STU00457,Male,ECE,7.95,91.97,79.89,0,1,0,1,67.96,7.35,8.08,5.64,6.08,6.56,2.78,Yes,1,5.8,6.52,46.13,1,7.18
STU00458,Female,ECE,7.01,61.48,63.98,2,4,5,2,96.37,4.13,4.1,8.18,6.64,4.43,4.35,Yes,1,4.7,8.78,50.96,0,0.0
STU00459,Male,CSE,5.82,67.95,67.05,0,6,3,0,68.6,7.85,8.82,6.0,7.21,5.02,4.93,No,2,6.65,3.91,59.52,1,9.94
STU00460,Male,CIVIL,7.17,73.99,83.55,1,0,0,0,42.75,6.96,6.27,4.76,5.24,3.53,4.92,Yes,0,4.59,7.29,35.7,0,0.0
STU00461,Male,CIVIL,5.32,79.08,72.25,2,5,3,3,77.64,6.04,4.87,5.16,4.0,9.96,6.9,Yes,1,4.01,8.55,30.35,0,0.0
STU00462,Male,MECH,7.13,86.43,67.38,0,3,0,0,54.17,3.15,3.9,7.08,6.05,6.33,4.63,Yes,2,5.27,4.52,36.23,0,0.0
STU00463,Female,IT,8.89,81.81,74.55,4,2,4,2,71.66,3.75,5.47,3.04,3.97,5.29,5.91,Yes,1,8.34,0.11,57.72,0,0.0
STU00464,Female,ECE,5.47,80.61,77.06,0,3,1,2,82.73,9.1,8.67,5.84,5.26,4.4,3.32,Yes,2,6.95,6.91,48.23,0,0.0
STU00465,Male,CSE,7.25,96.48,85.9,3,2,1,4,54.73,7.49,4.62,4.47,6.02,4.95,5.46,Yes,2,3.08,9.25,50.23,0,0.0
STU00466,Male,CSE,8.16,63.6,96.98,1,2,1,0,83.22,6.63,7.89,5.41,5.34,6.32,6.26,No,1,4.34,7.22,61.67,1,10.11
STU00467,Male,IT,7.56,72.26,83.61,4,0,2,2,51.76,7.21,8.1,5.13,3.92,6.29,5.16,Yes,4,4.73,9.62,48.14,0,0.0
STU00468,Male,CSE,8.01,90.21,67.21,1,1,4,1,63.65,6.45,6.32,3.98,4.83,5.64,4.02,Yes,0,2.68,7.15,61.06,1,9.05
STU00469,Female,IT,6.83,62.67,77.96,1,3,4,1,24.94,7.44,8.49,5.67,6.84,8.0,5.23,Yes,0,4.69,6.31,54.7,1,8.69
STU00470,Female,EEE,7.04,80.18,100.0,1,3,1,3,31.54,7.43,9.07,5.82,5.51,3.7,2.43,No,0,7.55,0.8,35.19,0,0.0
STU00471,Male,ECE,6.25,98.4,97.05,0,2,0,0,60.25,5.88,4.19,6.07,7.23,4.16,4.47,No,0,5.98,5.15,38.28,0,0.0
STU00472,Female,CIVIL,6.88,75.04,82.79,4,1,0,2,59.09,5.6,5.64,6.33,6.72,7.04,8.13,No,1,5.8,8.1,41.43,0,0.0
STU00473,Male,CIVIL,6.82,80.27,68.49,0,2,2,0,84.94,6.34,6.8,4.45,3.95,6.88,8.27,No,1,6.01,4.98,36.71,0,0.0
STU00474,Female,EEE,5.68,73.34,72.46,0,2,1,4,31.86,5.63,5.6,7.88,6.28,5.95,6.24,No,1,5.23,6.72,19.41,0,0.0
STU00475,Female,ECE,7.8,69.91,92.14,1,2,3,0,79.87,3.69,3.29,6.97,6.43,6.07,2.66,Yes,2,4.92,5.55,52.25,1,7.72
STU00476,Male,CIVIL,8.81,78.02,79.68,1,2,2,0,45.22,5.28,5.71,7.15,5.7,4.54,6.37,Yes,1,6.57,3.73,40.21,0,0.0
STU00477,Male,EEE,7.65,73.15,76.58,1,1,4,0,75.92,5.11,4.96,5.26,4.5,3.61,5.44,Yes,2,6.09,7.15,48.02,0,0.0
STU00478,Male,ECE,4.0,70.82,82.19,1,6,1,1,48.45,6.31,6.87,6.42,6.33,8.15,1.3,Yes,1,6.86,3.07,36.24,0,0.0
STU00479,Male,CIVIL,8.06,86.23,78.69,0,6,0,0,65.25,4.28,3.57,8.32,7.12,6.33,4.75,No,3,3.37,10.0,35.67,0,0.0
STU00480,Female,ECE,5.45,81.99,74.75,1,1,1,2,73.02,7.36,7.61,5.44,5.47,5.51,4.52,No,2,6.81,4.15,35.04,0,0.0
STU00481,Male,CSE,8.2,61.12,68.39,0,4,5,2,43.66,4.53,3.99,5.6,7.53,7.82,7.25,Yes,1,7.6,2.45,54.2,0,0.0
STU00482,Male,IT,6.76,83.04,75.89,0,2,0,0,59.34,7.07,7.75,5.15,4.69,8.92,5.54,No,3,3.34,8.45,46.45,1,8.87
STU00483,Male,CSE,6.85,91.91,78.51,1,3,0,2,61.62,4.0,6.06,6.28,5.95,2.86,5.98,Yes,2,5.25,4.23,46.04,0,0.0
STU00484,Male,EEE,5.97,84.27,73.86,0,2,0,1,81.75,8.49,8.43,8.14,6.74,3.93,7.42,Yes,2,8.34,6.98,44.48,0,0.0
STU00485,Male,EEE,7.92,80.9,89.48,2,0,2,0,52.3,2.91,4.16,6.28,5.72,3.66,4.48,No,3,6.74,6.26,38.1,0,0.0
STU00486,Female,EEE,6.27,84.28,78.93,2,2,1,0,93.44,2.29,0.24,6.95,4.49,1.0,7.59,Yes,2,4.76,4.27,45.67,0,0.0
STU00487,Male,CSE,7.48,84.97,79.31,2,5,5,0,43.38,4.07,3.13,7.37,6.5,9.0,6.1,Yes,0,5.61,3.32,63.14,1,10.3
STU00488,Male,EEE,6.56,92.87,87.24,4,2,1,0,75.53,7.16,5.98,5.88,6.54,4.25,3.14,Yes,0,6.89,2.99,54.23,1,7.75
STU00489,Female,CSE,8.51,91.01,53.02,2,4,1,0,49.3,4.92,5.06,8.24,6.5,7.7,3.28,No,0,7.16,6.96,57.84,1,9.13
STU00490,Female,CIVIL,7.78,68.62,95.75,2,3,3,1,34.99,4.1,4.52,6.14,5.16,7.4,3.2,No,0,5.24,5.39,35.6,0,0.0
STU00491,Male,CSE,8.75,84.19,96.84,0,1,0,1,57.33,6.22,5.23,6.4,6.56,5.96,6.01,No,1,6.28,3.46,40.69,0,0.0
STU00492,Male,CSE,5.48,76.13,83.21,2,3,2,0,64.81,5.38,5.12,5.0,5.93,4.86,4.83,Yes,0,5.78,3.96,57.0,0,0.0
STU00493,Male,CSE,8.38,81.59,63.56,1,3,3,0,72.78,6.32,5.15,3.85,5.54,8.81,4.03,Yes,1,3.45,4.74,69.21,1,10.6
STU00494,Male,EEE,5.41,77.69,78.68,1,2,0,2,60.15,6.97,9.42,5.82,7.33,1.19,5.33,Yes,3,4.9,3.78,38.6,0,0.0
STU00495,Female,IT,7.97,61.92,71.92,0,1,3,3,59.71,6.85,3.58,6.48,5.32,6.21,2.72,No,0,3.96,4.37,33.42,0,0.0
STU00496,Male,IT,6.68,84.26,77.57,1,1,1,2,36.48,10.0,9.8,4.22,5.25,5.31,1.61,Yes,3,5.67,0.26,47.19,0,0.0
STU00497,Female,EEE,5.56,76.31,78.11,1,2,2,2,60.16,4.14,3.53,9.21,8.33,6.91,5.78,Yes,0,5.36,6.26,41.16,0,0.0
STU00498,Female,CSE,8.43,80.39,90.07,1,1,0,0,66.35,5.82,6.59,8.14,6.05,5.65,4.88,Yes,1,5.87,8.35,64.54,1,10.18
STU00499,Female,ECE,7.44,77.99,88.16,1,3,0,0,56.4,6.72,7.53,6.01,4.47,3.38,6.97,No,3,0.57,8.03,47.55,0,0.0
STU00500,Female,IT,7.71,95.25,64.01,2,0,3,0,44.25,6.51,4.19,6.78,6.19,5.25,3.16,No,2,4.34,1.13,52.39,1,9.37
STU00501,Male,CSE,6.67,83.16,92.84,2,2,2,3,52.64,5.0,6.19,7.1,5.93,5.61,2.03,Yes,4,6.73,4.4,44.91,1,8.22
STU00502,Male,ECE,6.91,69.29,76.75,3,2,0,4,68.55,6.48,4.93,8.47,7.85,7.7,5.88,Yes,1,5.61,5.81,43.34,0,0.0
STU00503,Male,CSE,9.33,72.13,66.74,1,2,1,0,63.86,5.51,2.68,8.88,8.31,6.48,9.2,No,3,3.74,9.34,55.12,1,9.37
STU00504,Female,ECE,7.25,72.65,76.02,1,2,0,2,77.63,4.82,3.74,5.15,5.52,5.97,8.55,No,3,8.18,2.87,41.93,0,0.0
STU00505,Male,CSE,7.35,82.98,80.68,2,6,1,0,81.18,9.41,9.23,6.54,6.22,3.69,8.57,Yes,1,4.69,0.4,74.28,1,10.3
STU00506,Female,EEE,5.76,93.69,69.39,1,1,1,1,51.18,2.3,2.62,7.17,6.63,6.81,2.51,Yes,0,3.8,5.29,38.06,0,0.0
STU00507,Male,ECE,7.82,64.31,94.41,2,6,5,0,48.06,5.6,5.99,5.24,5.73,6.77,7.11,Yes,0,6.92,4.6,60.58,0,0.0
STU00508,Male,CSE,8.37,100.0,71.76,0,2,0,1,50.27,6.57,8.87,2.8,3.46,4.52,6.19,No,2,2.45,3.45,40.56,0,0.0
STU00509,Male,CSE,7.13,89.98,75.16,0,5,5,3,54.41,7.88,8.03,4.92,6.39,5.93,5.01,Yes,0,5.82,5.01,51.65,0,0.0
STU00510,Male,MECH,7.44,85.09,72.69,3,4,0,0,65.66,2.53,2.07,7.82,7.28,3.31,0.81,No,2,5.24,7.12,42.33,0,0.0
STU00511,Male,CSE,5.61,77.13,68.59,2,0,3,3,75.92,4.11,3.7,5.82,6.27,3.75,7.01,Yes,0,7.64,3.78,50.47,1,7.58
STU00512,Male,CSE,6.42,73.55,72.17,1,0,0,1,83.26,3.79,4.53,8.99,7.35,5.93,2.87,No,2,4.58,5.96,37.31,0,0.0
STU00513,Female,IT,5.73,84.12,81.26,3,2,1,0,63.29,4.19,4.29,4.35,4.63,3.95,4.43,Yes,0,7.75,5.31,60.11,1,10.41
STU00514,Female,CIVIL,5.07,79.27,60.22,2,3,0,0,58.88,7.81,7.75,9.31,8.19,7.32,0.89,Yes,2,5.48,3.5,41.94,1,6.05
STU00515,Male,CSE,8.44,78.31,91.95,3,2,1,0,52.52,7.98,6.57,3.11,6.05,2.43,5.41,Yes,1,5.02,6.03,66.74,1,10.75
STU00516,Male,EEE,6.06,69.32,58.14,1,2,2,0,39.25,6.64,7.11,8.2,7.04,3.78,9.87,No,3,5.65,5.67,43.06,0,0.0
STU00517,Male,EEE,7.34,59.52,69.26,1,1,2,0,58.64,5.14,5.6,5.74,5.0,10.0,3.93,Yes,1,1.51,6.9,45.84,0,0.0
STU00518,Male,MECH,6.31,77.23,81.18,2,5,3,0,53.59,4.67,5.69,4.97,5.23,5.14,5.74,Yes,1,5.32,5.66,49.35,0,0.0
STU00519,Female,IT,7.63,79.82,78.24,0,5,1,1,54.42,6.81,7.35,8.5,8.21,4.87,7.86,No,1,4.21,7.79,55.24,1,8.46
STU00520,Male,ECE,6.98,74.45,52.4,0,1,3,0,69.39,7.38,7.54,5.89,5.96,6.04,2.59,Yes,3,6.87,3.8,47.24,0,0.0
STU00521,Male,EEE,8.78,69.13,82.4,0,0,0,3,40.79,8.53,8.82,7.81,5.54,6.99,4.98,No,2,5.62,3.62,31.88,0,0.0
STU00522,Male,CSE,7.13,72.72,70.98,3,3,4,2,68.92,2.84,0.85,3.66,4.53,1.38,3.48,No,3,3.04,4.31,42.31,0,0.0
STU00523,Female,CSE,7.95,67.23,90.16,3,1,1,0,100.0,5.0,5.73,5.48,6.76,6.79,3.45,Yes,1,5.17,3.72,71.89,1,11.94
STU00524,Male,IT,7.87,77.41,74.19,0,5,2,0,63.3,4.75,6.01,7.06,6.51,3.5,5.99,Yes,0,4.12,7.3,56.77,1,8.85
STU00525,Female,CIVIL,4.68,66.92,57.73,0,5,0,0,68.06,4.23,0.35,8.76,6.58,4.59,1.8,No,3,4.01,4.1,38.26,0,0.0
STU00526,Male,IT,7.12,77.81,69.23,0,5,2,0,60.6,1.32,2.83,8.33,7.53,6.89,9.75,No,1,3.77,10.0,49.28,0,0.0
STU00527,Female,ECE,8.17,91.49,96.94,1,2,0,1,65.9,6.7,6.79,4.08,3.74,3.87,6.78,No,2,7.4,4.81,36.56,0,0.0
STU00528,Male,MECH,6.7,57.49,85.42,3,3,1,3,65.56,6.36,8.13,6.31,6.38,2.72,4.9,Yes,2,8.12,5.99,34.5,0,0.0
STU00529,Male,CIVIL,6.69,74.61,76.06,2,3,2,0,65.64,3.17,3.61,4.3,4.93,4.68,5.62,Yes,0,8.08,5.65,38.49,0,0.0
STU00530,Male,EEE,6.92,72.82,80.62,0,2,1,3,74.33,7.59,7.16,6.79,6.09,6.89,5.51,No,0,4.38,7.67,35.16,0,0.0
STU00531,Male,CSE,6.3,70.3,78.52,1,4,0,0,38.32,5.98,5.58,6.11,7.23,5.89,3.25,No,0,7.84,5.65,53.31,1,9.36
STU00532,Male,CIVIL,8.74,81.31,64.31,0,4,0,1,45.89,4.07,5.07,7.4,5.62,6.56,5.74,No,4,7.01,5.38,37.43,0,0.0
STU00533,Male,IT,7.06,71.23,70.88,2,0,1,0,34.74,6.99,6.89,3.3,3.98,6.24,3.81,No,1,4.25,1.7,49.2,0,0.0
STU00534,Male,CSE,4.58,70.66,79.53,4,2,2,3,47.64,5.75,7.27,5.19,5.9,1.53,5.22,Yes,1,6.22,3.3,51.35,0,0.0
STU00535,Female,CSE,4.52,84.87,70.62,0,5,2,0,41.9,4.11,4.94,5.61,6.54,8.16,3.58,No,1,6.93,3.41,49.48,0,0.0
STU00536,Male,MECH,7.23,70.46,89.41,4,3,2,1,40.91,5.5,4.97,6.61,6.77,7.91,6.66,No,0,5.66,6.71,45.11,0,0.0
STU00537,Male,CIVIL,8.99,85.52,68.53,1,5,2,0,54.69,6.97,8.1,6.53,7.6,5.11,6.37,No,1,6.95,3.63,47.05,0,0.0
STU00538,Male,CSE,5.27,89.29,75.56,0,4,3,0,65.78,5.12,4.8,5.06,4.94,7.93,0.0,No,4,4.68,5.52,55.79,1,8.54
STU00539,Male,CSE,8.04,87.22,76.37,0,3,3,2,90.77,4.91,5.6,3.36,5.47,3.57,2.83,No,1,5.8,3.29,45.37,1,7.6
STU00540,Female,IT,4.42,77.48,73.07,0,3,2,2,63.85,5.64,6.53,6.23,8.17,5.04,5.77,No,0,6.06,4.22,36.19,0,0.0
STU00541,Male,ECE,5.76,90.71,71.4,3,2,2,1,49.44,3.09,1.75,6.32,5.64,5.93,3.78,Yes,0,3.6,2.29,49.16,0,0.0
STU00542,Male,ECE,7.17,90.07,71.12,4,4,5,0,83.79,8.92,8.72,7.98,6.5,6.0,1.82,Yes,1,7.7,9.0,71.9,1,9.01
STU00543,Female,CSE,6.99,64.6,65.63,0,3,5,0,79.39,6.79,6.7,8.06,7.81,6.41,5.12,No,3,7.41,7.07,58.4,0,0.0
STU00544,Male,CSE,6.01,85.24,68.7,0,4,2,0,30.11,6.62,5.26,3.91,5.0,5.12,8.2,Yes,2,3.19,7.11,53.22,0,0.0
STU00545,Male,ECE,7.12,73.91,61.54,2,2,1,0,17.4,7.18,9.35,8.45,6.45,1.23,10.0,Yes,2,3.21,7.22,52.29,1,7.64
STU00546,Male,MECH,7.77,71.33,86.25,0,1,0,1,67.45,5.99,5.06,2.9,4.23,5.23,5.3,Yes,2,4.84,6.76,28.27,0,0.0
STU00547,Male,CSE,7.37,74.54,84.35,1,2,2,3,78.32,3.39,2.59,5.99,7.09,5.4,5.99,No,1,4.44,7.29,39.26,0,0.0
STU00548,Female,EEE,6.52,99.13,71.86,0,1,0,0,79.24,9.42,9.29,6.14,6.3,10.0,9.77,Yes,1,3.8,6.51,48.05,0,0.0
STU00549,Female,EEE,5.25,75.84,87.52,2,1,0,1,85.35,5.86,6.11,6.04,7.01,4.93,7.82,No,0,5.31,4.3,42.07,0,0.0
STU00550,Male,IT,5.95,72.76,68.83,1,4,2,2,52.45,8.55,9.77,5.19,7.17,4.5,5.44,No,2,6.93,3.26,53.67,0,0.0
STU00551,Female,ECE,7.84,82.26,64.22,0,1,2,1,56.45,5.38,4.6,4.96,5.06,2.5,3.27,No,2,9.01,7.71,42.29,1,6.68
STU00552,Male,IT,8.23,70.12,63.36,4,3,5,0,26.67,5.15,4.76,5.71,4.83,4.81,3.0,Yes,0,4.9,3.35,62.72,1,10.39
STU00553,Male,CSE,7.65,81.81,82.6,2,3,4,2,70.27,7.64,7.8,7.35,6.04,4.49,5.77,No,2,6.12,1.72,58.51,1,9.51
STU00554,Female,ECE,9.75,71.1,73.78,2,3,0,0,84.08,6.81,8.94,2.77,4.76,8.26,6.2,No,2,3.1,5.79,59.25,1,8.36
STU00555,Male,ECE,7.89,91.3,68.52,2,0,2,0,57.92,7.17,6.62,9.12,6.53,8.26,3.32,Yes,3,2.27,2.45,50.16,1,9.38
STU00556,Female,CIVIL,6.94,76.96,60.95,4,2,1,0,67.89,5.06,4.17,7.53,5.74,3.11,5.39,Yes,3,7.02,4.3,48.73,0,0.0
STU00557,Female,MECH,6.28,71.09,76.3,0,2,0,0,47.54,4.85,3.55,6.85,6.88,3.8,8.35,No,1,4.34,0.34,32.69,0,0.0
STU00558,Male,ECE,7.47,88.11,74.09,1,5,2,3,54.84,6.46,5.81,3.86,4.91,2.66,6.31,Yes,2,5.43,4.95,36.15,0,0.0
STU00559,Male,IT,6.99,90.76,79.08,0,3,3,0,62.33,3.51,4.22,5.54,6.43,7.61,1.32,Yes,0,2.24,2.63,59.95,1,9.96
STU00560,Male,ECE,7.58,73.0,70.01,1,3,2,1,73.78,5.91,5.04,5.88,6.95,6.08,5.83,Yes,0,5.59,6.6,48.82,0,0.0
STU00561,Male,CIVIL,8.22,74.25,69.72,1,0,2,0,50.71,8.17,7.2,6.51,6.43,8.36,7.78,No,4,5.4,3.91,38.24,0,0.0
STU00562,Female,CSE,7.64,83.1,77.69,2,2,4,1,100.0,6.61,8.87,5.66,6.23,8.37,3.77,Yes,3,3.28,1.66,69.87,1,11.08
STU00563,Male,IT,6.3,81.36,78.19,0,4,2,0,69.09,4.87,2.98,7.85,8.04,8.93,5.41,No,2,4.35,7.55,53.21,1,9.54
STU00564,Male,ECE,4.81,85.14,72.43,2,4,3,0,96.3,4.85,6.16,4.3,5.24,2.95,5.28,No,2,5.44,0.0,51.81,0,0.0
STU00565,Female,CSE,7.72,87.94,72.22,1,0,3,0,52.33,6.84,8.3,4.98,5.38,6.51,4.04,No,2,6.34,3.61,50.67,0,0.0
STU00566,Male,IT,7.23,75.13,84.0,1,3,2,0,64.62,5.77,5.04,6.32,5.65,6.23,0.8,Yes,4,7.56,1.37,57.0,1,8.89
STU00567,Female,MECH,7.93,100.0,80.25,1,0,0,2,45.49,5.37,6.45,6.57,7.01,4.81,7.92,Yes,1,9.42,0.8,27.0,0,0.0
STU00568,Male,ECE,6.51,78.95,92.11,1,4,0,1,74.93,5.71,5.0,2.63,4.25,7.91,7.77,No,0,5.6,4.96,40.75,0,0.0
STU00569,Female,MECH,7.43,87.86,91.4,2,3,0,3,56.59,2.18,1.35,8.69,8.22,6.65,4.01,Yes,0,8.29,3.55,29.34,0,0.0
STU00570,Female,MECH,6.37,81.28,40.0,0,3,1,0,24.56,6.5,5.62,3.62,4.83,3.07,7.16,No,1,8.11,8.16,31.9,0,0.0
STU00571,Male,EEE,8.83,73.31,69.47,0,2,1,1,43.76,7.09,7.84,3.38,5.93,6.63,6.65,No,0,7.53,4.77,44.73,0,0.0
STU00572,Male,MECH,7.25,67.94,77.22,2,4,0,1,44.09,5.59,4.02,5.62,4.36,2.6,6.88,No,0,6.83,5.46,37.95,0,0.0
STU00573,Male,EEE,6.07,100.0,85.3,1,0,5,3,58.53,5.39,7.73,4.12,5.17,5.46,4.74,Yes,0,7.07,6.4,32.25,0,0.0
STU00574,Male,CSE,4.0,94.68,78.36,1,2,0,2,86.29,4.6,6.66,6.36,6.98,10.0,5.4,Yes,0,5.33,2.62,43.29,0,0.0
STU00575,Male,ECE,7.84,82.67,89.33,1,1,0,0,50.03,5.86,5.12,3.08,4.19,3.0,5.51,No,1,8.39,6.56,34.25,0,0.0
STU00576,Female,EEE,8.86,75.55,65.74,2,2,1,0,35.57,5.94,7.94,9.95,8.49,3.34,3.07,Yes,4,7.08,8.06,51.05,0,0.0
STU00577,Female,EEE,8.18,82.21,76.33,0,2,3,1,73.92,3.99,4.97,9.06,7.53,3.7,5.27,Yes,0,6.28,1.31,38.71,0,0.0
STU00578,Female,CSE,7.22,89.0,73.96,3,3,3,0,41.89,7.66,7.31,6.54,5.98,7.04,4.62,Yes,2,9.38,5.44,72.92,1,10.42
STU00579,Male,MECH,4.64,74.08,75.31,0,3,3,1,58.89,3.97,3.89,2.42,4.48,6.5,8.69,Yes,2,5.15,4.18,24.06,0,0.0
STU00580,Male,CSE,6.8,75.64,63.95,3,5,1,1,67.93,4.93,4.96,5.18,5.41,9.06,2.76,Yes,1,4.91,3.87,64.63,1,9.4
STU00581,Female,CSE,4.7,68.23,72.33,1,3,2,0,100.0,4.76,4.69,6.63,5.26,5.2,3.42,No,0,6.89,6.93,56.68,0,0.0
STU00582,Male,MECH,6.65,91.9,96.47,0,3,2,0,77.03,3.57,4.95,6.03,5.01,3.63,2.92,No,2,3.83,8.91,34.44,1,6.69
STU00583,Male,CIVIL,8.07,85.87,80.06,4,1,2,1,72.39,3.39,2.4,4.16,6.1,0.0,4.11,Yes,0,0.11,8.19,39.26,0,0.0
STU00584,Female,CSE,7.46,76.98,64.33,0,3,0,0,83.61,6.94,6.2,5.71,5.86,3.76,8.97,Yes,0,6.19,5.09,56.8,1,9.09
STU00585,Male,CSE,7.42,63.89,78.92,1,1,2,0,100.0,7.16,8.02,6.33,6.88,10.0,8.77,No,0,4.56,1.66,62.12,0,0.0
STU00586,Male,MECH,6.16,85.22,77.28,1,1,2,0,33.6,9.6,7.72,10.0,8.41,4.36,6.77,Yes,0,4.34,1.76,44.99,0,0.0
STU00587,Female,ECE,6.54,83.29,81.01,2,5,2,0,82.84,3.47,4.61,6.93,5.53,5.23,4.83,Yes,2,7.85,3.36,57.01,1,6.73
STU00588,Male,ECE,9.05,54.56,84.52,3,4,5,0,81.24,6.93,7.97,4.34,6.13,5.96,5.33,Yes,2,2.7,4.72,76.52,1,9.18
STU00589,Female,ECE,7.58,74.63,80.46,2,4,0,2,88.69,6.53,4.73,4.42,5.58,5.48,5.97,Yes,4,8.52,6.67,53.78,0,0.0
STU00590,Male,CSE,7.3,80.15,70.15,1,2,0,1,55.55,8.05,6.27,6.79,8.17,5.12,4.55,No,1,6.8,4.62,53.51,0,0.0
STU00591,Male,MECH,7.04,89.12,80.1,2,3,0,1,40.98,6.89,7.8,5.42,6.11,4.78,6.58,Yes,3,5.81,6.11,37.93,0,0.0
STU00592,Male,MECH,6.3,72.54,84.38,2,5,1,0,64.47,8.53,9.73,8.75,7.54,5.04,6.86,Yes,1,3.88,7.5,52.47,0,0.0
STU00593,Male,MECH,8.38,86.15,71.58,1,2,1,1,42.36,7.26,6.12,6.38,6.76,4.05,5.38,No,0,5.92,5.13,42.47,0,0.0
STU00594,Female,CSE,7.93,78.51,61.49,1,3,1,0,51.21,2.71,3.81,2.88,3.32,5.51,7.44,Yes,2,5.38,2.11,49.94,1,7.84
STU00595,Female,MECH,6.2,80.61,83.8,2,5,0,2,50.15,6.31,5.3,6.23,6.38,9.19,2.12,No,2,6.37,6.92,37.77,0,0.0
STU00596,Male,CSE,7.18,97.83,77.52,1,2,3,0,37.78,4.16,5.86,6.51,6.64,6.5,6.3,Yes,1,4.44,2.96,55.71,0,0.0
STU00597,Male,IT,7.44,76.43,68.93,1,3,0,4,80.09,5.29,3.99,6.37,6.71,7.53,8.44,Yes,2,10.0,6.04,39.86,0,0.0
STU00598,Male,ECE,5.51,95.58,72.75,2,4,3,1,60.37,5.93,7.59,5.13,5.32,5.1,3.84,No,3,5.61,7.06,51.58,0,0.0
STU00599,Male,CSE,6.53,57.79,76.87,0,3,4,1,58.12,6.48,6.81,4.15,6.72,4.46,6.44,No,1,6.88,5.57,44.8,0,0.0
STU00600,Male,CSE,6.21,75.6,75.79,1,4,2,0,58.16,4.74,4.26,7.01,7.04,4.21,2.57,No,1,4.35,6.88,56.42,0,0.0
STU00601,Male,ECE,6.48,94.35,79.85,0,2,4,0,94.88,6.75,8.15,5.78,6.39,7.31,0.64,No,3,4.76,2.25,43.93,1,6.42
STU00602,Male,CSE,9.06,75.47,92.81,1,5,1,0,53.32,6.91,7.82,4.97,6.12,3.5,3.65,No,0,2.89,1.6,59.92,1,8.17
STU00603,Female,ECE,6.98,73.04,75.52,1,0,2,1,71.37,5.11,6.01,3.33,4.46,6.78,6.63,No,0,6.71,5.68,37.69,0,0.0
STU00604,Male,ECE,6.94,73.49,87.96,2,3,2,0,63.23,5.59,4.43,2.94,3.2,5.73,3.83,Yes,0,4.25,7.97,49.0,0,0.0
STU00605,Male,EEE,8.86,95.85,73.18,1,1,3,2,58.4,7.23,4.5,6.38,6.88,3.67,3.16,Yes,2,2.14,5.55,43.38,0,0.0
STU00606,Female,EEE,7.14,72.56,69.15,1,5,4,1,78.7,4.98,4.57,6.96,5.05,6.52,2.52,No,1,4.25,1.9,47.72,1,7.14
STU00607,Female,CIVIL,7.45,84.73,78.24,0,2,2,0,50.36,4.57,3.14,6.74,6.28,5.07,8.1,Yes,3,4.74,3.84,38.84,0,0.0
STU00608,Male,CSE,6.86,83.12,56.67,1,2,0,0,54.47,5.48,5.65,5.24,4.94,8.65,7.57,No,0,7.28,5.71,50.46,0,0.0
STU00609,Male,CSE,7.79,60.22,72.39,2,2,2,0,59.58,6.53,8.15,6.18,6.84,7.04,5.27,Yes,1,5.69,3.75,69.11,1,10.87
STU00610,Male,IT,6.15,82.52,72.92,0,5,2,0,67.1,4.45,4.44,6.27,6.32,6.42,1.47,Yes,2,3.19,2.32,54.78,1,8.96
STU00611,Female,IT,7.2,72.75,64.55,2,1,3,0,52.05,7.35,7.38,6.2,5.65,6.09,7.39,Yes,1,6.77,5.75,57.92,1,8.97
STU00612,Male,CSE,6.81,73.71,83.37,0,5,1,0,74.09,8.25,8.6,6.77,6.58,4.92,4.91,No,0,4.77,6.97,60.41,1,9.57
STU00613,Male,MECH,6.74,77.17,62.87,0,5,1,0,54.17,4.07,4.39,6.74,5.04,7.17,2.55,Yes,2,3.26,2.37,41.02,0,0.0
STU00614,Male,IT,6.77,78.86,67.47,2,3,1,1,74.32,2.2,0.0,5.78,6.38,6.27,9.19,No,1,5.7,4.14,47.56,0,0.0
STU00615,Female,ECE,7.52,85.95,52.44,4,2,3,0,67.58,3.25,5.12,6.33,6.56,9.19,6.23,No,3,4.63,4.93,53.06,0,0.0
STU00616,Male,IT,7.15,67.4,57.29,4,1,2,4,61.79,6.92,6.13,6.77,7.45,4.94,9.18,No,0,5.59,4.74,49.07,0,0.0
STU00617,Male,MECH,7.54,94.12,88.17,1,2,0,2,53.78,8.45,6.81,8.77,7.69,5.85,8.55,No,2,6.35,6.42,33.93,0,0.0
STU00618,Male,CSE,7.14,76.65,74.27,2,0,1,0,60.26,5.67,6.26,6.33,5.72,3.82,5.22,Yes,0,4.16,5.59,59.85,0,0.0
STU00619,Female,ECE,7.96,62.23,65.17,3,6,2,0,90.56,8.11,8.0,5.51,5.86,4.72,5.07,No,1,8.06,4.69,63.72,1,8.42
STU00620,Female,CIVIL,5.79,67.96,81.96,2,2,1,0,52.82,7.79,7.88,7.51,6.57,9.03,4.16,No,3,0.76,2.95,44.23,0,0.0
STU00621,Male,IT,7.37,68.39,74.43,2,4,1,2,62.89,6.73,4.62,7.17,5.42,9.99,4.11,Yes,0,5.17,10.0,59.72,1,8.79
STU00622,Male,MECH,5.15,77.68,77.86,2,0,2,2,72.36,3.01,5.57,3.39,4.82,5.17,4.76,Yes,0,7.07,2.36,32.02,0,0.0
STU00623,Female,ECE,6.55,78.77,77.02,4,3,3,0,73.15,8.34,9.11,7.39,7.27,5.16,5.7,No,1,0.49,4.8,68.73,1,8.37
STU00624,Female,EEE,7.61,81.13,59.64,1,0,5,0,41.85,5.4,5.77,7.86,6.13,3.39,5.3,No,1,5.51,9.0,37.17,0,0.0
STU00625,Male,ECE,8.12,93.95,63.83,2,0,1,0,58.21,5.42,4.96,6.58,7.43,4.83,5.37,Yes,2,6.81,5.22,52.17,1,7.02
STU00626,Female,EEE,5.5,90.32,81.03,0,1,2,0,36.72,7.64,8.34,7.15,5.52,5.17,4.14,Yes,1,5.69,6.22,38.68,0,0.0
STU00627,Male,CSE,7.51,76.18,98.73,1,3,1,0,62.66,8.14,10.0,4.87,5.07,2.93,1.01,No,3,5.52,1.78,65.41,1,9.78
STU00628,Female,ECE,7.47,79.64,67.3,0,4,5,0,50.93,8.38,9.26,6.55,6.76,5.37,5.41,Yes,1,7.13,6.92,55.43,0,0.0
STU00629,Male,IT,8.57,67.73,76.87,0,4,0,3,68.64,6.02,6.17,5.11,6.34,4.55,2.07,No,1,4.11,4.9,40.31,0,0.0
STU00630,Male,CSE,7.34,71.76,69.48,1,1,1,0,88.72,10.0,7.92,7.29,8.59,7.87,5.1,Yes,0,3.39,8.0,70.57,1,9.63
STU00631,Male,IT,7.69,77.62,89.81,1,3,4,2,68.72,4.7,3.95,7.8,6.89,7.99,2.09,No,2,1.87,8.04,51.33,1,9.06
STU00632,Female,IT,6.25,69.83,77.0,2,2,2,0,94.84,3.13,4.01,7.7,7.34,3.57,2.68,No,2,7.36,7.66,51.29,0,0.0
STU00633,Female,CSE,5.48,80.64,77.65,3,2,4,0,82.64,7.42,8.37,4.25,5.54,3.57,2.18,No,0,5.37,6.87,60.01,1,10.3
STU00634,Male,CSE,6.7,70.02,55.06,1,2,3,0,26.47,3.94,4.28,6.35,6.44,5.52,4.21,Yes,0,3.45,0.65,47.2,0,0.0
STU00635,Female,CSE,8.39,68.02,61.23,0,2,2,0,96.67,5.39,5.08,5.93,6.78,5.11,10.0,No,1,6.95,4.92,55.25,1,9.37
STU00636,Female,EEE,9.57,95.86,64.75,2,1,5,1,98.34,3.39,4.63,5.68,4.92,8.11,8.16,Yes,2,8.33,4.31,59.25,1,8.71
STU00637,Male,CIVIL,6.21,77.8,70.9,0,6,5,0,42.47,6.94,9.55,6.99,7.41,5.65,8.69,No,3,9.82,6.22,40.37,0,0.0
STU00638,Male,EEE,6.6,97.21,75.53,1,3,3,0,57.63,6.45,4.85,3.64,5.26,7.93,9.28,Yes,0,4.04,8.37,52.09,1,8.62
STU00639,Female,ECE,6.45,80.64,59.0,1,6,1,0,68.45,2.17,0.0,7.59,6.36,3.33,7.8,Yes,3,6.09,10.0,45.1,0,0.0
STU00640,Male,EEE,6.44,73.53,72.23,0,2,2,2,100.0,5.61,4.88,7.03,7.37,7.23,3.95,Yes,1,3.8,4.14,38.88,0,0.0
STU00641,Male,MECH,6.9,76.86,75.17,0,0,3,0,68.3,7.62,6.93,5.42,6.34,6.05,3.01,No,1,7.85,2.09,44.8,0,0.0
STU00642,Male,IT,7.94,76.35,67.13,3,2,1,0,65.91,8.37,10.0,9.3,7.59,7.82,3.49,Yes,2,7.76,7.58,81.79,1,11.42
STU00643,Male,MECH,7.47,66.78,71.86,3,6,2,0,64.91,4.49,5.91,7.66,6.82,3.6,3.31,Yes,1,3.69,1.59,58.74,0,0.0
STU00644,Male,EEE,7.88,100.0,86.42,0,2,2,2,62.02,7.53,9.03,6.49,7.28,10.0,5.16,No,0,5.68,7.81,39.73,0,0.0
STU00645,Male,EEE,7.69,90.21,73.67,2,3,1,2,37.03,7.88,10.0,6.4,5.15,4.21,6.38,Yes,0,6.18,8.53,49.63,0,0.0
STU00646,Female,IT,8.15,76.29,84.2,1,2,1,0,0.0,3.99,1.86,8.15,7.82,6.11,5.22,Yes,4,6.48,2.7,49.93,0,0.0
STU00647,Male,CSE,9.24,81.78,80.27,3,6,1,3,71.71,5.42,5.62,8.17,7.98,4.97,6.69,No,0,4.65,4.58,66.51,1,10.24
STU00648,Male,ECE,7.23,67.5,76.74,0,1,2,1,48.29,6.12,5.6,7.06,7.14,6.06,2.77,No,0,6.02,5.72,40.64,0,0.0
STU00649,Female,EEE,8.68,67.18,58.48,3,0,3,3,52.21,7.49,5.25,5.29,5.26,1.9,8.29,No,0,3.05,6.49,34.27,0,0.0
STU00650,Male,MECH,7.28,89.75,66.58,1,1,1,0,66.09,7.07,7.98,7.92,8.83,6.42,4.86,No,0,6.51,1.88,42.51,0,0.0
STU00651,Female,EEE,7.21,76.08,68.4,3,5,1,0,25.05,4.7,4.02,5.9,6.06,6.3,4.97,Yes,1,4.45,2.76,52.62,1,7.41
STU00652,Male,CIVIL,8.99,76.21,73.95,2,3,1,0,33.13,5.47,6.15,5.58,7.2,5.76,4.78,Yes,0,4.87,5.82,43.92,0,0.0
STU00653,Female,ECE,7.17,82.13,70.27,3,5,2,1,53.24,7.49,8.96,7.09,7.29,2.03,5.45,No,1,7.17,3.55,60.9,1,8.58
STU00654,Male,ECE,8.45,84.09,79.57,3,2,0,0,59.61,7.05,6.66,10.0,6.79,4.99,3.3,Yes,1,7.78,7.31,62.6,1,8.45
STU00655,Male,MECH,4.96,67.44,76.8,3,4,2,0,67.93,4.88,4.54,7.94,7.7,3.31,2.67,Yes,0,4.32,7.39,50.17,0,0.0
STU00656,Male,IT,7.65,58.36,67.6,3,3,4,0,67.24,10.0,8.21,6.41,5.85,6.02,8.85,No,1,8.77,5.5,71.53,1,10.12
STU00657,Female,IT,7.23,74.09,77.24,0,4,4,0,66.69,8.37,9.06,6.3,6.66,6.5,6.66,No,1,1.86,1.54,64.87,1,10.87
STU00658,Male,MECH,6.4,70.24,78.07,3,3,3,2,65.61,2.98,3.15,6.29,6.76,4.57,5.09,Yes,1,5.63,5.88,42.18,0,0.0
STU00659,Female,CSE,7.67,80.37,83.44,2,3,1,3,71.68,3.98,5.98,5.8,5.52,1.68,5.74,Yes,1,6.32,3.85,58.01,1,9.08
STU00660,Male,IT,7.85,84.71,81.07,0,6,5,1,38.3,7.71,8.47,7.84,7.77,5.73,6.1,No,3,7.66,7.01,56.53,1,8.5
STU00661,Male,ECE,6.49,89.11,79.29,2,2,2,1,82.23,7.42,7.63,5.31,6.26,2.19,4.08,Yes,0,2.31,3.38,55.34,0,0.0
STU00662,Male,ECE,7.76,67.8,67.13,0,2,5,0,52.32,5.06,3.98,8.46,6.3,5.19,3.07,Yes,0,5.12,5.74,53.94,1,6.75
STU00663,Male,CSE,5.81,48.32,89.85,2,5,3,0,49.32,6.37,5.26,8.78,6.13,8.21,5.09,No,1,4.62,8.14,65.6,1,10.21
STU00664,Female,ECE,6.28,85.68,83.15,2,1,1,2,27.28,6.66,6.7,3.57,5.27,6.67,1.77,Yes,1,8.9,6.88,38.99,0,0.0
STU00665,Male,EEE,7.69,60.11,66.77,1,5,2,0,29.87,5.03,3.25,9.05,7.61,4.85,4.12,Yes,1,7.81,3.91,49.17,0,0.0
STU00666,Female,CSE,4.95,57.08,95.37,2,2,4,1,79.17,6.5,6.97,8.26,6.8,8.92,3.44,Yes,3,5.64,6.45,56.92,0,0.0
STU00667,Male,EEE,9.16,78.74,100.0,3,2,1,0,61.44,5.36,5.47,8.6,7.31,1.77,5.81,No,0,6.75,8.38,57.27,0,0.0
STU00668,Male,CSE,8.4,70.65,96.36,2,3,0,2,78.29,8.31,7.73,4.99,4.28,3.88,6.47,No,1,4.43,5.06,56.58,1,8.59
STU00669,Male,CSE,7.89,86.0,68.54,1,3,5,0,79.04,7.48,7.48,3.6,5.77,4.03,4.0,No,0,9.66,6.29,65.57,0,0.0
STU00670,Male,EEE,7.16,79.6,63.64,4,4,3,0,69.61,7.36,8.22,4.14,5.87,3.3,4.94,Yes,0,3.69,3.97,60.71,1,8.96
STU00671,Female,ECE,6.98,77.45,70.37,0,3,1,1,63.62,7.29,7.17,9.43,7.99,4.71,4.46,Yes,1,4.12,0.89,45.35,0,0.0
STU00672,Female,ECE,7.3,71.6,73.24,1,1,1,1,60.9,4.65,3.05,9.37,8.69,4.18,4.36,Yes,1,1.86,4.92,42.83,0,0.0
STU00673,Male,ECE,8.2,80.11,66.19,3,2,2,0,70.21,6.2,4.12,10.0,7.63,7.14,4.92,Yes,0,8.35,7.2,70.1,1,9.34
STU00674,Male,MECH,6.41,76.32,96.74,3,4,2,3,71.48,10.0,8.86,3.52,6.11,4.66,5.9,No,2,9.52,5.31,38.69,0,0.0
STU00675,Female,CIVIL,4.61,76.51,80.29,1,4,2,4,94.08,5.34,5.3,8.69,7.46,8.0,3.0,Yes,2,5.13,4.65,29.37,0,0.0
STU00676,Female,CSE,7.33,81.73,85.65,0,4,2,1,100.0,6.3,6.59,6.25,6.25,5.28,2.86,No,0,5.52,9.04,54.27,1,8.92
STU00677,Male,IT,8.04,97.73,90.21,0,4,1,0,37.8,7.27,8.42,6.03,5.95,6.52,6.25,Yes,2,5.54,2.54,57.13,1,9.21
STU00678,Male,IT,6.55,77.28,89.23,1,4,1,0,49.44,7.09,7.2,7.13,6.67,5.48,5.63,Yes,2,9.2,6.96,60.89,1,10.01
STU00679,Female,IT,5.0,57.02,89.54,0,3,1,0,61.15,6.37,5.9,4.44,4.59,8.16,5.54,Yes,2,0.18,3.8,44.99,0,0.0
STU00680,Male,ECE,7.58,74.7,75.52,2,4,0,1,94.73,7.23,7.49,4.97,5.53,1.51,6.63,Yes,1,7.27,6.04,59.49,0,0.0
STU00681,Male,CSE,6.92,85.37,76.63,0,4,2,2,50.42,5.43,5.71,8.44,6.76,6.39,4.84,No,0,6.27,3.49,46.19,0,0.0
STU00682,Male,IT,8.42,66.54,66.5,1,5,1,0,70.97,7.26,7.42,4.25,4.79,10.0,2.34,Yes,2,6.17,9.22,63.71,1,9.19
STU00683,Male,IT,6.04,87.23,79.96,1,0,5,0,56.26,4.35,3.29,7.95,5.51,9.06,4.25,No,2,4.11,7.57,49.4,0,0.0
STU00684,Male,ECE,6.63,92.03,81.38,2,2,0,4,77.85,7.44,8.06,5.72,5.99,1.42,8.87,Yes,0,4.41,4.23,33.74,0,0.0
STU00685,Male,MECH,7.94,93.07,67.01,3,0,1,1,81.5,4.7,3.66,4.93,5.42,6.78,6.47,Yes,0,3.8,4.74,40.42,0,0.0
STU00686,Male,CSE,8.33,81.74,82.15,0,4,1,0,52.04,4.32,5.17,5.4,4.83,2.84,6.53,Yes,0,0.92,2.67,58.14,0,0.0
STU00687,Male,MECH,6.82,77.22,77.54,4,2,2,0,80.09,5.24,4.35,10.0,9.46,6.53,7.51,No,0,1.49,3.19,48.95,1,7.49
STU00688,Male,IT,5.11,87.68,64.85,1,2,1,0,31.9,4.84,4.74,8.56,6.42,6.69,0.69,Yes,2,6.15,3.46,50.96,1,8.88
STU00689,Female,CSE,7.82,54.08,78.82,0,2,4,0,75.75,5.92,4.34,2.92,3.56,10.0,6.59,Yes,0,5.84,7.68,54.51,0,0.0
STU00690,Male,MECH,7.3,84.76,61.76,2,1,0,0,87.99,6.78,7.5,10.0,8.51,6.87,7.52,Yes,4,6.09,6.97,55.56,0,0.0
STU00691,Male,IT,5.54,92.92,54.35,1,2,3,0,58.67,4.91,5.28,7.0,6.85,5.11,0.7,Yes,2,3.85,4.26,57.16,1,9.01
STU00692,Male,EEE,7.4,79.83,59.61,0,2,3,0,70.27,4.7,5.41,4.88,3.23,2.79,6.01,Yes,0,6.89,8.95,44.22,0,0.0
STU00693,Female,EEE,8.22,83.51,62.47,1,4,4,0,92.62,6.99,6.75,4.07,5.28,6.71,6.6,Yes,3,7.29,5.15,57.05,1,8.03
STU00694,Female,CSE,7.28,79.77,73.68,2,5,3,0,79.83,8.64,9.74,7.48,6.26,5.39,6.4,No,2,6.55,9.6,76.13,1,11.66
STU00695,Female,MECH,7.57,74.2,81.11,0,3,4,0,77.48,3.51,1.0,8.76,7.79,6.83,2.63,No,3,2.65,8.28,41.62,0,0.0
STU00696,Female,IT,6.76,56.3,64.49,0,2,0,4,43.45,6.37,7.16,2.69,3.92,5.58,2.65,Yes,1,5.93,3.01,28.34,0,0.0
STU00697,Male,IT,6.25,78.13,75.3,0,1,1,3,50.82,7.48,8.19,7.17,7.7,3.04,3.96,No,4,8.67,4.41,25.04,0,0.0
STU00698,Male,ECE,6.98,83.44,78.98,3,1,4,0,81.93,4.32,3.98,5.99,7.13,3.71,7.41,No,2,2.86,4.64,58.58,1,7.86
STU00699,Male,EEE,5.19,88.57,67.35,2,4,3,2,50.92,9.34,9.4,6.71,5.84,3.45,6.05,Yes,0,5.89,3.18,42.94,0,0.0
STU00700,Female,IT,6.46,68.82,67.79,3,2,3,0,70.98,6.78,4.97,8.76,7.65,7.18,7.54,Yes,3,6.81,0.84,70.69,1,11.6
STU00701,Male,CSE,7.31,71.73,62.82,1,0,0,1,83.63,8.61,7.27,6.64,6.52,5.38,2.15,No,2,4.28,6.63,52.81,1,8.18
STU00702,Male,IT,6.12,88.67,72.23,1,3,1,0,57.71,5.49,4.83,4.99,5.72,3.28,5.35,Yes,0,5.85,3.86,56.11,1,9.17
STU00703,Male,CSE,6.36,88.44,56.83,0,5,2,2,48.27,6.35,8.9,6.62,5.74,4.88,2.5,No,2,7.52,7.79,46.19,0,0.0
STU00704,Female,EEE,6.16,74.07,72.53,1,5,2,0,23.8,4.53,6.03,5.95,5.59,5.88,6.62,Yes,0,7.89,4.49,48.5,0,0.0
STU00705,Female,ECE,5.18,76.21,85.55,1,1,5,2,55.43,4.46,5.05,7.51,5.91,3.95,6.66,Yes,1,3.38,5.81,38.74,0,0.0
STU00706,Male,ECE,6.45,58.21,61.74,4,4,1,0,100.0,7.56,9.2,5.96,6.01,8.98,5.95,No,4,6.6,2.9,62.25,0,0.0
STU00707,Female,EEE,7.39,72.12,75.14,0,1,0,1,40.97,4.58,4.24,4.6,4.89,5.14,5.88,Yes,3,7.9,7.16,31.71,0,0.0
STU00708,Female,CIVIL,7.37,95.48,85.54,2,0,1,3,21.37,7.15,7.33,8.91,6.86,6.63,2.79,No,1,5.3,7.42,24.01,0,0.0
STU00709,Male,EEE,7.24,80.11,88.01,1,6,5,4,34.2,7.02,6.44,4.81,5.52,9.13,6.89,Yes,1,2.47,8.03,32.68,0,0.0
STU00710,Male,EEE,6.84,85.75,84.44,0,2,2,0,55.07,8.58,9.55,4.57,4.95,3.58,2.04,Yes,0,5.04,9.45,48.27,0,0.0
STU00711,Male,MECH,7.95,66.42,74.29,0,4,2,0,2.07,8.11,7.54,4.59,5.43,2.56,3.55,Yes,3,2.12,0.87,40.07,0,0.0
STU00712,Female,CSE,8.15,59.2,90.22,4,5,3,0,37.9,5.71,6.94,4.96,6.29,5.23,5.06,No,1,3.37,5.89,65.78,1,9.75
STU00713,Female,ECE,8.89,96.29,99.56,0,2,2,0,54.09,8.04,7.15,8.82,6.85,2.88,4.54,Yes,4,4.54,6.44,53.14,0,0.0
STU00714,Male,CSE,6.87,79.14,72.39,1,4,2,0,35.13,5.43,6.15,7.68,7.42,5.5,6.22,No,1,4.77,9.53,59.87,1,9.47
STU00715,Female,MECH,4.0,99.12,77.36,2,5,3,1,45.36,5.48,4.42,7.61,7.45,5.72,9.79,Yes,1,6.25,3.45,43.4,0,0.0
STU00716,Male,IT,6.28,66.67,62.17,2,1,3,1,72.66,4.47,5.89,7.57,6.45,4.68,3.55,No,2,3.17,2.87,47.59,0,0.0
STU00717,Female,CSE,8.41,63.55,71.08,3,3,4,0,68.52,3.27,5.25,7.09,7.63,7.42,4.97,Yes,0,8.36,8.19,70.07,0,0.0
STU00718,Male,EEE,4.1,82.15,77.49,1,4,3,0,100.0,7.52,9.07,6.07,6.25,6.06,4.88,Yes,3,8.04,1.22,54.75,0,0.0
STU00719,Female,CSE,5.86,69.66,80.97,2,4,2,3,84.66,7.25,4.35,6.39,5.36,8.06,4.68,Yes,1,7.33,6.44,56.45,0,0.0
STU00720,Male,CSE,6.31,81.18,68.89,0,3,1,1,80.44,8.06,4.54,8.37,8.01,4.86,2.38,No,1,3.99,3.97,54.76,1,9.05
STU00721,Female,IT,6.66,77.58,80.57,2,4,5,2,65.8,5.25,4.83,6.24,6.32,5.18,5.04,No,3,2.77,6.53,54.71,0,0.0
STU00722,Male,MECH,7.66,75.75,75.82,1,3,5,0,18.0,4.08,3.55,3.15,4.95,6.29,3.93,Yes,0,6.61,1.33,36.62,0,0.0
STU00723,Female,MECH,5.52,63.1,87.74,2,5,2,2,70.07,8.8,10.0,4.77,5.89,4.04,6.11,Yes,0,6.36,5.61,43.32,0,0.0
STU00724,Male,ECE,9.38,64.1,83.03,4,1,2,1,77.41,6.02,6.53,5.74,6.85,2.09,3.93,No,4,6.3,7.69,54.87,0,0.0
STU00725,Male,CSE,6.34,74.76,72.51,4,2,1,2,80.43,8.77,9.79,7.11,6.82,7.4,5.2,Yes,3,7.27,7.06,65.13,1,10.4
STU00726,Female,CSE,7.06,97.58,84.33,3,4,2,4,22.94,4.35,3.7,6.97,5.16,4.35,3.57,Yes,2,5.71,3.68,41.2,0,0.0
STU00727,Male,CSE,6.6,80.66,69.48,0,2,2,0,57.6,6.92,7.87,8.39,6.54,4.71,0.83,Yes,1,7.37,2.15,59.7,1,10.69
STU00728,Male,IT,8.11,77.83,71.35,1,4,3,0,61.76,5.59,3.63,8.53,8.08,0.62,4.71,No,1,5.47,5.38,61.07,1,9.42
STU00729,Male,CSE,7.15,95.15,75.9,1,5,2,1,56.03,7.26,6.36,7.06,6.75,5.38,3.9,No,0,6.63,4.71,59.56,1,9.54
STU00730,Female,EEE,7.74,78.01,62.99,3,2,3,0,77.59,6.7,7.89,6.86,5.69,4.7,2.18,Yes,0,5.83,1.64,60.97,1,6.32
STU00731,Female,ECE,8.14,74.83,89.86,0,0,4,2,78.44,5.45,4.36,8.3,8.2,3.55,4.66,Yes,0,5.62,7.18,39.49,0,0.0
STU00732,Male,EEE,6.27,79.11,73.02,1,4,3,0,69.55,4.94,3.99,8.66,6.98,2.31,5.42,No,1,7.11,2.59,50.27,0,0.0
STU00733,Male,CSE,7.3,85.4,72.64,1,2,3,1,71.92,4.21,5.67,6.27,5.07,3.01,5.03,Yes,1,2.45,3.05,54.39,1,9.09
STU00734,Male,CSE,7.44,85.07,68.25,0,0,0,0,60.73,2.45,1.64,1.98,3.08,6.7,5.4,Yes,0,5.54,7.72,32.79,0,0.0
STU00735,Female,CIVIL,7.95,84.65,83.52,0,4,0,0,33.3,6.94,8.24,8.95,7.72,3.81,1.27,Yes,0,7.38,4.48,41.24,1,6.72
STU00736,Male,IT,9.79,62.82,60.71,1,2,0,1,57.99,6.4,7.24,6.47,6.5,5.42,2.77,No,1,4.07,1.62,56.26,0,0.0
STU00737,Male,CSE,7.86,96.62,72.66,0,5,0,3,57.39,9.27,9.5,5.66,5.4,3.45,3.62,Yes,0,4.32,9.83,47.02,0,0.0
STU00738,Male,EEE,7.36,71.52,73.07,2,4,4,0,38.05,5.67,6.14,2.32,4.22,5.13,7.79,Yes,3,5.8,6.45,52.9,0,0.0
STU00739,Female,CSE,5.3,81.11,69.19,1,1,0,0,44.35,8.71,8.22,7.2,6.52,2.66,6.62,Yes,0,4.89,7.05,48.72,0,0.0
STU00740,Female,CIVIL,7.63,78.12,61.1,1,1,3,0,52.08,4.15,6.16,7.0,8.67,1.27,5.46,Yes,1,6.37,7.86,41.82,0,0.0
STU00741,Male,IT,6.77,68.33,71.91,3,5,0,1,57.34,8.16,8.99,6.65,6.32,3.17,0.2,No,1,5.3,3.77,65.09,1,10.01
STU00742,Female,ECE,7.9,90.7,80.39,2,4,5,2,55.8,5.99,4.55,3.17,5.26,6.55,6.36,No,4,7.08,2.93,40.48,0,0.0
STU00743,Female,MECH,7.77,79.79,89.14,0,2,1,4,71.77,5.95,5.54,6.07,6.06,4.83,4.55,Yes,3,4.77,6.97,24.65,0,0.0
STU00744,Male,CIVIL,8.34,96.79,88.32,2,4,3,0,61.01,3.97,4.65,9.18,8.25,8.13,4.17,No,2,4.95,6.57,49.74,0,0.0
STU00745,Male,IT,7.96,70.73,86.5,0,4,1,1,67.53,9.3,9.8,8.62,8.11,3.5,4.58,No,1,5.56,5.94,49.4,0,0.0
STU00746,Female,IT,6.78,80.95,89.84,2,2,1,1,70.12,10.0,10.0,7.81,7.49,3.96,4.01,Yes,1,6.98,0.64,64.76,1,9.63
STU00747,Male,ECE,7.77,75.21,81.19,3,3,4,0,44.39,0.43,0.0,6.16,5.92,8.71,2.53,No,0,4.38,0.59,54.19,0,0.0
STU00748,Female,CSE,6.93,78.37,86.24,1,1,1,0,75.4,5.78,4.12,6.37,5.61,2.32,2.81,Yes,1,9.18,4.57,52.83,0,0.0
STU00749,Male,CSE,8.47,71.09,83.53,3,2,4,0,89.2,3.17,1.2,5.53,5.06,4.36,4.52,Yes,0,6.8,4.06,64.08,1,9.76
STU00750,Male,CIVIL,7.25,64.71,65.5,0,5,4,0,32.17,4.2,4.77,9.57,7.0,2.06,2.23,Yes,3,6.2,9.02,47.7,0,0.0
STU00751,Male,MECH,8.13,84.68,62.58,3,4,1,0,77.99,7.58,5.72,7.55,6.85,7.22,3.6,Yes,3,6.66,5.04,54.68,0,0.0
STU00752,Male,EEE,6.19,79.67,79.95,1,5,3,1,39.7,7.33,7.22,9.5,7.72,5.7,4.64,Yes,1,4.5,2.67,49.19,0,0.0
STU00753,Female,CSE,8.11,82.21,74.82,3,3,3,0,48.16,6.2,4.77,5.07,5.47,9.49,5.22,Yes,2,8.48,8.54,69.92,1,10.33
STU00754,Male,CSE,6.89,79.06,74.94,1,4,3,0,63.29,4.76,5.7,5.73,7.08,3.41,3.72,Yes,0,5.73,8.12,58.39,1,8.53
STU00755,Female,EEE,8.05,79.38,91.86,0,4,0,0,71.92,4.2,5.5,8.45,6.52,5.09,5.04,Yes,1,7.09,4.27,46.22,0,0.0
STU00756,Male,CSE,7.28,87.75,96.55,4,1,4,1,58.92,5.19,4.25,9.51,7.61,5.98,1.47,No,1,6.33,4.93,65.13,1,9.07
STU00757,Male,IT,7.51,75.4,79.27,2,3,1,0,76.77,6.64,8.91,5.39,6.24,7.03,5.42,Yes,1,1.39,2.44,65.39,1,10.74
STU00758,Male,CSE,8.96,71.35,81.27,2,2,2,1,41.24,2.3,1.8,6.61,6.35,1.28,2.15,Yes,0,2.02,6.38,49.66,0,0.0
STU00759,Male,IT,6.05,60.43,78.42,1,2,1,1,74.9,8.08,4.11,5.94,3.67,5.24,4.98,Yes,2,1.03,3.05,55.66,1,9.59
STU00760,Female,IT,4.76,84.16,78.34,2,6,2,3,67.07,6.08,4.43,5.53,7.5,6.19,7.51,No,3,3.73,2.7,42.15,0,0.0
STU00761,Male,IT,6.47,90.94,76.97,1,3,1,1,95.28,6.41,5.49,9.84,9.07,3.87,4.72,No,2,5.55,2.64,54.65,1,9.12
STU00762,Female,EEE,7.63,74.76,79.85,0,3,2,0,59.2,7.09,8.65,6.28,5.97,2.4,4.91,No,3,6.15,0.81,49.96,1,7.07
STU00763,Female,IT,4.44,77.61,75.19,1,4,1,0,75.03,6.36,6.93,5.27,6.26,6.52,5.1,Yes,0,1.13,5.54,56.53,0,0.0
STU00764,Female,MECH,7.41,69.25,57.66,0,0,2,0,79.76,7.64,6.65,8.5,8.89,6.84,8.27,Yes,1,7.07,1.29,42.71,0,0.0
STU00765,Male,CSE,6.39,77.89,66.53,1,3,5,1,71.78,8.03,8.32,5.15,5.81,6.22,3.87,Yes,2,5.06,6.28,60.99,1,9.56
STU00766,Male,CSE,5.19,71.05,82.8,2,3,0,1,69.12,4.74,4.46,5.43,6.48,6.43,4.3,No,1,7.32,0.76,47.16,0,0.0
STU00767,Male,CIVIL,7.3,87.08,65.93,0,4,3,0,77.55,7.08,5.82,5.44,5.85,3.63,8.02,Yes,0,1.18,0.0,39.98,0,0.0
STU00768,Female,CIVIL,6.13,80.77,72.53,1,3,0,1,79.78,6.39,5.94,7.52,5.62,3.14,7.6,No,1,6.15,6.17,34.67,0,0.0
STU00769,Male,MECH,6.99,73.59,84.83,1,5,1,2,89.17,6.78,6.76,4.69,5.27,5.05,2.23,No,0,5.11,8.0,34.26,0,0.0
STU00770,Female,EEE,7.59,71.56,69.98,0,1,1,0,36.1,6.49,7.02,6.33,6.46,3.81,2.47,Yes,1,6.15,9.63,36.34,0,0.0
STU00771,Male,CSE,6.82,74.85,77.55,2,2,0,2,35.43,6.8,7.57,4.91,4.64,7.74,2.82,Yes,3,4.41,0.87,53.15,1,8.57
STU00772,Female,ECE,9.29,60.88,68.33,2,2,2,0,60.1,3.84,5.03,7.27,5.62,5.44,8.03,Yes,2,4.76,1.27,56.11,0,0.0
STU00773,Male,CSE,6.46,100.0,86.2,2,2,2,1,77.5,9.3,7.52,4.31,4.35,3.42,5.71,No,3,4.48,9.77,64.87,1,10.03
STU00774,Male,ECE,6.31,77.27,90.14,4,6,2,1,43.96,7.04,5.92,5.89,5.66,2.79,7.41,Yes,3,4.77,4.6,55.41,1,7.86
STU00775,Male,EEE,6.66,82.6,96.73,2,3,4,0,60.65,7.85,7.83,7.29,5.62,3.78,3.67,Yes,2,4.01,2.6,59.11,1,8.41
STU00776,Male,EEE,6.82,60.83,72.86,3,6,0,0,86.62,5.38,4.12,7.27,6.84,5.49,6.05,Yes,0,6.81,2.78,63.69,1,9.47
STU00777,Female,IT,6.14,78.82,73.35,1,1,4,0,51.04,7.2,8.52,4.06,5.35,3.9,2.32,No,1,4.83,8.6,54.13,1,8.84
STU00778,Female,EEE,5.6,73.93,75.7,4,4,1,2,48.22,4.63,5.75,4.42,4.41,6.62,7.96,Yes,1,6.73,3.64,44.74,0,0.0
STU00779,Male,MECH,6.78,98.6,63.25,0,6,2,0,63.2,6.11,7.06,6.27,4.77,7.99,0.59,Yes,3,4.75,3.4,48.06,0,0.0
STU00780,Female,IT,7.48,85.43,67.21,3,5,1,0,49.6,6.88,7.6,6.34,7.26,4.93,6.36,Yes,2,7.58,5.29,74.29,1,10.11
STU00781,Female,ECE,5.83,72.28,88.82,1,2,1,3,64.55,7.27,8.46,6.23,8.1,7.31,4.46,Yes,0,6.1,3.88,45.02,0,0.0
STU00782,Female,ECE,8.81,89.53,69.02,1,4,0,1,53.68,2.9,0.54,8.2,5.66,6.05,2.14,No,4,3.97,4.71,44.95,0,0.0
STU00783,Male,IT,7.62,72.67,75.22,0,2,0,0,75.32,5.46,7.16,9.06,5.92,7.9,5.55,Yes,3,2.32,6.34,52.38,1,8.08
STU00784,Female,CSE,8.06,79.4,73.55,0,2,4,0,55.15,4.21,4.01,8.18,6.86,8.59,6.61,Yes,4,4.37,8.87,59.55,1,9.48
STU00785,Male,EEE,8.01,68.92,75.34,2,1,3,3,100.0,5.42,6.27,8.35,6.87,7.96,9.89,No,1,4.44,5.04,42.58,0,0.0
STU00786,Female,MECH,8.08,62.53,84.16,2,1,0,0,45.46,4.24,2.91,7.33,6.17,6.09,5.06,No,3,3.38,5.17,38.32,0,0.0
STU00787,Female,ECE,7.36,66.41,63.42,1,1,1,0,24.44,6.89,6.52,4.29,5.1,3.52,4.4,Yes,0,7.92,4.38,49.09,0,0.0
STU00788,Female,IT,8.77,90.52,74.33,1,2,3,2,90.16,7.21,7.09,7.02,6.57,4.77,3.79,Yes,0,2.4,0.0,57.97,0,0.0
STU00789,Male,ECE,6.47,70.21,80.6,4,3,2,0,43.27,7.04,6.73,6.19,6.5,7.64,3.34,Yes,2,5.16,5.37,58.28,1,8.69
STU00790,Male,ECE,6.81,64.34,69.01,1,0,3,1,65.74,6.11,5.71,7.36,7.21,5.76,6.78,Yes,0,1.84,8.2,44.09,0,0.0
STU00791,Male,CSE,8.74,92.3,77.21,1,3,3,0,36.64,4.12,3.15,7.06,6.55,5.13,5.32,No,2,6.56,9.19,54.31,1,8.68
STU00792,Male,CSE,5.94,74.78,83.81,1,5,2,0,61.46,8.05,7.36,6.63,6.03,2.83,6.17,No,3,5.49,5.16,61.84,1,10.7
STU00793,Male,CSE,6.29,82.62,86.52,1,3,4,1,44.95,5.54,4.16,1.83,4.74,5.49,8.51,Yes,0,7.04,6.3,52.34,1,8.3
STU00794,Female,IT,7.51,86.91,71.03,0,2,1,0,58.65,5.58,6.69,8.75,6.35,8.75,6.48,No,0,3.89,1.19,51.37,0,0.0
STU00795,Male,EEE,6.44,67.74,73.81,2,2,0,0,80.57,3.12,3.97,5.91,6.09,3.52,4.3,Yes,0,4.29,1.47,54.14,0,0.0
STU00796,Male,ECE,5.7,87.25,69.34,1,2,5,2,35.85,4.55,5.61,6.7,5.61,1.75,5.47,No,2,6.1,8.46,25.88,0,0.0
STU00797,Male,ECE,7.97,50.45,77.77,0,2,3,0,54.5,5.2,6.36,4.83,6.02,5.5,5.77,No,1,0.88,1.73,46.64,0,0.0
STU00798,Male,CSE,4.95,82.17,71.42,1,4,5,1,55.12,3.77,4.92,6.08,4.63,6.62,5.09,Yes,1,8.56,0.88,55.85,1,10.21
STU00799,Male,IT,6.98,68.62,78.93,0,1,2,0,48.75,2.18,2.55,6.45,6.64,4.02,3.29,Yes,2,6.22,5.98,40.42,0,0.0
STU00800,Female,EEE,8.45,68.47,90.88,1,3,4,0,43.53,6.56,4.43,5.65,7.56,5.04,7.92,No,0,3.78,4.18,48.25,0,0.0
STU00801,Male,IT,9.35,78.35,87.3,1,2,5,0,63.77,7.85,7.33,3.94,3.99,2.66,6.05,Yes,3,8.16,3.7,66.68,1,9.76
STU00802,Male,ECE,6.27,81.06,48.95,1,5,3,0,24.1,3.16,5.72,6.45,5.63,5.74,4.6,Yes,4,5.56,5.82,47.68,0,0.0
STU00803,Female,IT,7.21,94.1,72.36,2,4,0,3,78.76,4.54,3.58,6.23,4.89,4.91,5.56,Yes,2,6.63,7.68,44.04,0,0.0
STU00804,Female,CIVIL,7.02,77.97,70.95,1,4,3,1,43.31,7.4,8.05,5.81,5.72,7.53,6.87,No,2,2.94,4.35,36.99,0,0.0
STU00805,Female,CSE,7.83,85.2,80.9,2,2,5,0,80.45,4.75,3.62,7.1,7.52,6.57,5.05,No,4,3.47,2.14,63.76,0,0.0
STU00806,Female,ECE,7.29,90.5,64.61,1,3,2,3,42.58,7.5,7.18,7.09,5.9,4.93,4.35,Yes,4,6.49,4.15,41.95,0,0.0
STU00807,Male,MECH,7.41,90.82,74.03,2,0,3,0,99.42,3.88,3.7,5.28,6.39,0.57,1.83,No,1,5.91,1.89,37.76,0,0.0
STU00808,Male,CSE,9.04,87.26,58.93,2,1,5,0,65.74,9.29,9.94,5.46,5.42,8.15,1.64,No,1,6.51,4.01,72.56,1,10.24
STU00809,Male,ECE,6.53,70.27,83.65,2,3,5,4,68.59,6.94,8.62,5.13,4.38,5.94,1.87,No,1,9.92,5.14,42.43,0,0.0
STU00810,Male,IT,5.24,75.62,90.07,1,3,1,0,31.9,4.23,4.59,6.1,5.98,4.39,5.39,Yes,3,4.31,7.28,45.17,0,0.0
STU00811,Female,CIVIL,7.81,98.36,70.41,2,1,1,0,100.0,5.37,4.91,6.47,7.62,1.8,5.61,Yes,1,9.26,3.58,46.54,0,0.0
STU00812,Male,CSE,6.5,86.78,61.21,0,3,3,2,93.91,5.21,6.34,5.15,6.08,5.42,4.38,No,2,3.51,5.87,54.28,1,9.91
STU00813,Female,IT,7.66,79.97,87.41,0,3,2,1,82.88,4.9,5.39,3.63,5.66,2.26,4.51,No,1,5.69,6.46,46.85,1,8.4
STU00814,Male,EEE,6.42,94.55,65.72,2,0,1,0,53.54,6.05,4.56,5.88,6.28,4.57,0.15,No,3,6.0,4.47,42.92,0,0.0
STU00815,Female,CSE,8.23,80.45,86.61,0,1,3,1,90.51,2.84,3.92,7.22,5.9,6.05,7.31,No,2,4.01,2.54,47.56,0,0.0
STU00816,Male,ECE,7.47,73.82,82.11,0,4,0,0,77.45,8.06,7.64,6.17,4.32,4.48,3.97,Yes,2,2.58,5.56,52.39,0,0.0
STU00817,Female,ECE,6.4,74.91,64.97,3,5,1,1,66.53,5.12,5.17,6.98,5.39,5.49,7.62,No,0,8.67,10.0,57.4,1,7.76
STU00818,Female,EEE,6.23,73.24,83.86,3,4,1,0,42.26,3.8,4.42,5.31,4.92,2.84,1.67,Yes,1,1.98,6.08,49.13,1,7.45
STU00819,Male,CSE,7.12,88.45,76.61,4,3,2,1,50.88,5.11,4.23,8.27,6.81,3.74,5.7,No,1,5.33,7.1,58.42,1,9.01
STU00820,Male,ECE,6.38,90.85,87.08,0,0,2,0,76.78,9.75,7.73,7.44,7.57,6.49,2.03,No,4,5.96,3.42,45.47,0,0.0
STU00821,Male,EEE,5.09,84.56,60.78,1,2,2,2,44.7,3.84,5.06,8.29,7.23,9.98,6.81,Yes,2,6.63,5.5,35.48,0,0.0
STU00822,Male,ECE,6.45,88.8,71.15,0,3,1,1,67.78,6.59,7.05,4.46,5.43,9.39,3.99,Yes,0,5.97,5.5,44.12,0,0.0
STU00823,Male,MECH,8.2,86.99,76.3,2,1,2,1,43.28,6.82,6.15,4.54,4.73,0.92,7.98,No,3,1.49,4.39,32.99,0,0.0
STU00824,Male,EEE,6.23,76.91,59.88,0,4,2,0,72.35,5.49,6.57,5.71,5.44,6.16,6.12,Yes,0,7.17,8.27,50.9,1,8.13
STU00825,Male,EEE,8.59,81.78,72.59,0,2,3,0,67.33,6.17,6.64,10.0,7.09,3.64,1.96,Yes,2,5.08,3.76,51.82,1,7.86
STU00826,Female,EEE,6.39,67.14,84.69,3,1,4,0,64.74,5.69,6.34,5.63,6.68,8.24,3.8,No,0,5.2,8.01,45.78,0,0.0
STU00827,Male,CSE,6.99,76.51,66.4,1,5,0,2,64.58,4.0,3.59,5.26,5.67,8.43,4.67,No,1,7.08,6.32,51.77,0,0.0
STU00828,Male,IT,7.74,74.02,57.2,0,1,1,2,87.1,4.8,4.45,4.09,6.2,8.97,4.71,No,0,2.83,3.54,47.37,0,0.0
STU00829,Male,ECE,7.4,84.36,77.83,0,0,2,1,38.59,3.74,4.13,5.19,5.7,7.82,9.69,No,3,4.89,5.42,35.73,0,0.0
STU00830,Female,IT,7.15,81.38,79.58,1,2,0,0,45.51,5.91,6.41,5.57,7.33,7.76,6.0,No,1,4.73,7.12,52.6,0,0.0
STU00831,Male,CSE,6.85,82.71,75.9,0,3,1,4,69.1,6.06,6.13,6.61,5.83,2.87,6.37,No,0,4.99,4.99,33.5,0,0.0
STU00832,Male,EEE,6.14,67.3,82.24,1,3,2,1,25.72,7.32,9.15,5.88,6.06,4.8,6.14,Yes,0,7.36,2.26,39.81,1,5.79
STU00833,Female,CIVIL,8.29,69.77,58.9,0,6,2,2,78.33,5.31,5.02,7.41,7.29,7.25,4.35,Yes,3,6.61,3.82,42.85,0,0.0
STU00834,Female,CSE,6.47,68.85,42.02,1,3,1,0,54.72,5.06,6.74,9.98,8.06,6.08,6.14,Yes,3,5.47,5.65,59.77,1,9.87
STU00835,Female,IT,6.82,75.64,86.87,0,6,1,0,23.13,5.49,4.92,6.34,5.68,3.85,6.36,Yes,0,6.32,6.27,49.02,1,8.27
STU00836,Male,IT,8.45,60.87,69.67,1,2,5,1,87.02,5.51,5.47,6.81,6.41,2.55,5.21,Yes,1,9.25,8.08,66.98,1,10.43
STU00837,Male,ECE,8.01,72.89,75.97,0,5,3,0,78.39,3.51,5.84,7.9,6.88,4.61,3.88,Yes,0,5.26,4.89,60.49,1,9.63
STU00838,Female,ECE,6.57,89.57,73.2,1,3,2,1,55.7,4.57,3.22,4.48,4.11,1.77,1.83,Yes,1,5.25,7.95,43.93,0,0.0
STU00839,Female,IT,6.39,78.47,67.3,0,0,2,0,70.34,6.51,7.02,5.03,4.71,5.58,7.55,Yes,4,8.39,5.62,48.89,0,0.0
STU00840,Male,CSE,7.61,65.77,71.56,0,3,0,1,96.41,6.2,4.78,7.53,6.86,3.3,5.79,Yes,2,6.86,5.96,56.2,0,0.0
STU00841,Male,CSE,8.19,63.37,77.68,3,2,3,1,41.88,4.59,5.93,5.19,4.38,6.67,3.8,No,4,8.72,4.15,61.98,1,9.67
STU00842,Female,CSE,8.71,76.55,74.26,3,3,1,1,81.22,7.35,7.29,3.69,5.02,4.72,6.22,Yes,2,6.66,9.92,71.42,1,11.3
STU00843,Female,ECE,7.41,65.91,78.33,3,4,3,4,59.7,4.63,5.42,3.97,6.15,4.99,5.54,Yes,2,6.51,6.9,43.89,0,0.0
STU00844,Female,CSE,6.9,74.76,94.68,1,2,4,3,33.44,3.8,1.4,7.92,7.97,2.62,1.05,Yes,0,8.95,4.01,41.63,0,0.0
STU00845,Male,EEE,7.99,92.49,73.76,2,3,2,3,86.54,6.54,5.94,6.34,7.0,1.12,4.37,No,0,7.99,3.82,47.12,0,0.0
STU00846,Male,EEE,7.25,68.76,90.72,4,0,2,1,64.49,6.34,8.54,5.56,4.91,9.02,6.33,No,2,8.46,3.82,45.83,0,0.0
STU00847,Male,MECH,6.98,71.83,82.68,1,5,2,0,69.6,5.61,7.85,3.54,3.0,3.89,6.56,No,0,3.6,6.06,45.71,1,6.82
STU00848,Male,MECH,6.26,69.39,55.77,1,5,1,2,71.77,10.0,8.63,4.88,4.72,10.0,4.96,Yes,1,7.1,4.17,47.65,0,0.0
STU00849,Female,MECH,9.09,92.22,64.38,0,4,0,1,82.34,5.62,4.77,6.26,5.55,3.24,6.05,Yes,4,7.96,4.4,39.56,1,6.96
STU00850,Female,EEE,7.98,85.32,74.03,4,3,1,2,59.51,5.71,4.73,3.66,3.84,3.29,3.54,Yes,2,5.53,6.93,40.26,0,0.0
STU00851,Male,CIVIL,6.66,85.65,57.68,2,3,2,1,71.66,8.98,10.0,5.98,5.21,4.91,10.0,Yes,4,2.68,3.92,41.96,0,0.0
STU00852,Male,ECE,5.5,77.4,59.78,0,5,0,3,84.07,2.2,1.86,7.15,6.86,2.76,1.17,Yes,4,3.57,6.88,28.59,0,0.0
STU00853,Female,CSE,6.48,75.34,65.04,2,2,0,0,52.64,6.34,4.53,4.94,6.07,10.0,0.65,Yes,2,5.14,6.95,51.97,0,0.0
STU00854,Male,ECE,7.76,81.78,79.65,0,2,1,0,21.82,7.49,7.83,6.94,6.11,6.33,4.56,No,2,5.79,3.16,44.12,0,0.0
STU00855,Male,CIVIL,7.47,93.39,85.02,0,0,3,0,66.75,5.29,5.62,8.09,7.41,9.51,7.39,Yes,0,6.44,5.16,41.82,0,0.0
STU00856,Female,CIVIL,5.3,84.17,89.84,1,5,2,2,24.85,6.62,7.05,7.41,7.06,3.52,4.42,No,1,6.37,3.49,27.66,0,0.0
STU00857,Female,CSE,7.92,95.51,74.07,1,2,4,0,62.79,6.25,8.62,4.43,5.25,3.17,3.92,No,0,8.53,5.9,59.61,1,10.19
STU00858,Female,ECE,9.28,74.29,75.02,3,4,0,0,56.68,7.64,6.6,2.32,3.16,7.3,1.22,No,0,4.65,5.54,59.16,1,7.69
STU00859,Male,CIVIL,7.0,92.02,79.71,3,4,3,0,47.38,6.38,6.52,7.91,7.84,5.43,5.64,Yes,0,6.09,0.0,46.37,0,0.0
STU00860,Male,CIVIL,7.81,67.33,40.0,0,3,1,2,88.04,4.14,4.58,6.29,5.65,3.81,2.74,Yes,2,4.06,5.23,36.6,0,0.0
STU00861,Male,MECH,7.35,84.21,100.0,0,5,2,0,89.88,8.68,6.33,6.19,7.28,10.0,6.55,No,1,4.84,6.68,46.74,1,6.82
STU00862,Female,ECE,6.61,69.58,85.74,1,2,4,2,33.48,7.13,7.34,7.08,6.6,6.44,6.01,Yes,4,6.35,4.82,44.8,0,0.0
STU00863,Female,ECE,7.51,88.07,68.76,0,2,3,0,79.17,4.3,6.23,8.22,8.18,5.77,5.57,No,3,3.35,7.29,50.88,0,0.0
STU00864,Female,EEE,7.82,69.98,55.33,0,2,4,0,89.49,8.0,7.27,7.11,6.17,1.45,4.83,No,1,7.77,3.47,53.68,1,7.25
STU00865,Male,CSE,7.08,76.18,76.17,2,4,2,1,67.99,3.79,3.97,7.21,7.77,7.01,7.73,No,0,3.64,4.25,58.76,1,9.66
STU00866,Female,MECH,7.54,97.95,67.58,1,2,1,1,86.55,6.01,4.84,9.6,8.86,5.11,7.19,No,1,5.72,1.5,40.1,1,7.82
STU00867,Male,CSE,7.78,90.53,63.59,1,3,2,1,64.13,5.68,7.95,7.4,5.98,1.72,5.39,Yes,0,5.5,3.68,58.75,0,0.0
STU00868,Female,EEE,8.68,96.47,79.52,4,4,5,1,87.41,6.03,4.29,7.83,7.51,5.5,4.86,Yes,3,6.3,2.88,58.66,0,0.0
STU00869,Male,CSE,5.75,78.08,66.51,2,2,3,0,67.14,6.58,5.17,3.35,4.2,6.37,3.4,Yes,1,4.86,3.26,65.04,1,11.08
STU00870,Female,MECH,4.08,70.88,71.16,1,6,2,1,77.5,6.81,7.64,4.88,5.6,5.36,3.42,No,1,7.17,0.0,38.66,0,0.0
STU00871,Female,ECE,6.59,85.29,84.76,1,1,0,0,59.11,6.66,7.0,6.96,6.7,7.11,4.61,Yes,2,4.45,8.08,40.52,0,0.0
STU00872,Male,CSE,8.16,86.9,76.18,3,0,0,0,54.8,5.56,7.23,3.2,5.62,10.0,7.79,No,1,3.72,4.43,54.28,0,0.0
STU00873,Male,IT,5.55,76.0,61.27,0,5,3,0,65.72,7.95,9.85,1.9,3.28,4.83,6.01,Yes,1,5.73,5.2,59.75,0,0.0
STU00874,Female,ECE,7.69,91.53,83.35,3,5,4,3,58.22,6.03,6.06,5.74,4.57,0.76,6.67,Yes,3,5.17,5.0,55.64,1,8.48
STU00875,Male,IT,8.29,71.84,70.68,0,2,2,3,70.85,6.39,7.23,7.69,5.45,3.62,4.49,No,0,5.46,9.55,43.38,1,8.25
STU00876,Male,CSE,10.0,75.59,90.45,0,1,2,0,54.8,9.82,9.85,4.22,5.77,9.16,3.59,No,2,6.32,3.94,62.41,1,9.52
STU00877,Female,IT,8.68,80.5,70.26,0,1,2,0,82.54,6.81,6.43,7.08,6.25,6.41,8.07,No,0,1.76,6.83,50.95,0,0.0
STU00878,Female,EEE,6.59,73.81,66.06,0,2,1,0,100.0,8.8,9.13,8.3,7.38,5.1,2.71,No,2,7.45,7.13,47.88,0,0.0
STU00879,Female,EEE,7.49,88.95,87.46,1,5,5,2,49.11,6.34,7.48,7.94,6.63,6.19,2.12,No,0,7.27,2.36,49.25,0,0.0
STU00880,Male,ECE,7.84,80.17,69.2,3,4,0,0,82.04,8.03,7.26,9.09,6.88,6.21,5.15,No,1,6.92,6.23,61.73,1,7.85
STU00881,Male,CSE,7.16,99.16,69.4,3,5,2,2,65.51,6.53,6.09,5.81,5.13,7.36,1.17,Yes,2,7.23,4.19,59.78,1,9.93
STU00882,Male,MECH,9.53,83.08,60.53,1,1,1,0,44.51,4.07,2.66,6.36,6.57,2.89,6.04,Yes,1,8.34,6.62,42.11,0,0.0
STU00883,Female,EEE,6.08,79.32,73.07,0,0,1,2,68.66,4.55,3.76,5.8,5.26,7.26,2.03,Yes,1,5.68,3.99,27.87,0,0.0
STU00884,Male,CIVIL,5.19,80.3,69.45,0,4,1,0,69.75,8.32,9.32,5.56,5.27,4.27,2.15,No,2,4.8,3.85,36.94,0,0.0
STU00885,Female,CSE,6.7,81.61,90.37,0,5,5,0,76.71,6.88,4.52,6.95,7.85,0.0,6.52,No,0,5.21,8.93,64.09,1,10.41
STU00886,Male,ECE,6.92,78.51,63.36,1,2,2,0,64.69,3.94,4.44,4.74,4.17,1.93,4.99,No,1,8.37,8.33,44.49,0,0.0
STU00887,Female,ECE,7.04,83.14,66.02,1,2,4,0,64.74,7.67,7.57,9.17,7.13,1.28,0.2,No,0,4.36,6.06,61.09,0,0.0
STU00888,Female,EEE,5.99,69.3,71.43,0,5,4,3,63.25,4.56,6.16,7.8,7.89,6.95,2.59,Yes,0,4.64,3.39,36.74,0,0.0
STU00889,Female,ECE,6.66,84.75,71.97,4,3,0,2,56.09,7.52,7.26,5.09,4.37,7.66,5.03,No,1,4.64,1.84,46.28,0,0.0
STU00890,Male,IT,7.54,95.34,68.32,3,3,2,0,80.16,4.89,5.99,7.35,6.81,6.82,7.85,Yes,2,6.58,6.34,71.99,1,9.98
STU00891,Male,EEE,8.39,62.79,94.4,0,1,0,1,60.7,4.67,3.83,7.03,5.79,3.81,1.98,Yes,2,4.59,3.32,35.71,0,0.0
STU00892,Female,IT,8.32,68.55,65.36,3,3,3,0,75.07,6.98,5.14,6.19,4.48,8.73,2.1,Yes,0,3.77,9.25,69.94,1,10.33
STU00893,Female,CSE,6.6,77.19,61.14,1,2,3,0,68.43,9.16,8.76,8.56,7.03,3.37,8.84,Yes,4,6.74,5.63,67.25,0,0.0
STU00894,Female,IT,5.74,70.28,73.91,3,2,0,0,60.25,4.22,4.9,4.94,5.22,4.48,5.52,No,1,3.03,5.22,49.0,1,8.97
STU00895,Male,ECE,6.37,70.09,62.0,4,2,4,1,60.35,4.1,3.97,7.22,6.28,6.84,7.56,No,1,5.93,3.03,46.76,0,0.0
STU00896,Male,CSE,7.25,79.14,77.46,0,3,2,0,61.39,5.03,5.38,5.97,5.87,5.96,6.07,No,1,7.05,1.59,47.55,0,0.0
STU00897,Male,CSE,6.9,83.25,86.46,2,2,1,1,63.31,9.08,10.0,5.63,6.47,10.0,5.23,No,2,4.36,3.79,62.01,1,9.33
STU00898,Male,ECE,6.01,59.14,95.48,0,1,4,0,34.73,6.69,6.38,6.3,5.52,6.56,3.19,No,1,5.64,6.85,41.58,0,0.0
STU00899,Male,CIVIL,5.43,77.24,66.64,2,5,3,0,77.66,3.25,1.16,4.03,4.99,6.99,0.0,Yes,3,2.68,5.23,46.08,0,0.0
STU00900,Male,ECE,7.86,84.75,72.13,3,3,3,2,61.77,7.06,4.63,8.71,7.25,3.88,6.32,No,0,6.53,2.75,53.71,0,0.0
STU00901,Male,MECH,9.14,69.6,70.69,0,3,5,2,47.15,6.43,7.76,1.91,4.35,4.49,6.01,Yes,4,3.89,7.75,38.72,0,0.0
STU00902,Female,EEE,7.83,72.1,68.58,0,4,1,2,56.48,3.07,4.12,6.75,4.55,6.48,4.12,Yes,1,6.9,8.98,39.72,0,0.0
STU00903,Male,CSE,5.0,69.69,83.73,2,4,4,0,85.83,6.52,8.68,6.03,7.09,7.42,6.62,Yes,0,1.88,7.14,71.14,1,10.34
STU00904,Male,CSE,10.0,80.58,80.43,3,3,4,3,35.56,10.0,9.18,3.11,3.94,3.8,3.32,No,0,7.13,5.79,56.93,0,0.0
STU00905,Male,MECH,8.76,82.63,75.8,4,2,4,0,42.63,5.26,5.99,4.27,3.88,5.64,1.27,No,3,3.16,6.74,46.39,0,0.0
STU00906,Female,ECE,8.95,68.32,63.55,1,6,2,3,45.64,5.65,6.04,9.08,6.61,3.48,5.09,No,2,9.16,2.54,43.69,1,6.41
STU00907,Male,MECH,9.28,81.01,69.32,1,3,0,0,58.58,4.93,3.56,3.1,4.84,6.94,4.13,Yes,1,5.74,6.11,39.18,0,0.0
STU00908,Female,ECE,9.06,77.04,64.16,3,1,2,0,70.5,6.81,6.0,8.41,7.04,4.21,7.58,No,1,7.37,6.48,68.43,1,10.48
STU00909,Male,CIVIL,5.1,78.34,79.2,0,1,0,0,61.2,5.3,4.74,6.74,4.92,5.0,10.0,Yes,3,3.55,3.61,26.54,0,0.0
STU00910,Male,ECE,7.29,81.11,75.6,0,0,2,0,82.88,7.26,8.47,6.21,6.35,1.78,3.73,Yes,3,3.48,3.43,46.77,0,0.0
STU00911,Male,IT,7.16,82.43,75.46,2,3,3,1,59.01,6.4,5.88,7.52,6.67,5.99,5.35,Yes,1,5.47,3.45,63.77,1,10.1
STU00912,Male,CSE,6.38,74.71,83.1,1,2,0,0,77.98,5.63,4.37,3.61,5.36,7.17,4.09,No,1,7.88,2.8,45.03,0,0.0
STU00913,Male,CSE,7.36,85.03,70.95,3,3,0,0,69.12,5.66,5.57,5.56,5.65,3.78,3.06,No,0,6.9,2.51,60.29,0,0.0
STU00914,Male,IT,8.32,88.27,57.4,1,4,1,1,51.29,2.3,4.52,7.18,7.1,4.42,2.95,No,2,6.9,2.23,47.59,0,0.0
STU00915,Male,CSE,8.95,71.4,80.42,1,2,3,1,53.53,4.35,2.5,7.57,5.47,8.18,3.01,No,0,3.63,3.37,52.33,0,0.0
STU00916,Male,EEE,4.53,76.45,79.86,1,4,3,0,71.16,6.59,7.2,7.23,7.54,7.16,4.89,Yes,1,6.14,4.88,51.19,0,0.0
STU00917,Female,IT,6.86,90.44,78.61,1,2,1,2,68.11,5.11,6.27,4.42,5.42,5.59,4.99,Yes,4,4.57,3.67,40.96,0,0.0
STU00918,Male,CSE,7.73,69.59,73.25,0,2,4,2,92.59,5.22,2.95,7.59,7.54,8.01,8.24,No,1,8.17,4.25,52.95,0,0.0
STU00919,Male,ECE,6.89,90.91,61.45,0,2,2,1,81.49,6.38,6.42,6.95,6.63,3.76,4.09,Yes,1,8.31,6.1,45.09,0,0.0
STU00920,Male,CSE,6.32,62.96,78.23,2,4,0,0,62.93,7.79,6.28,4.88,5.14,4.97,4.88,No,0,5.46,6.55,53.09,0,0.0
STU00921,Male,CSE,6.84,76.92,91.05,2,5,4,2,66.85,2.52,2.22,8.18,10.0,2.85,5.93,No,1,3.06,6.44,50.22,1,8.53
STU00922,Male,IT,7.3,75.53,54.97,2,2,3,0,67.23,6.03,6.1,8.37,6.53,3.09,6.22,Yes,0,2.66,7.65,61.35,1,9.33
STU00923,Female,CSE,5.07,66.65,82.07,2,3,0,3,39.11,5.91,6.32,4.59,7.03,4.31,4.5,Yes,3,5.59,4.35,39.0,0,0.0
STU00924,Male,EEE,7.61,73.27,61.88,1,5,2,0,72.99,6.08,5.83,5.72,5.62,4.9,3.7,No,0,5.31,4.95,48.86,1,6.26
STU00925,Male,CIVIL,6.14,63.94,58.1,0,3,1,0,53.21,4.42,3.57,6.22,5.54,5.66,4.16,No,2,5.8,7.96,34.7,0,0.0
STU00926,Male,EEE,7.71,76.33,80.71,0,3,0,1,62.06,7.57,6.55,6.66,6.12,6.09,4.87,Yes,0,4.03,7.52,39.35,0,0.0
STU00927,Male,CSE,7.91,85.46,83.43,1,5,1,0,89.54,8.58,8.73,5.32,6.76,3.97,5.5,Yes,2,7.93,3.08,75.34,1,10.57
STU00928,Female,ECE,6.48,62.35,84.52,2,3,2,0,43.89,9.49,9.53,5.57,5.34,6.23,6.13,No,2,2.53,8.19,61.93,0,0.0
STU00929,Male,IT,6.83,66.67,58.65,0,3,3,0,70.87,4.42,4.63,5.88,6.34,3.62,5.2,No,2,5.64,5.79,58.21,1,10.98
STU00930,Female,IT,7.36,84.77,51.29,2,2,0,0,66.79,7.52,8.11,7.72,8.39,4.21,8.78,Yes,4,8.88,3.23,62.18,0,0.0
STU00931,Male,EEE,7.25,100.0,68.56,0,3,0,0,80.84,6.27,5.14,7.63,6.96,7.6,2.48,No,4,6.16,6.78,42.89,0,0.0
STU00932,Female,CSE,5.94,87.91,62.28,0,2,5,1,55.73,6.56,6.41,5.12,7.23,0.15,3.1,Yes,1,9.56,10.0,46.4,0,0.0
STU00933,Female,ECE,8.6,86.18,72.43,2,3,2,0,28.02,7.26,9.61,4.08,4.97,7.44,5.07,Yes,0,5.8,4.8,57.14,1,8.01
STU00934,Male,EEE,5.95,72.98,67.51,1,0,2,1,59.42,4.84,2.73,4.65,3.75,7.13,7.94,Yes,2,4.82,0.54,33.43,0,0.0
STU00935,Male,ECE,8.37,83.89,75.82,3,0,2,0,66.92,6.13,5.04,5.28,6.85,5.22,9.56,Yes,0,2.71,2.22,53.83,0,0.0
STU00936,Male,ECE,7.55,66.5,72.46,1,4,4,1,65.12,5.19,4.26,4.34,5.65,4.05,7.63,No,0,8.36,9.74,44.86,0,0.0
STU00937,Male,EEE,6.83,93.01,69.34,3,1,3,1,97.62,5.17,5.65,4.55,5.95,7.48,10.0,No,2,4.65,6.25,47.83,0,0.0
STU00938,Male,EEE,7.33,89.65,78.0,1,0,3,3,72.75,8.98,7.73,7.48,6.65,8.01,8.58,No,2,5.85,7.3,42.15,0,0.0
STU00939,Male,CSE,7.0,67.06,82.89,2,6,5,4,51.84,3.3,2.66,4.84,6.24,5.84,8.04,No,0,10.0,5.82,45.9,0,0.0
STU00940,Male,CSE,7.96,82.07,82.28,0,3,1,0,29.79,6.47,6.38,4.65,4.88,5.74,1.71,Yes,0,4.41,4.39,49.4,1,7.96
STU00941,Male,CSE,6.99,72.61,88.03,0,2,2,0,37.95,8.93,9.97,8.63,7.63,0.89,8.38,No,0,3.95,8.17,59.63,1,10.58
STU00942,Male,EEE,6.71,85.69,72.95,0,2,1,2,54.68,7.1,7.2,6.86,6.17,4.7,3.38,No,2,6.78,2.65,35.1,0,0.0
STU00943,Female,ECE,7.46,88.43,90.69,1,2,2,0,39.46,7.08,7.05,5.29,6.55,5.81,5.75,Yes,0,7.58,4.72,57.53,1,7.91
STU00944,Male,CSE,6.0,82.35,67.76,2,1,3,0,85.1,5.22,6.79,7.06,6.68,6.96,7.7,Yes,1,7.66,4.38,72.55,1,10.37
STU00945,Female,IT,6.84,81.96,73.57,1,2,2,2,57.56,7.62,7.1,4.99,5.5,7.38,4.49,Yes,2,5.21,4.84,53.4,0,0.0
STU00946,Female,ECE,7.43,72.0,81.25,2,3,3,0,65.51,4.13,8.09,3.74,3.29,0.94,10.0,No,2,9.32,5.58,46.12,0,0.0
STU00947,Female,ECE,6.29,59.42,82.23,0,0,2,0,57.54,7.31,7.13,4.86,5.25,5.46,0.76,Yes,1,6.69,1.41,46.02,0,0.0
STU00948,Female,CSE,6.75,74.83,69.49,0,1,2,1,46.3,5.7,5.96,4.53,5.31,6.27,4.83,Yes,1,6.63,2.79,47.88,1,8.47
STU00949,Female,ECE,6.7,72.65,56.83,1,4,3,1,53.67,7.21,6.49,4.52,6.19,5.15,6.14,Yes,1,6.24,3.65,49.22,0,0.0
STU00950,Female,CSE,8.42,83.27,79.0,4,5,3,1,53.68,8.89,8.24,7.59,7.91,4.97,8.09,Yes,1,4.22,1.68,77.81,1,11.11
STU00951,Male,ECE,5.18,75.34,47.66,3,0,3,2,51.46,4.93,4.98,4.37,5.18,10.0,9.06,No,2,3.74,3.16,39.01,0,0.0
STU00952,Male,ECE,6.62,84.82,88.9,4,3,1,0,71.99,4.55,3.44,7.29,6.53,6.0,2.18,Yes,2,3.86,4.53,57.06,0,0.0
STU00953,Female,IT,5.89,78.54,75.71,2,3,3,0,59.35,8.28,10.0,4.37,5.66,4.55,1.34,Yes,2,3.6,4.05,62.21,1,9.38
STU00954,Female,IT,8.22,76.0,75.27,3,5,5,1,82.29,6.41,8.21,4.87,4.39,1.65,7.76,Yes,3,6.04,7.46,73.52,1,9.76
STU00955,Male,IT,5.16,82.04,61.0,1,0,5,0,82.38,6.07,5.55,6.78,6.76,3.82,5.94,No,2,7.18,5.4,48.72,1,8.1
STU00956,Male,ECE,8.23,74.15,79.98,3,3,2,0,57.69,7.27,6.58,6.15,5.29,3.74,5.6,Yes,1,3.97,6.78,64.4,0,0.0
STU00957,Female,CSE,5.3,86.32,81.02,0,2,0,0,59.66,6.03,4.95,7.27,6.34,3.65,4.23,Yes,0,5.94,5.19,48.13,0,0.0
STU00958,Male,ECE,6.09,80.61,90.03,1,1,0,2,26.79,5.29,5.54,6.06,4.68,6.87,2.06,Yes,0,5.87,3.95,38.73,0,0.0
STU00959,Male,EEE,7.07,77.7,78.65,0,6,0,0,62.66,2.47,0.61,6.79,7.65,6.27,3.42,Yes,3,2.9,6.48,41.91,0,0.0
STU00960,Male,CSE,7.33,65.67,74.19,4,0,4,0,66.35,5.84,3.53,8.81,6.53,5.66,5.71,No,0,4.1,9.94,62.24,1,10.34
STU00961,Male,CSE,5.57,68.63,76.14,1,3,2,0,49.18,6.06,8.6,7.89,6.54,3.96,8.31,No,4,2.84,5.44,55.27,0,0.0
STU00962,Female,CIVIL,6.82,79.48,68.16,4,3,0,0,48.31,3.84,6.32,6.52,7.01,5.96,7.31,No,0,5.64,6.35,37.89,0,0.0
STU00963,Male,CSE,8.15,76.85,71.67,1,4,2,3,52.18,6.49,8.16,5.77,4.72,7.41,6.09,No,2,4.83,5.05,48.45,0,0.0
STU00964,Male,ECE,6.55,70.89,100.0,0,6,0,3,64.38,2.46,4.37,5.41,6.06,1.85,3.34,No,3,2.81,1.31,28.24,0,0.0
STU00965,Male,CIVIL,6.65,89.65,89.22,4,6,3,1,36.87,8.8,9.26,6.12,6.98,7.04,9.94,No,3,3.39,3.66,43.35,0,0.0
STU00966,Female,MECH,6.96,75.83,77.54,3,3,0,1,76.38,6.29,3.72,5.6,5.39,5.82,5.09,Yes,1,1.99,5.15,47.9,1,7.21
STU00967,Male,CSE,8.03,84.7,74.65,1,3,0,0,73.32,5.91,6.96,5.65,6.05,3.48,7.29,Yes,0,6.02,9.56,68.73,1,10.42
STU00968,Female,CIVIL,7.91,80.63,73.41,2,2,3,0,68.15,4.92,5.58,7.54,8.14,2.61,4.69,No,3,7.98,8.4,44.37,0,0.0
STU00969,Male,IT,8.5,87.13,85.46,3,6,1,0,27.6,4.49,6.58,6.18,6.06,6.71,6.25,Yes,1,2.96,5.92,64.98,1,10.06
STU00970,Female,IT,5.76,93.21,68.04,0,3,3,0,65.55,7.22,7.2,5.97,6.24,6.34,7.77,No,1,6.79,6.69,58.91,1,9.49
STU00971,Male,CSE,7.2,84.92,89.89,0,2,3,4,88.54,5.43,4.01,5.83,5.64,7.1,0.15,Yes,0,7.64,2.44,40.37,0,0.0
STU00972,Male,EEE,7.06,84.8,100.0,0,2,2,1,63.24,5.14,4.86,5.84,4.72,7.64,0.58,No,1,3.97,4.77,36.41,0,0.0
STU00973,Male,CSE,5.07,83.96,55.36,0,1,3,2,57.89,4.8,2.9,7.07,7.61,4.04,3.23,No,0,7.71,2.15,29.01,0,0.0
STU00974,Female,CSE,9.77,81.68,63.06,3,3,3,2,69.49,4.67,4.85,7.53,6.57,5.05,3.97,Yes,0,4.99,4.26,60.76,1,10.72
STU00975,Male,CSE,7.81,76.83,67.66,0,4,1,3,10.23,4.69,5.55,7.8,7.41,5.85,7.87,Yes,3,4.91,2.97,34.66,0,0.0
STU00976,Male,CSE,8.39,66.25,78.58,2,3,0,0,75.08,2.54,3.27,5.89,4.74,3.12,8.44,No,2,7.23,1.88,55.88,0,0.0
STU00977,Female,IT,8.41,81.48,78.12,2,1,0,2,35.18,4.82,2.42,8.85,7.24,10.0,6.77,Yes,1,6.31,6.2,45.37,0,0.0
STU00978,Female,IT,7.84,76.96,75.36,2,0,3,1,79.5,3.8,3.07,5.96,6.63,4.95,5.18,Yes,3,8.15,1.31,51.51,1,8.02
STU00979,Female,ECE,8.54,62.78,71.16,1,2,3,0,60.71,4.73,3.75,7.59,5.5,0.94,4.2,Yes,1,6.53,7.01,54.35,0,0.0
STU00980,Male,ECE,8.42,84.9,84.04,0,2,1,1,89.54,6.66,6.08,6.87,7.36,5.68,3.38,No,0,2.28,4.02,49.36,0,0.0
STU00981,Male,CSE,7.5,72.19,43.16,1,4,2,0,83.47,5.66,6.86,6.29,5.51,2.6,6.9,No,2,3.76,9.23,56.32,0,0.0
STU00982,Male,CSE,7.98,75.21,89.49,1,3,3,0,30.69,8.55,8.7,8.6,6.71,4.06,7.28,Yes,0,4.97,2.15,68.05,1,9.83
STU00983,Female,ECE,6.93,88.77,90.59,1,3,2,1,79.93,9.19,8.69,5.35,5.93,5.1,5.7,Yes,0,8.31,5.4,54.21,0,0.0
STU00984,Female,IT,8.64,83.36,72.6,1,2,2,0,52.78,2.29,1.25,7.32,7.85,2.97,6.34,Yes,0,4.94,3.81,52.14,1,8.5
STU00985,Female,CSE,7.58,70.23,83.21,0,2,0,0,66.78,6.11,6.21,6.64,7.74,5.21,7.21,Yes,3,5.29,4.86,54.95,1,8.57
STU00986,Female,CSE,8.74,82.27,65.93,1,3,0,0,77.51,4.24,4.16,6.02,5.16,7.15,6.14,Yes,1,3.31,3.95,59.99,1,9.33
STU00987,Female,EEE,7.25,64.01,52.12,1,6,3,3,34.47,5.62,5.18,9.62,7.15,7.54,5.0,No,0,5.39,7.71,42.77,0,0.0
STU00988,Female,MECH,6.94,68.94,75.44,0,2,0,2,46.31,6.97,3.9,3.05,7.06,4.04,8.23,No,0,5.38,5.19,23.02,0,0.0
STU00989,Male,IT,6.66,70.14,66.2,2,2,0,0,29.45,5.99,7.39,6.21,6.54,3.64,3.64,No,1,8.07,6.34,50.73,0,0.0
STU00990,Female,ECE,8.74,75.37,62.73,1,2,0,0,54.79,4.08,3.89,6.55,4.9,3.82,3.73,No,1,4.41,4.02,41.2,0,0.0
STU00991,Female,CSE,9.74,77.25,81.8,0,2,2,0,27.05,7.86,8.28,5.81,5.4,7.95,9.56,Yes,2,5.74,7.16,59.89,1,10.04
STU00992,Female,CSE,5.38,90.23,88.91,1,1,4,0,58.09,3.95,3.25,5.89,6.15,7.41,5.68,Yes,3,8.65,2.72,55.57,1,8.63
STU00993,Female,CSE,6.79,66.55,69.53,3,3,1,1,71.81,3.74,2.17,4.67,6.22,6.73,3.8,No,1,8.93,5.6,43.8,1,8.32
STU00994,Female,CSE,7.58,85.05,71.24,0,5,1,1,76.32,6.79,6.06,3.32,4.95,9.74,4.88,Yes,2,2.81,5.51,53.34,0,0.0
STU00995,Female,IT,8.36,71.37,73.26,2,2,3,0,64.2,8.17,10.0,6.34,5.92,5.65,4.79,Yes,2,2.52,2.32,63.39,1,10.36
STU00996,Male,MECH,6.99,74.52,69.37,0,1,3,1,69.7,5.98,6.63,7.53,7.23,4.03,5.93,No,2,1.68,7.05,39.92,0,0.0
STU00997,Female,IT,6.06,66.66,72.61,4,2,2,1,43.94,7.75,7.39,4.26,4.08,3.5,5.76,No,2,2.82,5.0,49.83,0,0.0
STU00998,Female,ECE,7.64,80.16,85.0,1,6,2,0,58.98,6.47,6.77,4.89,5.25,3.79,8.04,No,0,1.5,2.81,52.81,1,7.67
STU00999,Female,CSE,9.14,65.25,76.67,1,2,5,2,71.58,6.58,7.12,6.65,6.27,4.04,6.14,Yes,1,8.25,2.39,56.71,1,10.0
STU01000,Female,EEE,7.25,75.9,85.57,1,0,5,0,49.26,8.52,8.39,7.22,6.14,7.36,6.7,No,1,2.57,4.31,52.99,0,0.0
STU01001,Female,CSE,6.08,69.84,70.38,1,5,0,0,79.98,6.16,6.4,7.57,7.42,0.44,4.66,Yes,2,7.55,4.3,63.06,1,9.19
STU01002,Male,CSE,7.23,86.82,79.3,1,0,0,0,43.14,5.27,4.52,2.55,3.66,6.05,6.93,No,1,5.36,2.98,38.18,0,0.0
STU01003,Male,IT,7.75,70.28,70.49,0,4,1,1,100.0,9.11,9.28,3.4,4.66,4.65,2.2,Yes,0,6.02,4.53,58.54,0,0.0
STU01004,Male,IT,8.61,91.25,81.4,3,3,5,0,37.91,6.7,6.64,8.6,6.73,5.13,6.38,Yes,0,6.07,6.29,74.51,1,11.22
STU01005,Female,IT,7.86,78.33,97.23,1,6,1,0,58.11,7.58,7.07,2.43,4.19,3.1,5.29,Yes,0,8.29,6.77,66.01,1,9.8
STU01006,Male,CSE,5.62,75.44,85.16,1,3,1,0,38.04,6.28,5.59,5.18,6.48,8.12,4.07,Yes,0,9.49,5.04,57.33,1,9.8
STU01007,Male,IT,7.76,81.55,69.42,0,1,1,0,57.06,5.87,6.29,5.23,5.23,4.51,3.95,No,0,5.51,5.3,38.37,0,0.0
STU01008,Male,IT,7.92,80.94,73.22,0,2,1,0,53.08,5.1,4.14,9.01,8.07,7.6,5.6,No,2,3.1,8.44,51.89,0,0.0
STU01009,Male,EEE,5.52,82.25,74.22,2,4,4,1,84.37,6.11,6.04,8.65,8.58,5.19,5.52,Yes,1,4.89,8.68,52.19,0,0.0
STU01010,Male,MECH,9.53,87.98,82.46,1,2,0,2,41.38,3.51,3.49,2.61,5.11,7.14,8.56,No,0,3.58,7.59,31.02,0,0.0
STU01011,Male,EEE,8.03,62.93,72.65,2,4,0,0,45.28,6.18,5.86,6.32,6.33,4.09,2.32,No,0,1.81,7.91,50.23,0,0.0
STU01012,Male,ECE,7.6,68.35,64.69,1,1,3,0,57.13,4.75,4.67,4.45,6.46,3.96,3.74,Yes,0,1.2,4.3,49.54,0,0.0
STU01013,Female,CSE,6.39,87.91,87.78,1,3,2,0,80.62,5.35,7.79,8.08,6.89,7.43,2.29,Yes,2,2.46,6.8,66.83,1,10.49
STU01014,Male,IT,7.98,73.73,54.95,1,1,1,0,46.03,3.05,2.18,6.25,5.59,6.27,5.69,Yes,1,5.0,7.47,44.08,0,0.0
STU01015,Female,CSE,6.31,91.78,97.09,1,3,5,0,36.44,3.86,4.02,1.43,3.24,8.6,7.16,No,0,4.58,7.15,44.56,0,0.0
STU01016,Male,IT,6.68,73.35,91.79,3,6,0,0,53.89,6.46,8.37,4.39,4.69,4.31,1.32,Yes,4,5.03,7.68,68.35,1,11.06
STU01017,Male,IT,7.93,99.28,46.39,1,2,2,2,39.76,8.51,9.5,9.09,8.47,4.61,5.15,No,0,3.94,4.47,52.9,0,0.0
STU01018,Male,EEE,7.11,69.4,65.74,1,4,2,0,15.72,5.32,5.0,5.39,6.66,6.41,10.0,No,3,6.46,4.38,39.6,0,0.0
STU01019,Female,CIVIL,5.94,83.18,60.25,3,1,3,1,56.77,5.54,4.76,6.74,5.51,5.12,4.98,No,1,4.0,3.33,34.88,0,0.0
STU01020,Male,ECE,5.42,80.64,79.63,0,3,4,0,50.48,6.55,7.2,3.72,4.03,0.47,5.5,Yes,0,8.89,7.33,46.48,0,0.0
STU01021,Male,IT,8.82,70.78,75.73,2,1,2,0,14.76,8.21,6.58,6.33,5.86,7.6,2.32,Yes,2,5.9,5.16,57.91,1,9.7
STU01022,Female,ECE,8.1,79.68,69.8,1,4,3,0,59.85,5.58,4.63,8.13,6.4,6.39,5.5,Yes,1,6.9,4.86,59.67,1,8.67
STU01023,Male,EEE,6.03,92.74,79.36,0,4,0,0,73.21,7.67,8.05,8.51,7.1,4.58,8.05,Yes,2,4.15,6.86,48.59,1,7.73
STU01024,Female,IT,6.67,70.79,86.51,2,5,0,2,42.27,7.14,6.17,6.12,4.84,7.23,4.67,Yes,4,6.45,4.89,55.45,1,9.51
STU01025,Male,ECE,8.19,63.26,100.0,0,3,3,0,83.44,6.79,8.59,5.39,6.15,2.66,4.09,No,2,4.14,3.99,59.06,0,0.0
STU01026,Female,CIVIL,8.48,75.62,100.0,1,6,4,0,75.36,5.06,4.4,7.56,7.49,8.12,1.86,No,2,5.27,6.21,45.95,0,0.0
STU01027,Male,MECH,9.04,88.71,66.37,3,3,2,0,16.17,5.53,5.65,5.27,6.67,5.83,3.07,Yes,2,7.81,7.28,52.75,0,0.0
STU01028,Female,CSE,7.03,61.96,70.89,0,3,1,0,30.89,4.66,3.98,2.99,5.35,8.92,5.07,Yes,0,6.81,3.67,45.92,0,0.0
STU01029,Female,IT,6.62,70.7,75.88,1,4,2,4,86.67,4.23,7.14,8.52,7.41,8.98,7.67,No,2,8.22,2.82,51.3,0,0.0
STU01030,Male,EEE,6.95,76.53,65.57,1,2,1,1,88.58,3.51,4.36,7.49,7.6,1.16,7.35,No,1,5.24,7.21,32.72,0,0.0
STU01031,Female,IT,7.4,83.21,77.98,1,5,1,0,41.11,7.09,10.0,4.47,5.37,7.94,2.21,Yes,1,7.27,8.05,62.4,1,9.31
STU01032,Male,CSE,7.72,72.39,86.28,4,1,2,0,58.48,8.24,10.0,7.21,6.13,5.57,4.78,Yes,0,3.76,7.24,74.33,1,10.9
STU01033,Male,EEE,8.89,64.41,69.34,0,2,3,2,86.09,4.86,4.23,5.46,5.56,1.34,4.6,Yes,2,4.45,2.28,41.19,0,0.0
STU01034,Female,ECE,8.52,63.49,80.67,0,4,3,1,64.72,4.65,4.16,8.2,7.4,2.62,8.75,No,2,7.58,2.86,48.38,0,0.0
STU01035,Male,ECE,8.77,89.66,80.92,1,2,2,3,36.24,9.45,8.15,4.15,4.54,3.95,6.16,Yes,1,7.1,0.95,37.34,0,0.0
STU01036,Female,MECH,5.42,80.05,86.78,2,3,3,1,63.71,5.78,6.6,7.14,6.08,3.69,5.16,Yes,1,2.1,3.67,40.23,0,0.0
STU01037,Male,MECH,6.65,78.72,77.72,2,4,2,2,53.01,5.08,4.26,6.72,6.06,4.25,4.01,No,0,2.96,5.7,37.67,0,0.0
STU01038,Male,ECE,6.56,67.43,77.07,1,2,1,3,58.16,6.49,7.98,5.01,5.84,2.55,7.22,No,2,7.86,4.79,34.57,0,0.0
STU01039,Male,CSE,7.36,73.79,72.59,2,5,2,0,63.23,6.78,7.58,3.62,3.95,7.94,4.87,Yes,0,5.03,6.28,64.43,0,0.0
STU01040,Female,EEE,7.23,68.29,81.21,1,3,2,3,89.24,4.44,4.16,8.01,6.27,7.77,7.33,Yes,1,6.06,3.34,40.0,0,0.0
STU01041,Male,IT,6.17,71.08,97.07,2,4,0,0,69.65,6.45,6.65,5.23,5.72,3.95,4.62,No,0,4.9,2.08,49.47,0,0.0
STU01042,Male,EEE,6.17,59.51,79.94,1,3,2,1,86.45,6.49,5.93,1.26,2.74,7.0,8.38,Yes,1,2.97,5.96,43.1,0,0.0
STU01043,Male,CSE,6.73,81.11,80.64,3,4,0,0,72.6,2.67,2.01,5.97,6.99,5.28,4.57,Yes,3,6.96,9.55,68.19,1,10.4
STU01044,Female,ECE,7.76,79.98,86.56,3,5,4,0,56.98,5.17,4.04,4.93,6.06,10.0,3.05,No,4,7.53,6.46,65.41,1,9.06
STU01045,Female,CSE,8.39,90.15,50.15,1,1,2,0,51.21,9.91,10.0,6.41,6.49,5.82,7.19,No,0,5.91,2.59,66.9,1,9.95
STU01046,Female,MECH,6.85,67.38,61.23,0,4,5,2,81.11,1.19,2.51,2.74,6.11,2.32,5.03,No,2,6.08,5.3,26.16,0,0.0
STU01047,Male,CIVIL,6.95,78.74,66.37,0,5,2,2,46.5,3.24,1.0,8.43,6.85,6.24,8.92,Yes,0,4.49,5.07,36.17,0,0.0
STU01048,Female,ECE,7.44,68.77,71.77,0,3,3,0,64.82,6.83,8.02,6.53,4.61,10.0,4.98,Yes,0,4.76,4.87,52.84,0,0.0
STU01049,Male,CIVIL,6.3,61.56,74.74,0,5,0,3,67.06,4.22,5.93,5.54,5.69,5.15,1.1,Yes,0,7.32,6.37,30.42,0,0.0
STU01050,Female,CSE,6.42,88.46,73.07,1,5,0,2,54.47,8.21,7.72,5.23,5.63,7.62,5.55,Yes,1,3.78,7.22,57.37,0,0.0
STU01051,Male,MECH,8.34,80.9,66.12,4,3,5,3,66.22,7.08,8.3,5.1,4.62,5.42,4.27,No,0,6.91,8.11,41.8,0,0.0
STU01052,Male,CIVIL,8.13,78.69,79.87,0,3,3,1,49.36,5.9,4.25,6.53,6.83,3.48,7.73,Yes,0,2.29,5.62,42.89,0,0.0
STU01053,Female,CSE,7.6,79.7,69.35,1,1,0,0,74.57,6.08,7.82,7.5,7.28,1.96,4.37,Yes,0,3.58,4.58,55.51,0,0.0
STU01054,Female,IT,7.34,99.5,76.34,0,4,2,0,60.63,5.27,3.44,5.94,6.25,5.04,4.89,No,1,6.97,4.56,60.02,1,10.23
STU01055,Female,IT,5.43,81.86,74.4,1,0,2,0,59.18,6.2,8.02,6.81,6.32,5.83,2.31,Yes,1,3.95,5.25,55.5,0,0.0
STU01056,Male,CSE,8.77,68.93,79.12,2,0,1,2,73.61,8.2,8.67,7.39,7.02,5.54,6.84,Yes,3,8.4,4.61,58.79,1,9.78
STU01057,Female,CSE,8.35,100.0,88.18,1,5,1,0,81.47,4.22,2.94,7.12,6.81,3.81,2.6,No,4,8.09,5.82,55.67,1,8.82
STU01058,Female,CSE,9.0,76.94,75.93,0,2,2,2,100.0,8.31,8.48,8.61,7.59,10.0,4.31,Yes,0,6.32,4.21,67.04,1,10.04
STU01059,Male,CSE,8.0,68.13,75.25,1,4,1,0,72.6,5.6,5.51,5.16,5.98,4.84,4.59,Yes,3,3.97,6.4,57.55,1,9.45
STU01060,Male,ECE,7.79,66.61,68.12,1,6,1,2,39.92,3.25,5.39,5.68,5.71,9.46,3.92,Yes,1,5.54,9.35,48.43,0,0.0
STU01061,Male,EEE,6.59,81.0,77.27,1,4,0,0,93.4,7.9,8.33,3.8,4.34,10.0,5.79,Yes,3,4.53,5.06,52.17,1,6.8
STU01062,Female,CSE,7.59,58.33,68.32,3,2,3,2,72.36,6.6,6.82,5.23,4.88,8.48,6.74,Yes,0,2.99,3.9,64.16,1,10.13
STU01063,Female,ECE,7.77,61.38,83.74,1,4,1,0,71.12,5.09,3.75,8.39,8.26,5.07,4.14,No,1,8.48,3.53,52.0,0,0.0
STU01064,Male,EEE,7.68,84.53,69.4,3,2,1,1,50.09,5.36,4.56,3.76,4.86,4.05,5.22,Yes,1,8.58,4.37,44.82,0,0.0
STU01065,Male,IT,7.34,84.88,86.08,1,1,1,1,43.18,4.91,4.2,7.8,7.32,7.49,7.95,No,0,4.95,2.27,39.62,0,0.0
STU01066,Male,CSE,5.18,76.27,82.53,0,4,1,0,83.26,4.33,4.74,8.31,6.21,3.07,4.49,No,1,5.62,6.24,47.88,0,0.0
STU01067,Female,CSE,6.67,78.48,89.29,0,2,2,0,87.4,10.0,10.0,3.49,4.16,4.13,3.19,No,0,6.73,7.51,60.02,1,8.43
STU01068,Female,CSE,8.3,79.83,70.1,2,5,2,0,55.38,6.47,6.1,10.0,7.89,1.62,2.78,Yes,2,3.71,8.21,73.34,1,10.44
STU01069,Female,IT,4.54,78.82,78.99,1,1,2,0,55.11,8.73,9.52,6.35,5.65,5.45,8.61,No,3,7.16,6.25,53.5,1,9.6
STU01070,Male,EEE,6.46,83.49,68.85,1,2,0,0,36.84,5.96,5.49,7.08,6.84,4.79,7.73,No,0,5.78,4.09,43.11,0,0.0
STU01071,Female,CSE,7.81,89.79,80.36,2,2,0,0,58.25,5.4,6.48,6.05,6.34,6.96,3.28,No,3,6.19,8.1,53.19,0,0.0
STU01072,Male,ECE,7.71,70.24,85.02,1,4,3,3,86.61,6.34,6.65,7.33,8.06,6.57,6.13,No,1,4.64,0.0,39.28,1,6.73
STU01073,Male,MECH,7.2,78.29,77.28,0,3,5,2,39.75,4.31,3.05,5.9,5.67,5.5,3.01,No,2,5.19,3.9,25.55,0,0.0
STU01074,Female,CSE,6.86,76.81,86.12,2,1,4,0,61.27,5.94,6.56,3.04,5.48,1.33,7.5,No,1,6.28,7.72,59.16,1,9.9
STU01075,Male,MECH,6.11,59.77,61.25,3,2,2,0,82.77,6.12,7.25,5.19,4.95,7.37,5.81,No,1,3.37,2.87,51.37,0,0.0
STU01076,Male,CSE,9.46,100.0,82.06,0,3,1,0,49.81,6.99,5.54,5.71,5.82,5.44,3.96,Yes,1,8.63,2.62,57.74,0,0.0
STU01077,Female,EEE,7.89,83.64,69.58,3,2,1,3,36.79,8.7,7.9,7.88,7.08,2.65,7.76,Yes,3,5.96,6.62,37.5,0,0.0
STU01078,Female,IT,7.87,72.38,78.34,0,3,3,0,53.33,1.57,0.8,5.96,6.26,4.45,2.52,No,2,4.82,0.88,44.84,0,0.0
STU01079,Female,IT,7.4,74.95,50.61,3,4,1,0,74.32,5.56,5.22,6.18,5.4,8.92,7.86,Yes,4,8.41,8.71,66.44,1,9.91
STU01080,Male,EEE,6.74,61.63,73.2,1,4,1,1,44.11,8.13,8.28,4.43,5.72,4.33,10.0,No,0,6.58,8.71,42.72,0,0.0
STU01081,Male,CSE,7.9,65.35,85.17,0,4,0,2,38.59,6.86,7.95,6.46,5.27,3.53,3.4,No,1,5.7,2.39,48.8,0,0.0
STU01082,Male,ECE,6.43,63.79,69.52,0,5,1,1,63.64,7.13,5.32,5.06,5.68,6.5,3.19,No,2,8.81,6.65,37.87,0,0.0
STU01083,Female,CSE,7.23,67.39,61.45,1,6,1,0,39.0,3.54,4.24,6.11,5.75,2.67,4.34,No,0,5.8,6.82,49.52,0,0.0
STU01084,Male,EEE,5.15,68.8,83.68,0,3,3,0,75.99,5.06,5.48,4.44,5.08,4.55,7.05,Yes,0,6.33,4.93,42.16,0,0.0
STU01085,Male,MECH,6.75,64.78,80.78,1,3,0,0,85.74,2.62,2.83,10.0,9.02,7.96,5.54,Yes,1,6.87,3.67,40.79,0,0.0
STU01086,Male,IT,6.84,63.09,75.66,1,1,1,1,59.36,4.86,3.61,4.85,6.6,9.32,2.7,Yes,0,6.22,0.29,52.14,0,0.0
STU01087,Male,EEE,6.52,90.74,58.55,4,6,0,1,41.51,3.84,3.99,4.41,5.1,3.96,3.1,Yes,1,3.26,4.61,41.83,0,0.0
STU01088,Female,CSE,6.97,74.34,51.37,0,4,4,0,76.07,4.0,4.63,4.25,5.31,3.77,2.77,No,1,5.56,3.58,49.48,0,0.0
STU01089,Female,CSE,6.41,80.97,69.14,1,2,3,1,79.44,3.18,3.56,5.06,4.41,4.59,3.01,No,3,3.43,3.33,44.61,0,0.0
STU01090,Male,EEE,7.12,93.82,93.71,1,4,1,1,32.28,6.2,7.97,7.33,6.61,6.14,6.17,Yes,1,5.77,5.26,44.1,1,6.15
STU01091,Female,CSE,7.21,97.4,75.7,1,2,0,1,76.09,5.74,4.31,9.04,7.87,4.94,5.36,Yes,0,6.35,3.96,55.88,1,8.97
STU01092,Female,CIVIL,6.78,82.35,76.45,0,0,2,0,49.0,5.93,3.79,5.55,5.06,3.89,2.39,Yes,4,3.07,5.28,34.2,1,6.41
STU01093,Male,ECE,7.13,67.95,82.11,1,1,1,0,55.49,7.21,7.43,6.23,7.63,1.46,2.72,Yes,1,3.55,6.58,46.96,1,6.57
STU01094,Male,IT,8.22,73.37,66.46,1,4,1,0,100.0,5.14,4.19,8.17,5.66,8.55,3.24,Yes,1,6.43,5.41,69.27,0,0.0
STU01095,Male,CSE,9.19,63.37,79.53,2,3,5,0,68.78,9.18,9.1,4.39,4.89,2.63,5.82,Yes,3,2.58,7.35,69.66,1,9.54
STU01096,Female,CSE,6.79,63.8,75.24,2,4,3,0,44.26,5.75,4.19,8.21,8.4,7.69,3.32,Yes,0,9.96,2.29,68.2,1,10.28
STU01097,Male,ECE,8.81,71.48,80.04,0,1,2,1,36.7,5.26,4.9,5.33,5.3,0.12,4.78,No,1,4.56,3.23,35.25,0,0.0
STU01098,Female,ECE,5.43,85.27,85.56,0,1,2,0,63.01,4.46,5.84,4.88,7.72,6.39,4.95,Yes,1,8.99,4.0,40.25,0,0.0
STU01099,Female,MECH,7.9,83.75,77.22,0,1,2,0,85.16,5.86,9.38,5.51,5.83,6.7,2.58,Yes,4,4.95,7.7,40.79,0,0.0
STU01100,Female,EEE,7.5,64.83,74.3,2,2,3,1,54.42,5.79,6.26,5.74,6.11,8.29,9.69,Yes,2,4.62,7.0,46.34,0,0.0
STU01101,Female,IT,5.76,77.49,77.45,3,4,2,0,53.51,5.52,4.68,7.54,6.15,4.5,5.16,Yes,3,6.45,4.32,63.7,1,9.9
STU01102,Male,MECH,7.37,92.28,90.31,1,4,0,1,60.41,7.07,7.43,7.07,5.45,1.12,2.51,Yes,0,6.4,6.55,45.45,0,0.0
STU01103,Female,ECE,6.76,74.0,86.71,2,2,4,0,59.95,6.13,7.6,9.93,9.21,7.43,6.3,Yes,2,4.59,5.86,63.21,1,8.2
STU01104,Male,CIVIL,5.38,70.04,76.67,0,4,1,4,100.0,6.33,6.51,4.01,3.85,1.58,8.02,Yes,1,7.68,4.36,28.44,0,0.0
STU01105,Male,IT,6.87,68.71,66.44,1,6,5,2,63.34,6.39,4.68,6.87,6.13,7.08,6.72,No,0,3.99,8.04,51.57,1,9.05
STU01106,Male,CIVIL,5.31,72.3,73.7,1,4,1,0,86.96,7.39,8.24,5.17,4.64,7.68,2.3,No,0,1.9,7.19,51.18,1,7.67
STU01107,Male,CSE,5.72,94.16,55.24,4,2,1,1,71.55,5.93,3.97,1.36,2.83,4.14,6.42,No,2,3.67,3.78,45.48,0,0.0
STU01108,Female,CSE,5.85,75.15,69.29,0,2,4,1,70.27,5.39,6.15,7.47,7.03,7.81,0.0,Yes,1,5.55,5.51,55.29,0,0.0
STU01109,Female,IT,8.68,89.71,61.69,0,6,0,0,73.35,2.6,1.39,7.4,7.35,5.04,6.8,No,3,4.2,6.01,53.06,0,0.0
STU01110,Male,ECE,7.94,56.44,65.05,3,2,2,0,75.56,9.43,10.0,4.95,4.62,4.57,9.8,Yes,0,5.59,5.21,71.24,1,9.94
STU01111,Female,CSE,5.69,74.76,97.02,3,2,1,1,28.78,7.48,6.18,3.37,5.51,3.26,3.3,Yes,1,9.05,3.94,50.67,0,0.0
STU01112,Male,IT,6.63,91.66,90.45,0,4,2,0,91.97,5.04,7.24,2.06,4.49,6.92,5.82,No,2,6.53,4.24,52.35,1,8.1
STU01113,Male,ECE,7.78,97.22,84.5,0,4,0,0,38.18,3.09,2.11,9.95,8.17,5.11,8.99,Yes,0,7.28,4.08,41.78,0,0.0
STU01114,Male,CSE,4.72,68.23,98.56,1,3,3,1,61.92,8.81,9.49,5.88,7.42,2.63,3.39,Yes,1,10.0,7.34,54.53,1,10.7
STU01115,Male,ECE,6.39,94.1,83.95,1,4,2,0,56.05,7.19,8.36,7.98,7.4,6.04,6.75,No,4,1.97,5.49,54.4,0,0.0
STU01116,Female,EEE,9.05,93.18,74.21,0,1,0,2,78.24,5.46,5.4,7.01,5.35,6.31,3.48,No,0,5.03,5.51,32.83,0,0.0
STU01117,Female,ECE,6.52,99.26,73.68,1,0,5,2,60.34,4.61,3.23,7.05,7.37,10.0,4.05,No,1,4.87,6.87,33.06,0,0.0
STU01118,Female,CSE,6.02,91.13,93.05,0,3,2,0,52.55,7.7,10.0,5.54,4.72,8.81,5.38,No,1,4.41,2.42,56.35,1,8.49
STU01119,Male,CSE,8.04,81.71,69.07,1,0,1,2,71.11,3.89,3.72,3.88,4.72,4.88,0.0,Yes,4,7.63,5.5,42.31,0,0.0
STU01120,Female,CSE,8.51,69.58,71.51,1,4,5,0,83.01,6.26,5.2,5.5,6.18,4.85,3.97,Yes,3,3.82,4.73,71.93,1,10.51
STU01121,Male,CIVIL,6.9,77.48,60.02,2,4,4,1,62.55,8.0,9.69,7.19,6.0,5.21,7.73,Yes,0,2.8,3.01,52.77,0,0.0
STU01122,Female,ECE,7.04,83.61,73.83,0,1,0,2,65.72,6.27,6.46,7.92,7.36,4.42,2.18,No,3,7.24,6.06,40.47,1,6.51
STU01123,Female,CSE,9.62,81.43,72.43,1,3,0,0,79.59,6.71,6.48,6.06,5.34,7.12,8.64,Yes,1,5.54,4.93,69.99,1,9.76
STU01124,Male,IT,6.56,84.12,64.07,0,3,0,0,57.11,6.15,7.29,6.07,5.2,8.06,8.06,Yes,2,3.92,0.0,49.54,0,0.0
STU01125,Male,MECH,8.37,88.4,63.6,2,4,0,0,64.09,4.09,5.32,4.29,5.58,5.32,3.77,Yes,2,5.31,4.05,43.11,0,0.0
STU01126,Male,IT,7.0,69.74,80.85,2,1,3,0,24.06,9.78,8.14,6.35,6.61,5.64,2.29,Yes,1,5.51,1.74,62.55,1,9.44
STU01127,Female,CSE,5.5,87.75,76.44,1,5,0,0,53.89,7.29,6.1,5.12,6.32,8.77,4.92,Yes,1,5.56,4.46,59.23,1,9.24
STU01128,Female,ECE,5.61,85.23,82.12,0,1,2,2,54.53,8.47,6.95,4.99,5.57,8.08,6.0,No,0,3.79,9.09,32.82,0,0.0
STU01129,Male,IT,6.19,85.69,52.42,0,3,4,0,100.0,6.21,3.83,7.82,6.73,5.65,6.23,Yes,1,1.49,7.81,63.89,1,9.16
STU01130,Female,ECE,6.41,99.02,77.94,1,2,1,1,41.64,5.07,6.27,5.57,5.11,8.17,7.29,No,2,8.5,3.27,40.46,0,0.0
STU01131,Female,ECE,8.59,86.07,81.05,0,6,0,0,31.68,5.84,5.17,6.63,5.98,4.89,6.01,No,0,2.77,3.09,48.09,0,0.0
STU01132,Female,MECH,5.85,81.28,76.75,3,3,2,0,67.71,9.22,7.89,4.25,3.31,2.44,4.67,Yes,0,4.2,6.34,51.21,1,8.45
STU01133,Female,CSE,10.0,74.41,56.06,0,2,0,1,97.48,9.0,10.0,5.2,6.14,6.08,5.53,Yes,3,2.7,4.77,61.54,1,9.86
STU01134,Female,CSE,7.81,68.08,58.05,1,2,2,1,71.96,5.6,5.55,5.74,4.6,6.92,6.88,No,0,3.43,5.79,54.73,0,0.0
STU01135,Male,ECE,5.8,76.78,73.78,0,3,3,0,56.33,8.42,8.39,7.06,7.13,7.33,2.9,Yes,0,8.97,6.17,54.47,1,8.12
STU01136,Female,IT,7.82,94.08,63.79,1,2,1,0,51.06,6.79,6.22,6.09,5.11,5.28,8.69,Yes,1,7.68,6.25,56.43,0,0.0
STU01137,Male,ECE,7.82,80.97,86.88,1,3,4,1,58.98,3.37,3.42,6.82,5.45,8.42,7.21,Yes,2,3.03,3.21,52.13,1,6.47
STU01138,Female,IT,7.13,64.3,65.04,1,1,2,0,52.14,7.14,5.97,6.63,6.29,6.37,6.18,No,3,6.66,5.69,50.21,0,0.0
STU01139,Female,EEE,5.63,64.3,96.6,1,3,5,1,82.01,5.98,5.08,4.68,5.51,3.15,2.59,Yes,4,7.19,4.02,42.82,0,0.0
STU01140,Male,CSE,7.67,75.43,86.71,1,3,3,0,100.0,6.33,5.14,8.43,6.25,3.55,0.42,Yes,1,6.81,9.16,74.58,1,11.71
STU01141,Female,CSE,6.81,80.88,83.35,2,3,2,3,48.29,5.14,6.11,3.65,5.71,4.88,3.2,Yes,0,3.52,6.55,45.29,0,0.0
STU01142,Male,ECE,7.21,71.73,67.77,2,1,3,2,86.67,4.99,5.99,6.46,4.86,8.19,3.65,No,0,4.54,6.74,41.37,0,0.0
STU01143,Male,MECH,6.57,74.47,69.1,1,3,2,0,67.92,6.37,8.54,6.35,6.36,7.02,7.62,Yes,1,7.19,3.88,50.05,1,6.78
STU01144,Male,ECE,9.28,77.35,88.72,3,3,2,4,70.08,4.8,4.96,5.96,6.49,5.81,5.63,Yes,0,3.65,5.42,42.15,0,0.0
STU01145,Female,MECH,7.27,71.9,65.3,2,3,0,0,55.25,5.85,8.36,7.9,7.39,7.62,8.39,No,3,3.42,4.1,44.38,1,7.35
STU01146,Female,CSE,8.75,82.57,66.76,0,6,2,1,46.41,7.36,7.81,7.42,8.24,7.69,6.84,Yes,0,5.15,3.47,70.79,0,0.0
STU01147,Female,IT,7.15,62.94,76.86,1,6,0,0,59.5,5.37,6.66,6.84,6.2,9.29,4.41,No,1,6.5,5.2,57.9,0,0.0
STU01148,Female,CSE,8.17,86.71,71.68,0,2,4,2,62.04,5.39,3.89,6.98,6.2,3.85,7.81,No,0,2.8,1.7,47.52,0,0.0
STU01149,Male,CSE,6.83,60.2,77.36,2,2,1,3,50.46,3.31,1.67,5.14,5.01,3.3,5.83,No,1,6.43,0.98,34.5,0,0.0
STU01150,Male,IT,6.36,64.38,64.81,0,2,0,0,57.34,6.36,5.86,3.54,3.94,4.78,4.01,Yes,4,2.96,6.56,46.0,0,0.0
STU01151,Female,IT,6.54,81.94,75.49,2,4,1,0,65.7,5.93,5.41,4.9,5.37,2.67,3.69,No,1,7.49,8.38,56.4,1,8.84
STU01152,Female,CSE,8.06,79.71,84.65,2,4,1,2,39.88,5.44,3.94,4.94,4.87,3.43,6.17,No,2,3.68,7.74,45.27,0,0.0
STU01153,Male,ECE,4.99,81.14,77.83,2,1,1,3,65.44,7.21,7.09,7.1,6.45,5.98,6.26,Yes,1,4.78,2.16,39.46,0,0.0
STU01154,Female,MECH,8.51,70.63,74.54,1,2,3,1,61.41,6.09,5.39,6.49,7.83,7.72,4.83,No,0,5.21,4.13,35.92,0,0.0
STU01155,Female,CSE,5.84,62.27,78.99,0,3,1,0,48.31,6.78,7.56,6.78,5.52,3.86,5.52,Yes,0,8.23,4.59,46.88,0,0.0
STU01156,Female,IT,6.53,82.34,59.72,2,4,1,1,51.47,2.79,1.8,8.64,7.56,3.9,5.29,Yes,1,5.39,7.55,54.04,0,0.0
STU01157,Female,CSE,6.15,72.72,66.88,4,3,5,0,66.27,4.49,4.4,2.71,4.47,8.09,1.87,Yes,2,6.94,5.36,64.65,1,10.06
STU01158,Female,EEE,7.32,71.86,78.03,0,4,0,2,86.56,7.48,5.82,5.59,5.01,5.23,7.74,Yes,1,4.39,1.55,44.24,1,6.63
STU01159,Male,EEE,6.02,78.12,81.38,3,1,3,1,88.71,7.56,6.1,6.81,7.08,3.4,3.72,Yes,0,4.05,6.78,52.34,0,0.0
STU01160,Male,CSE,6.85,83.75,64.02,0,3,0,0,46.82,5.59,5.02,4.43,6.15,3.74,6.24,Yes,3,6.7,4.54,46.76,0,0.0
STU01161,Male,CIVIL,6.96,81.94,74.92,3,6,1,0,76.65,4.25,5.53,5.94,6.04,3.18,5.14,Yes,0,4.78,6.02,51.61,0,0.0
STU01162,Male,CSE,7.84,75.54,74.81,1,6,0,1,67.43,6.59,7.4,5.64,5.82,7.05,2.67,Yes,0,2.27,7.47,67.36,1,9.45
STU01163,Male,CSE,9.02,83.67,89.7,1,1,2,2,81.83,6.93,9.1,6.5,6.43,6.21,4.69,No,2,7.03,7.17,56.66,1,9.91
STU01164,Male,CSE,7.75,85.4,100.0,0,1,0,0,76.77,4.45,6.25,6.9,6.43,3.8,6.94,No,3,4.7,7.97,48.7,0,0.0
STU01165,Male,ECE,5.87,87.01,73.68,3,6,5,2,68.44,5.44,6.14,6.88,5.64,3.44,4.94,No,1,6.05,7.32,47.28,0,0.0
STU01166,Male,CIVIL,9.41,97.91,67.44,1,2,1,0,77.4,5.35,3.41,6.26,5.45,4.95,4.58,No,1,7.02,3.84,43.45,0,0.0
STU01167,Female,CSE,6.59,59.5,68.78,1,5,2,2,74.87,3.59,1.61,8.27,6.84,2.83,0.03,No,0,4.24,2.58,45.86,0,0.0
STU01168,Male,CIVIL,8.57,84.67,59.98,2,0,2,0,31.72,6.33,5.94,2.96,4.63,6.37,5.41,Yes,0,6.41,5.59,41.4,1,6.44
STU01169,Male,IT,6.3,74.35,57.37,2,2,0,1,100.0,3.03,4.2,6.01,6.63,5.74,0.88,Yes,1,5.67,9.47,53.05,0,0.0
STU01170,Female,ECE,6.97,98.24,82.56,0,0,0,0,45.3,5.81,5.64,7.48,7.33,6.35,5.8,Yes,3,1.19,9.86,36.88,0,0.0
STU01171,Male,IT,7.97,64.37,64.69,0,4,1,3,74.79,6.54,8.76,7.09,7.44,6.38,5.69,No,4,7.6,5.47,49.31,0,0.0
STU01172,Female,CSE,7.77,64.06,56.48,0,4,5,0,73.03,6.64,5.54,7.17,7.06,6.8,5.74,Yes,0,7.59,5.95,67.37,1,10.32
STU01173,Male,EEE,7.43,75.15,82.45,0,2,2,1,49.76,4.31,6.35,6.49,5.66,7.93,6.09,Yes,4,2.31,3.79,39.19,0,0.0
STU01174,Male,EEE,4.82,75.61,72.47,1,4,3,0,57.72,4.52,4.63,7.61,5.88,2.9,4.82,No,4,3.52,2.07,43.36,0,0.0
STU01175,Male,EEE,7.5,80.89,100.0,2,4,0,0,40.83,6.89,6.11,9.03,5.76,4.0,7.58,No,1,2.78,2.44,48.12,0,0.0
STU01176,Female,IT,7.66,63.34,83.39,1,1,0,0,72.4,2.29,4.49,5.64,5.68,10.0,2.01,Yes,2,3.62,6.14,46.66,0,0.0
STU01177,Male,CSE,6.94,64.14,61.73,3,3,4,0,72.45,5.26,6.6,6.79,6.23,5.97,4.96,Yes,2,5.5,4.45,75.16,1,11.39
STU01178,Male,IT,7.05,68.67,68.31,1,6,0,1,78.83,7.53,8.48,7.88,7.7,5.62,3.46,No,0,4.29,8.75,66.02,1,10.07
STU01179,Female,EEE,6.71,72.19,83.59,2,3,2,2,51.66,5.47,5.32,7.68,6.81,4.27,7.67,Yes,2,6.36,7.23,38.87,0,0.0
STU01180,Male,CSE,6.98,89.67,91.47,1,0,0,1,63.74,3.54,6.52,6.69,6.99,4.69,8.97,No,0,4.6,7.02,49.58,1,8.52
STU01181,Male,CIVIL,6.68,88.06,92.64,2,1,1,0,64.66,4.5,2.61,4.87,4.61,4.08,2.08,No,0,4.79,6.37,35.58,0,0.0
STU01182,Male,CSE,6.32,67.18,70.38,1,2,2,4,63.21,1.2,1.96,8.31,6.69,1.68,3.32,No,4,4.07,7.76,24.85,0,0.0
STU01183,Male,EEE,6.81,79.89,68.75,3,6,3,0,65.82,3.81,1.48,9.4,6.72,6.66,8.32,Yes,1,5.77,1.69,59.09,1,8.69
STU01184,Female,CSE,7.79,63.0,77.91,0,4,2,2,84.16,7.58,6.27,4.69,4.32,6.45,5.22,Yes,2,7.93,3.94,46.98,0,0.0
STU01185,Female,ECE,6.26,77.52,59.68,0,3,0,1,51.28,3.39,2.09,9.9,6.37,6.46,3.35,No,0,6.5,3.43,29.35,0,0.0
STU01186,Male,CIVIL,7.88,78.08,89.75,0,4,4,0,54.54,9.06,10.0,7.86,7.53,5.39,7.64,Yes,2,2.86,8.57,53.3,1,7.53
STU01187,Male,CIVIL,6.47,87.7,85.46,2,1,1,1,71.73,4.11,1.2,5.93,6.17,5.25,10.0,No,2,6.18,3.98,34.79,0,0.0
STU01188,Male,MECH,8.93,71.66,77.65,0,5,1,1,55.19,5.38,4.69,5.62,3.78,9.95,0.0,Yes,2,3.26,5.32,41.93,0,0.0
STU01189,Male,IT,6.02,59.51,84.72,2,4,2,0,31.89,6.1,6.35,6.73,6.79,5.48,0.68,Yes,1,6.46,1.39,64.35,1,9.7
STU01190,Female,IT,8.8,80.71,78.86,0,1,4,2,86.57,2.76,1.97,7.29,6.25,6.13,7.39,No,1,8.38,5.33,42.39,0,0.0
STU01191,Female,IT,8.99,84.96,92.12,2,3,5,0,64.73,7.68,8.46,4.92,3.71,5.11,0.39,Yes,3,3.72,2.99,69.05,1,10.91
STU01192,Female,MECH,7.11,78.57,72.43,0,3,1,1,52.86,5.76,3.48,4.39,4.73,8.45,7.54,No,3,7.37,7.6,28.78,0,0.0
STU01193,Male,CSE,7.94,70.63,84.37,1,1,3,1,83.89,4.94,5.88,4.39,4.98,5.1,3.73,Yes,1,4.85,6.97,53.81,0,0.0
STU01194,Female,CIVIL,8.05,84.77,80.25,3,2,0,1,10.91,8.32,8.67,6.53,5.72,6.33,4.48,Yes,3,4.19,2.34,37.69,0,0.0
STU01195,Female,CSE,7.56,76.7,70.48,2,5,4,2,66.16,6.29,6.98,5.75,7.24,2.78,1.2,Yes,1,2.24,6.27,68.51,1,9.71
STU01196,Male,EEE,7.83,78.46,66.98,1,1,1,3,48.07,5.13,3.81,7.45,5.0,7.59,4.83,No,4,6.44,4.1,31.5,0,0.0
STU01197,Male,IT,7.48,66.26,60.17,1,6,3,0,65.65,6.26,7.23,6.44,5.34,6.71,3.56,No,1,2.01,1.3,66.81,1,9.82
STU01198,Female,CSE,8.77,62.88,72.53,2,3,4,1,51.02,9.98,8.1,5.39,6.15,6.09,7.31,No,0,4.14,7.45,67.81,1,11.15
STU01199,Female,CIVIL,8.51,93.91,73.82,0,5,1,3,62.78,7.82,8.69,7.58,6.62,9.74,6.06,Yes,2,5.33,5.26,33.54,0,0.0
STU01200,Male,CSE,6.88,75.95,55.73,0,0,0,1,34.72,6.61,7.61,6.74,7.0,4.34,4.53,Yes,1,5.63,2.88,44.46,1,7.59
STU01201,Male,CSE,8.82,63.04,40.0,2,4,1,1,60.94,5.5,4.85,8.6,6.46,6.2,7.63,No,2,6.19,5.99,62.71,1,10.06
STU01202,Female,CSE,8.15,78.99,81.56,3,2,1,0,49.45,10.0,10.0,4.36,4.08,1.66,2.49,Yes,0,3.97,6.92,68.73,1,9.89
STU01203,Male,IT,7.67,76.87,82.56,2,3,0,3,55.22,5.77,4.53,4.07,5.22,3.79,7.71,Yes,4,2.87,6.12,40.22,0,0.0
STU01204,Male,CSE,6.7,71.72,80.49,1,3,0,2,44.87,5.19,3.91,8.32,8.02,6.74,9.21,No,1,2.62,4.26,43.14,0,0.0
STU01205,Male,ECE,6.19,87.05,69.84,3,6,1,1,72.81,3.65,4.89,7.69,7.22,4.63,1.92,Yes,3,4.8,1.43,51.29,0,0.0
STU01206,Female,MECH,6.62,90.13,56.27,1,3,2,2,46.92,5.87,6.99,7.55,7.84,4.96,5.31,Yes,0,5.05,2.44,36.56,0,0.0
STU01207,Male,IT,7.02,68.51,77.48,2,4,2,0,49.81,7.82,7.63,3.62,4.63,6.51,5.54,Yes,1,4.58,4.09,60.8,1,10.21
STU01208,Female,CIVIL,8.35,88.91,87.04,3,2,1,1,65.49,5.77,3.52,6.75,5.81,7.81,3.32,Yes,1,6.09,4.26,44.38,0,0.0
STU01209,Male,CSE,7.94,67.95,80.0,2,1,1,4,70.68,6.02,6.1,6.42,6.26,3.07,4.67,No,4,7.22,6.43,38.26,0,0.0
STU01210,Male,CIVIL,7.02,90.6,74.91,1,1,2,4,51.95,3.5,4.46,5.76,3.49,6.06,5.58,No,1,9.01,6.49,14.15,0,0.0
STU01211,Male,CIVIL,7.17,65.22,58.5,0,2,2,0,61.62,6.42,5.15,7.89,7.9,3.26,4.34,Yes,3,2.99,4.67,36.86,0,0.0
STU01212,Male,MECH,8.42,96.06,78.26,1,0,1,3,86.3,6.18,6.97,6.34,6.14,7.46,7.01,No,1,2.56,3.97,31.84,0,0.0
STU01213,Male,ECE,7.76,77.33,80.59,2,4,2,0,64.56,3.0,3.16,7.23,5.56,4.58,5.02,Yes,3,3.39,4.88,48.88,0,0.0
STU01214,Male,CIVIL,6.94,71.41,83.7,1,5,1,1,19.55,7.5,6.99,9.95,7.9,3.3,8.71,Yes,2,6.68,5.84,37.64,0,0.0
STU01215,Male,MECH,6.22,73.04,80.89,0,6,4,0,24.75,8.55,8.91,6.46,4.93,2.67,4.12,No,4,6.95,0.22,45.79,1,6.91
STU01216,Female,CSE,5.91,93.73,98.3,0,2,2,0,69.68,5.17,4.41,6.87,6.54,7.23,4.02,Yes,4,6.57,4.82,57.49,0,0.0
STU01217,Female,EEE,4.51,91.57,70.76,3,0,2,2,82.11,7.02,7.35,6.94,6.67,6.15,4.65,No,2,5.05,3.68,39.62,0,0.0
STU01218,Female,EEE,6.96,85.44,61.05,1,3,1,0,30.82,3.34,2.95,6.15,5.69,5.0,1.87,Yes,2,5.54,5.54,41.22,0,0.0
STU01219,Male,CSE,7.45,95.04,62.43,0,5,0,3,55.63,6.55,5.43,7.31,6.41,6.96,6.29,Yes,0,5.06,8.93,43.39,0,0.0
STU01220,Female,ECE,7.27,67.52,84.1,1,0,0,0,86.68,4.55,4.15,4.06,4.8,6.45,5.72,Yes,1,5.59,6.41,43.51,0,0.0
STU01221,Female,CIVIL,8.45,82.91,73.61,0,4,0,0,51.83,8.32,9.19,4.37,5.53,4.64,3.5,Yes,2,2.83,4.88,39.51,0,0.0
STU01222,Male,MECH,6.8,81.62,75.55,4,0,2,0,44.82,3.72,2.27,4.95,6.13,2.71,0.92,Yes,0,4.88,3.48,37.54,0,0.0
STU01223,Female,CSE,7.44,65.68,72.04,4,1,2,1,70.76,5.75,6.12,6.74,6.34,6.47,5.46,Yes,0,4.93,6.84,62.03,1,9.62
STU01224,Female,CSE,8.44,69.3,57.82,2,0,1,1,31.4,4.3,4.57,6.86,6.7,3.13,6.86,Yes,2,6.73,3.5,48.85,0,0.0
STU01225,Male,ECE,6.21,87.72,63.65,1,6,2,0,71.08,6.48,8.63,4.72,4.91,6.13,4.44,No,1,0.42,3.62,47.98,0,0.0
STU01226,Male,ECE,5.88,74.92,82.36,1,2,3,0,71.48,5.02,5.57,4.24,5.14,6.58,3.75,No,1,3.71,7.09,48.23,0,0.0
STU01227,Male,EEE,9.37,79.71,69.2,2,3,2,2,48.09,7.87,7.81,4.7,6.25,9.09,2.75,No,0,3.63,5.09,49.49,0,0.0
STU01228,Female,ECE,5.95,79.94,76.25,0,2,4,0,62.84,7.35,7.21,4.64,4.36,3.4,2.48,Yes,0,10.0,4.8,53.05,1,7.46
STU01229,Female,CSE,8.24,73.96,77.95,2,0,0,0,67.29,7.39,7.17,5.42,5.43,0.44,5.62,Yes,4,3.32,5.24,61.12,1,9.48
STU01230,Female,MECH,6.67,80.96,60.58,3,2,0,3,19.49,4.01,4.64,5.67,5.59,7.94,4.88,Yes,0,4.65,3.08,25.95,0,0.0
STU01231,Male,CSE,7.75,69.15,75.99,2,6,3,0,47.45,6.42,5.92,5.74,4.71,8.59,6.51,Yes,4,6.67,1.33,66.84,1,10.01
STU01232,Female,IT,8.99,100.0,73.2,2,2,1,0,43.5,6.69,7.76,7.07,7.08,9.03,4.53,Yes,2,7.53,4.67,71.38,1,11.01
STU01233,Male,IT,8.36,81.04,67.06,4,3,3,1,87.38,1.92,2.32,7.63,8.18,2.28,7.65,Yes,1,6.36,6.42,62.48,1,9.53
STU01234,Male,CSE,8.5,57.68,76.39,3,0,1,0,63.03,8.69,9.69,7.59,6.44,6.97,3.93,No,1,5.65,5.73,72.55,1,10.51
STU01235,Female,CSE,6.1,74.98,65.48,3,2,3,3,93.08,6.07,7.56,4.8,6.78,2.67,6.72,Yes,0,5.67,3.88,56.58,0,0.0
STU01236,Male,CSE,5.67,91.37,75.88,0,2,2,0,65.81,3.17,0.16,5.67,6.76,5.99,2.13,Yes,2,2.31,6.75,45.13,0,0.0
STU01237,Female,EEE,7.45,82.65,80.56,0,1,2,0,100.0,9.35,10.0,5.28,5.66,2.65,2.87,Yes,2,3.62,6.13,51.72,0,0.0
STU01238,Female,IT,5.48,76.0,64.83,1,3,4,0,66.44,4.5,2.79,5.56,4.72,3.81,5.28,Yes,4,3.93,7.96,49.77,1,9.25
STU01239,Male,MECH,6.27,84.71,67.54,0,4,4,3,70.66,5.95,4.29,5.46,7.48,5.95,10.0,Yes,1,2.9,5.0,34.27,0,0.0
STU01240,Male,EEE,6.47,75.24,77.71,1,5,2,0,50.4,7.45,9.18,7.14,7.49,6.58,2.89,Yes,1,5.11,6.5,49.08,0,0.0
STU01241,Female,IT,8.62,60.93,59.11,2,0,1,2,59.14,7.37,7.18,6.55,6.7,4.55,4.63,Yes,0,5.94,7.0,49.5,0,0.0
STU01242,Female,IT,7.71,80.1,80.84,2,0,1,1,53.9,10.0,10.0,7.44,5.83,3.97,1.77,Yes,2,5.16,4.67,60.87,1,8.9
STU01243,Male,ECE,7.74,68.31,77.82,0,2,0,1,71.64,8.66,9.55,5.11,5.9,8.29,1.93,Yes,0,5.56,4.88,46.5,1,6.99
STU01244,Female,ECE,10.0,70.02,79.48,0,1,0,1,63.59,4.24,4.38,4.32,4.79,6.3,4.7,No,0,5.04,9.16,41.71,0,0.0
STU01245,Male,CSE,7.29,59.86,97.91,0,1,1,0,66.42,6.99,7.8,9.22,8.81,3.72,7.13,No,3,4.81,4.68,50.54,0,0.0
STU01246,Female,CSE,7.96,73.51,69.97,2,3,0,2,42.01,7.8,8.12,6.43,7.08,5.22,7.9,Yes,3,3.77,7.26,60.56,1,8.99
STU01247,Male,CSE,6.3,89.74,92.43,2,1,0,1,62.82,4.81,5.36,7.79,6.64,5.35,6.47,Yes,0,4.14,3.22,60.2,1,9.5
STU01248,Female,MECH,7.37,78.31,82.01,0,2,2,0,65.43,7.32,6.11,9.43,7.37,6.43,4.96,Yes,4,5.83,3.99,49.43,1,7.34
STU01249,Male,EEE,6.64,83.77,93.62,0,1,2,4,59.39,8.92,9.94,8.66,7.58,5.59,5.93,Yes,3,7.96,5.84,23.91,0,0.0
STU01250,Male,CSE,8.17,80.33,78.11,2,5,1,1,93.55,8.34,7.7,4.86,6.03,2.06,3.38,Yes,1,3.65,3.19,67.86,1,10.98
STU01251,Female,ECE,6.6,62.52,80.83,0,0,3,2,59.45,4.31,5.92,6.03,5.31,6.51,3.37,Yes,0,3.79,2.9,36.23,0,0.0
STU01252,Male,IT,9.0,71.15,72.39,3,0,5,0,62.15,6.36,8.21,4.85,5.43,7.17,3.43,No,1,4.56,4.6,61.37,1,10.29
STU01253,Male,ECE,6.79,79.69,70.56,0,4,2,0,76.1,5.44,5.37,4.19,6.24,7.38,8.15,No,2,3.44,9.24,44.45,0,0.0
STU01254,Male,EEE,6.9,80.58,86.54,1,0,1,1,60.45,4.43,6.46,10.0,8.17,6.58,4.77,Yes,1,5.24,6.52,36.89,0,0.0
STU01255,Female,CSE,7.72,73.5,60.04,0,6,2,0,40.02,6.52,5.82,4.57,4.6,4.16,7.9,Yes,0,5.45,1.67,64.71,1,9.34
STU01256,Male,IT,6.54,88.7,85.65,3,5,0,0,47.94,4.87,4.16,5.01,5.8,8.47,4.87,No,0,5.88,4.57,64.8,1,10.18
STU01257,Female,ECE,8.53,66.18,80.74,2,1,1,3,69.75,7.55,6.87,6.66,6.22,4.15,6.11,Yes,1,2.26,6.81,40.46,0,0.0
STU01258,Male,ECE,7.51,88.57,89.72,3,3,0,1,66.48,9.65,8.32,8.22,7.45,3.49,4.4,Yes,1,2.62,4.11,61.42,0,0.0
STU01259,Male,EEE,5.87,89.37,68.54,1,4,2,2,38.17,7.08,5.6,6.39,5.45,2.44,5.9,Yes,3,5.12,2.38,37.9,0,0.0
STU01260,Male,MECH,8.04,85.0,66.61,2,0,1,0,56.8,8.19,8.99,8.11,6.53,5.14,0.81,Yes,2,7.31,8.74,46.99,0,0.0
STU01261,Male,CSE,6.68,65.19,65.58,1,2,0,1,46.06,6.4,5.4,1.66,6.19,5.92,3.7,Yes,1,8.48,8.45,46.6,0,0.0
STU01262,Female,EEE,5.97,74.45,86.19,1,5,1,0,37.65,5.22,3.94,7.57,6.66,6.67,2.31,No,3,7.84,6.13,44.39,0,0.0
STU01263,Female,CIVIL,7.63,85.84,80.11,0,4,1,0,39.24,6.33,6.63,8.0,8.04,6.24,6.14,No,1,6.38,4.87,46.87,0,0.0
STU01264,Female,ECE,6.6,80.73,100.0,1,3,4,0,66.04,7.05,7.18,7.17,7.74,5.08,4.16,Yes,0,3.55,3.44,57.28,1,8.81
STU01265,Male,CSE,6.53,78.94,67.12,1,5,3,0,62.14,6.04,4.28,6.08,6.3,8.43,3.35,Yes,1,9.6,3.06,68.32,1,10.22
STU01266,Male,ECE,7.43,70.98,78.31,0,4,2,2,100.0,9.2,7.99,8.22,6.52,2.92,1.75,No,3,4.86,6.17,39.47,0,0.0
STU01267,Male,IT,8.09,74.91,95.04,0,3,4,0,69.78,5.31,4.43,4.39,5.73,7.4,5.88,No,0,2.06,8.04,50.07,1,8.03
STU01268,Male,EEE,5.02,75.38,62.83,1,3,1,1,37.69,8.18,6.61,8.78,6.68,5.74,9.59,No,1,5.37,4.8,36.75,0,0.0
STU01269,Female,EEE,8.75,61.97,71.66,0,3,4,0,71.34,6.14,5.08,9.62,8.47,6.72,7.21,Yes,3,5.94,5.0,57.23,0,0.0
STU01270,Female,ECE,8.14,85.05,86.73,0,2,3,3,80.01,6.77,5.02,7.25,7.22,5.11,5.1,No,2,7.17,6.79,39.12,0,0.0
STU01271,Female,ECE,7.18,89.01,100.0,1,2,2,1,65.44,5.79,7.24,10.0,7.47,5.29,4.23,No,2,6.82,6.76,57.19,1,8.27
STU01272,Male,EEE,5.22,69.4,95.12,0,4,1,0,69.71,5.65,5.14,3.74,4.81,5.95,1.99,Yes,2,7.45,4.78,43.85,0,0.0
STU01273,Male,ECE,5.63,84.83,64.23,3,2,2,0,24.75,7.37,5.85,5.81,7.17,6.93,4.42,Yes,2,7.5,7.56,52.86,0,0.0
STU01274,Male,IT,7.45,80.08,70.12,2,5,2,1,81.08,4.47,5.32,5.73,5.47,3.51,8.39,No,0,5.49,3.99,56.89,1,7.9
STU01275,Male,ECE,8.63,91.7,92.24,0,2,1,0,19.28,5.14,4.9,4.0,4.17,5.01,5.78,No,4,3.9,5.11,34.68,0,0.0
STU01276,Female,IT,6.99,82.13,54.17,0,1,1,1,71.82,6.1,6.64,5.3,5.68,5.69,6.97,Yes,1,4.46,4.2,43.48,0,0.0
STU01277,Female,MECH,7.41,79.42,64.51,0,3,3,0,66.7,6.58,7.56,3.81,6.28,3.18,6.94,No,0,6.84,6.14,48.23,0,0.0
STU01278,Male,CSE,7.0,81.71,60.55,0,1,2,3,57.32,3.85,2.44,2.86,5.13,5.01,6.66,Yes,1,6.09,8.32,28.3,0,0.0
STU01279,Male,EEE,6.83,81.44,88.45,1,0,3,0,47.9,4.39,4.31,4.12,6.34,9.74,4.0,Yes,2,3.0,7.7,37.23,0,0.0
STU01280,Male,CIVIL,7.35,82.2,75.92,3,0,0,2,46.66,6.57,7.3,9.44,8.1,7.6,6.45,No,1,5.28,4.05,30.92,0,0.0
STU01281,Male,CSE,7.92,95.78,75.7,1,4,1,0,66.73,5.08,5.99,5.84,4.26,6.72,3.06,No,1,4.85,3.68,59.62,1,9.39
STU01282,Female,IT,6.58,89.68,81.95,1,1,1,0,29.68,7.69,9.25,4.52,4.39,6.73,3.2,Yes,1,7.79,4.7,48.37,0,0.0
STU01283,Female,ECE,7.68,84.38,76.98,3,1,2,4,67.44,7.36,7.79,4.7,5.77,6.04,6.35,No,1,5.39,6.66,38.61,1,6.24
STU01284,Male,IT,7.3,87.9,82.33,1,5,1,4,65.76,6.36,5.91,4.38,5.64,2.05,2.95,Yes,1,5.53,5.34,41.14,0,0.0
STU01285,Female,ECE,7.26,74.5,84.07,1,3,3,1,76.98,5.91,5.03,6.16,6.42,2.3,4.66,Yes,3,4.01,5.75,48.22,0,0.0
STU01286,Male,ECE,8.95,88.05,91.74,0,2,5,1,92.06,6.35,6.93,6.92,7.83,6.14,2.9,No,2,4.02,3.02,55.58,1,7.68
STU01287,Male,CSE,5.48,83.12,79.07,0,3,3,1,69.68,4.58,5.22,7.69,6.47,4.85,6.18,Yes,3,2.78,2.5,46.54,0,0.0
STU01288,Male,ECE,5.22,66.49,82.28,0,1,1,0,61.67,6.25,8.55,6.61,4.89,6.01,5.38,Yes,1,6.59,3.5,44.69,0,0.0
STU01289,Male,CIVIL,8.11,82.19,66.73,2,3,0,2,94.12,8.49,8.85,6.43,5.25,6.95,3.91,Yes,0,6.29,1.47,43.2,0,0.0
STU01290,Male,CSE,8.28,75.46,63.65,1,2,4,4,51.32,7.0,5.59,3.42,4.9,6.89,3.65,Yes,3,3.67,2.7,38.01,0,0.0
STU01291,Female,CSE,6.73,70.74,74.69,3,1,1,0,42.32,7.17,8.66,5.76,7.39,5.1,6.82,Yes,2,3.03,5.21,60.54,1,9.48
STU01292,Male,ECE,8.11,80.74,62.39,3,4,0,0,49.95,7.39,9.57,8.11,8.64,4.13,7.27,No,4,7.82,3.88,59.8,0,0.0
STU01293,Male,CSE,6.14,52.97,70.21,2,1,0,0,100.0,7.87,9.14,9.94,8.61,3.8,3.05,Yes,1,7.24,0.01,68.85,0,0.0
STU01294,Female,IT,7.52,86.29,95.51,1,4,0,2,93.92,8.01,8.34,6.81,5.91,9.33,3.23,No,0,2.27,5.27,62.47,1,10.07
STU01295,Female,ECE,7.35,77.37,60.24,0,3,1,0,63.54,6.12,5.57,4.41,5.44,6.69,5.27,No,3,4.49,6.37,43.74,0,0.0
STU01296,Male,MECH,5.89,99.81,71.69,1,3,1,4,100.0,2.56,2.65,3.63,4.18,4.07,0.7,No,0,7.69,5.99,17.66,0,0.0
STU01297,Female,IT,8.21,78.16,70.84,0,4,3,0,41.31,7.76,9.43,4.98,6.1,2.98,4.49,Yes,2,7.5,7.34,64.56,1,9.25
STU01298,Male,CIVIL,8.79,83.97,73.53,1,2,1,1,77.74,7.66,7.83,6.18,5.33,4.51,5.03,Yes,1,6.84,6.86,44.23,0,0.0
STU01299,Female,EEE,6.72,78.63,87.32,1,3,2,0,57.56,6.3,7.66,6.19,6.12,3.59,5.81,Yes,1,6.56,10.0,48.77,1,7.11
STU01300,Male,IT,6.83,84.81,94.19,2,0,5,0,83.47,3.91,4.09,4.91,5.56,7.56,1.37,Yes,0,7.5,5.83,57.45,1,8.88
STU01301,Male,IT,8.62,72.38,83.18,0,6,1,0,81.58,5.2,3.92,4.92,6.83,4.05,4.73,Yes,0,4.7,2.01,62.63,1,8.93
STU01302,Male,CSE,7.23,79.52,68.79,2,1,2,4,61.67,4.56,3.34,5.61,5.18,5.47,4.14,No,1,5.53,1.81,34.84,0,0.0
STU01303,Female,CSE,7.73,65.67,85.0,1,2,3,0,39.02,7.02,7.96,7.98,7.08,5.77,7.82,Yes,1,6.55,0.14,66.98,1,11.03
STU01304,Male,ECE,7.74,66.34,90.89,0,1,2,0,52.92,4.91,3.05,6.48,5.55,4.6,6.36,Yes,2,3.54,4.16,43.43,1,6.44
STU01305,Female,ECE,8.21,76.49,71.73,2,2,1,1,57.87,7.45,5.23,7.87,6.38,6.29,0.76,Yes,2,3.34,6.08,49.95,0,0.0
STU01306,Male,ECE,6.28,84.69,78.67,0,2,2,1,63.94,4.77,3.56,6.93,5.48,2.85,3.93,Yes,2,6.41,6.14,42.16,0,0.0
STU01307,Female,MECH,6.78,79.79,75.7,3,4,4,0,59.33,7.93,6.52,7.88,7.89,5.17,6.12,Yes,3,6.39,3.05,56.2,0,0.0
STU01308,Female,IT,8.03,80.03,68.82,2,3,3,3,87.42,1.38,1.19,5.35,4.99,2.14,4.52,No,1,6.75,5.16,46.91,0,0.0
STU01309,Male,IT,6.23,67.92,69.0,2,2,3,4,43.24,4.78,2.1,5.59,4.89,3.55,6.56,Yes,1,6.3,7.64,37.24,0,0.0
STU01310,Male,CSE,4.5,69.17,63.21,1,3,3,0,51.22,7.94,9.71,4.74,5.51,6.28,6.6,Yes,2,6.94,5.4,64.07,1,10.38
STU01311,Female,IT,7.82,72.3,82.41,2,1,0,1,62.47,8.35,8.45,6.35,6.44,6.51,4.27,Yes,0,6.13,3.46,59.72,1,9.8
STU01312,Male,MECH,7.94,62.43,67.02,0,2,1,0,26.14,8.04,8.11,5.97,6.59,6.64,6.11,No,1,5.47,6.22,43.95,1,6.42
STU01313,Female,EEE,6.72,84.68,66.99,1,1,2,3,88.67,6.06,6.06,7.34,7.65,2.53,2.54,Yes,1,4.94,4.72,38.48,0,0.0
STU01314,Male,MECH,8.46,85.74,64.52,1,2,1,4,53.34,8.09,8.1,7.18,7.03,4.8,0.0,No,2,3.25,5.85,28.59,0,0.0
STU01315,Male,EEE,8.64,74.15,100.0,3,2,1,2,70.08,4.48,5.19,3.21,3.57,9.52,2.24,No,1,1.97,0.88,37.66,0,0.0
STU01316,Male,CSE,6.93,75.41,71.14,2,3,0,3,38.16,8.51,7.09,6.89,6.1,4.45,2.96,Yes,1,3.84,5.32,51.3,1,8.73
STU01317,Male,ECE,7.01,75.81,74.12,2,3,0,0,31.86,6.89,6.09,6.09,5.03,3.22,6.62,Yes,1,5.72,3.6,47.26,0,0.0
STU01318,Male,CIVIL,8.48,87.58,89.42,3,1,1,0,59.84,7.28,6.96,7.09,6.24,3.95,7.44,Yes,3,6.06,6.85,45.13,0,0.0
STU01319,Male,CSE,6.72,76.7,84.95,0,0,3,1,78.91,7.92,8.75,4.37,4.96,5.01,8.12,No,1,4.47,3.87,50.27,0,0.0
STU01320,Male,IT,8.92,71.7,60.18,0,2,2,0,33.58,3.36,3.61,5.15,5.86,4.75,4.59,No,0,6.9,4.03,40.58,0,0.0
STU01321,Male,IT,9.0,71.1,42.64,0,1,2,0,51.43,5.91,5.98,6.13,5.77,2.3,4.84,No,1,5.07,4.7,50.97,1,9.68
STU01322,Female,CSE,6.8,71.42,86.3,1,4,3,0,70.89,6.05,7.32,6.09,7.81,8.09,4.65,Yes,0,5.54,5.06,62.25,1,9.51
STU01323,Male,CSE,7.4,70.19,75.82,2,3,0,0,57.1,5.35,3.03,7.93,7.77,1.15,3.46,No,2,5.49,5.04,52.38,0,0.0
STU01324,Male,ECE,4.56,79.53,86.95,3,0,2,0,92.5,6.06,5.24,5.12,5.72,9.64,4.79,Yes,2,2.65,8.34,55.28,0,0.0
STU01325,Male,IT,6.88,70.81,71.15,0,1,4,2,85.39,7.33,5.63,4.77,4.8,5.62,4.24,Yes,0,4.94,3.47,43.99,1,8.53
STU01326,Male,CSE,6.42,69.9,72.74,3,4,4,0,54.32,3.25,2.95,4.59,4.42,2.05,1.39,No,0,6.2,2.58,54.65,1,9.26
STU01327,Male,IT,5.25,70.04,52.0,0,5,1,1,81.42,4.52,2.2,7.52,6.11,5.53,7.21,Yes,3,6.19,2.92,54.49,0,0.0
STU01328,Male,ECE,7.02,82.73,85.03,3,5,1,0,78.43,6.57,6.7,4.88,6.37,8.03,7.29,Yes,0,6.03,5.02,68.66,1,9.47
STU01329,Female,ECE,7.53,68.14,63.84,3,3,1,0,43.15,7.24,6.83,6.4,7.05,2.86,4.09,No,2,4.56,1.6,56.01,1,7.35
STU01330,Male,IT,7.47,68.31,74.37,0,6,5,0,73.08,8.06,7.63,5.07,6.22,1.85,6.67,No,3,5.76,5.31,63.86,1,10.16
STU01331,Male,ECE,5.64,63.73,100.0,3,0,0,2,51.72,8.85,8.48,7.56,7.9,8.56,3.71,No,0,3.96,4.81,39.16,0,0.0
STU01332,Male,MECH,5.49,89.32,79.2,1,6,0,1,85.29,3.76,2.58,5.48,5.03,8.47,3.45,No,2,7.73,6.57,34.14,0,0.0
STU01333,Female,CSE,9.08,78.92,80.71,3,0,3,2,72.78,6.33,4.57,7.06,6.76,2.31,8.04,Yes,0,6.46,1.83,57.45,1,9.17
STU01334,Female,ECE,6.9,80.97,95.49,4,5,5,0,67.92,6.85,5.95,5.68,5.19,6.4,5.01,No,4,2.11,8.92,67.21,1,8.68
STU01335,Male,MECH,9.21,53.03,62.07,2,6,1,0,72.82,6.56,5.37,6.17,6.73,0.87,2.2,Yes,2,4.9,7.05,55.16,1,7.61
STU01336,Female,EEE,7.38,79.08,87.42,2,6,1,2,72.82,5.34,4.36,7.14,6.72,2.87,3.87,No,3,6.84,9.24,47.33,0,0.0
STU01337,Male,IT,6.83,67.39,89.54,1,5,0,0,46.92,6.06,7.84,2.36,4.02,3.12,0.68,Yes,0,3.35,5.04,51.32,0,0.0
STU01338,Male,CSE,8.19,66.11,62.84,2,5,0,0,83.02,6.93,8.8,5.22,4.68,7.69,4.95,Yes,2,4.05,6.58,74.13,1,12.02
STU01339,Male,IT,6.85,65.42,76.0,2,2,3,1,61.48,4.19,3.57,6.63,5.81,6.98,6.57,No,1,5.51,4.51,60.54,1,9.51
STU01340,Male,ECE,7.83,57.43,100.0,1,5,2,0,52.2,6.35,6.44,8.77,8.33,7.0,4.39,No,0,7.23,3.32,58.17,1,8.06
STU01341,Female,CSE,6.5,89.32,65.33,0,1,1,0,79.9,4.25,4.73,5.7,6.51,4.99,10.0,Yes,0,8.92,10.0,44.96,0,0.0
STU01342,Female,CSE,8.17,77.99,74.29,2,2,2,4,60.68,7.66,7.67,6.02,5.31,2.25,3.06,No,2,7.56,4.11,49.85,0,0.0
STU01343,Male,CSE,7.17,59.79,78.69,0,6,4,1,65.87,9.65,9.86,7.89,6.68,3.5,6.58,No,3,5.34,3.18,68.92,1,10.17
STU01344,Female,EEE,5.78,72.56,82.95,2,1,2,0,42.38,6.3,7.99,4.21,6.51,10.0,6.52,No,1,5.53,6.72,36.49,0,0.0
STU01345,Male,IT,7.88,65.61,62.53,3,5,4,0,54.83,4.38,3.51,7.19,7.24,8.64,6.03,No,2,5.02,4.37,62.87,0,0.0
STU01346,Female,ECE,8.18,77.99,72.62,1,4,1,4,83.51,8.29,8.94,5.3,5.53,2.79,5.55,Yes,2,4.05,7.36,49.46,0,0.0
STU01347,Male,MECH,7.55,77.93,77.57,2,1,1,2,29.5,5.93,4.01,8.68,8.23,6.93,5.89,Yes,2,3.86,7.44,37.28,0,0.0
STU01348,Female,IT,5.89,88.73,89.19,0,2,1,1,48.63,6.38,6.06,2.93,5.18,7.41,2.73,Yes,0,5.45,3.62,42.49,0,0.0
STU01349,Female,ECE,8.26,86.57,81.07,4,2,1,0,69.1,8.09,8.9,5.98,6.85,3.89,3.45,No,0,2.65,3.24,61.9,1,7.85
STU01350,Male,IT,6.38,88.77,61.44,1,3,2,3,47.92,6.39,7.37,6.38,5.84,6.07,3.89,Yes,3,5.29,6.46,52.5,0,0.0
STU01351,Male,CIVIL,6.08,83.02,68.0,0,1,2,1,96.05,7.51,7.44,4.47,5.39,5.37,4.79,No,4,5.12,0.28,38.26,0,0.0
STU01352,Male,CSE,5.85,77.61,85.15,2,2,4,0,71.98,5.87,3.81,7.21,6.5,5.34,6.96,Yes,0,3.24,3.78,63.85,1,9.59
STU01353,Female,CSE,7.14,93.4,62.09,1,2,2,0,76.09,9.11,8.98,4.98,5.64,5.1,4.12,Yes,0,3.5,6.27,68.2,1,10.78
STU01354,Female,ECE,8.82,95.14,94.72,2,3,1,0,58.83,6.04,6.01,5.71,5.11,7.38,4.15,Yes,4,6.72,6.05,56.25,1,7.81
STU01355,Female,IT,7.06,76.85,60.2,1,0,3,0,72.29,3.63,4.67,7.68,6.33,6.82,8.62,No,0,6.23,6.23,53.38,0,0.0
STU01356,Female,ECE,7.38,65.87,91.59,0,5,3,0,79.76,4.38,4.99,7.55,5.78,6.91,5.97,Yes,1,6.62,7.84,56.36,0,0.0
STU01357,Male,MECH,8.31,81.54,71.5,2,5,0,0,34.63,4.67,3.32,7.32,5.38,6.16,6.86,Yes,3,3.25,6.35,49.69,1,7.13
STU01358,Male,ECE,6.52,87.71,82.28,0,1,0,0,83.94,6.66,5.37,8.79,8.79,7.94,6.1,No,0,4.14,5.36,46.78,0,0.0
STU01359,Male,EEE,6.29,78.55,45.54,2,3,4,0,31.98,3.51,3.75,7.01,7.59,6.91,2.37,Yes,1,5.88,4.9,46.0,0,0.0
STU01360,Male,CSE,7.62,89.01,80.14,2,2,1,0,53.12,6.06,7.58,7.9,7.07,8.17,8.15,Yes,0,6.85,8.9,61.68,1,8.65
STU01361,Female,CIVIL,8.61,95.79,56.29,0,3,0,0,62.54,7.44,7.58,6.53,5.53,6.41,6.84,Yes,0,5.73,3.82,41.23,0,0.0
STU01362,Female,ECE,7.44,68.25,71.5,2,3,4,0,52.53,6.36,4.88,6.78,6.35,5.22,6.86,Yes,2,4.27,8.14,52.91,1,7.47
STU01363,Female,CSE,7.02,87.76,82.38,0,1,0,2,72.52,3.87,7.33,7.99,7.41,2.94,7.09,Yes,1,4.6,2.14,43.49,0,0.0
STU01364,Female,EEE,7.05,67.05,75.07,3,2,4,0,43.42,6.53,7.46,7.42,7.83,2.63,3.85,No,1,5.8,4.99,57.7,0,0.0
STU01365,Male,CSE,6.83,77.4,79.24,0,3,2,2,44.74,7.33,7.96,5.27,6.27,5.15,4.51,Yes,1,5.05,6.64,46.82,0,0.0
STU01366,Male,CSE,5.73,55.84,58.43,2,1,2,1,73.74,6.97,6.39,8.85,8.41,7.46,4.99,No,1,7.07,4.53,55.52,0,0.0
STU01367,Female,CSE,5.86,79.22,76.3,2,1,3,4,31.4,6.33,8.45,7.36,7.22,3.53,8.89,Yes,0,7.98,7.89,47.82,0,0.0
STU01368,Male,CSE,7.7,77.9,81.32,1,3,1,1,69.75,8.81,8.21,4.65,5.16,6.47,3.98,Yes,0,5.87,6.29,62.33,1,8.88
STU01369,Female,CSE,7.0,75.51,78.71,0,3,2,3,73.55,3.41,0.84,6.71,5.69,6.45,3.29,No,0,5.74,4.13,40.84,0,0.0
STU01370,Male,EEE,8.25,77.71,84.24,2,2,1,2,64.81,4.3,5.42,7.63,5.83,10.0,5.87,Yes,2,5.08,8.01,38.8,0,0.0
STU01371,Male,CSE,6.38,72.48,81.98,1,2,5,0,49.42,5.64,6.15,3.46,3.49,10.0,7.71,Yes,2,5.07,5.0,59.91,1,9.83
STU01372,Female,CSE,7.01,83.49,76.87,3,4,0,0,71.07,4.04,4.13,7.22,6.57,5.28,0.86,Yes,2,4.39,3.19,65.7,1,10.32
STU01373,Male,EEE,6.4,92.71,72.52,0,2,1,1,46.82,8.5,7.38,7.62,6.83,6.1,3.7,No,4,2.88,2.79,36.04,0,0.0
STU01374,Male,MECH,6.37,73.1,66.9,0,5,4,0,68.5,5.59,5.62,7.66,7.87,4.46,4.82,Yes,1,7.74,2.95,44.37,0,0.0
STU01375,Male,CSE,7.07,56.89,85.7,2,3,2,0,74.77,8.66,6.87,5.91,5.66,7.38,0.0,Yes,2,7.15,4.86,70.69,1,9.17
STU01376,Female,IT,5.89,69.95,66.08,1,2,1,2,63.51,4.82,7.18,8.7,7.69,3.86,6.28,Yes,1,6.31,3.9,39.53,0,0.0
STU01377,Male,EEE,7.85,70.69,74.37,1,2,1,0,80.91,9.46,9.11,6.12,6.79,6.14,4.18,Yes,0,4.63,4.79,53.74,0,0.0
STU01378,Female,CSE,6.64,74.4,77.51,2,1,1,1,56.97,3.54,3.75,5.48,6.41,3.33,2.35,No,0,4.87,4.8,41.92,0,0.0
STU01379,Female,ECE,8.32,72.73,86.91,2,3,0,2,100.0,7.85,7.96,7.39,6.71,1.46,3.56,No,1,3.79,7.58,54.45,0,0.0
STU01380,Female,ECE,7.56,95.88,59.95,1,2,3,0,30.95,7.81,8.9,7.69,6.08,6.35,3.39,Yes,4,7.09,10.0,54.14,0,0.0
STU01381,Female,IT,5.99,79.77,69.18,2,5,3,0,43.19,6.53,6.9,4.75,5.5,3.44,6.15,Yes,0,3.13,7.56,63.38,1,9.56
STU01382,Male,MECH,8.06,77.04,87.9,0,2,2,0,59.26,6.52,5.12,4.98,6.51,6.32,6.37,Yes,2,5.04,0.74,44.74,0,0.0
STU01383,Male,ECE,9.95,78.31,65.6,1,4,5,4,41.22,7.19,6.38,4.05,5.51,4.11,5.94,No,2,5.02,6.58,36.53,0,0.0
STU01384,Female,CIVIL,4.5,76.74,77.42,1,3,1,4,59.02,9.19,8.93,8.98,7.51,4.73,5.32,Yes,1,5.57,1.86,29.52,0,0.0
STU01385,Male,ECE,7.11,77.99,66.59,2,4,1,0,50.75,4.35,4.54,5.13,5.0,4.2,4.84,Yes,4,5.61,4.48,49.39,0,0.0
STU01386,Female,CSE,8.18,62.85,78.22,2,4,1,1,76.13,3.94,4.37,5.0,5.83,2.18,6.19,Yes,0,4.08,6.11,60.25,1,9.72
STU01387,Female,CIVIL,6.1,67.92,71.06,0,2,3,0,78.64,5.4,5.13,3.94,6.63,10.0,3.28,No,1,7.71,5.77,36.65,0,0.0
STU01388,Female,IT,4.99,84.56,64.99,1,5,5,0,75.94,7.63,7.04,8.54,7.4,5.09,7.51,Yes,1,3.25,8.3,69.43,1,10.55
STU01389,Female,CIVIL,6.3,66.64,65.26,3,2,5,1,52.42,6.25,4.92,6.23,6.22,7.17,2.65,Yes,1,6.14,4.59,43.09,0,0.0
STU01390,Male,CSE,8.17,58.64,77.47,0,3,3,2,90.89,7.1,7.03,2.32,4.9,7.56,7.91,No,2,1.38,7.76,53.53,0,0.0
STU01391,Female,ECE,5.67,68.62,60.06,1,1,2,1,70.87,2.69,1.16,4.88,4.5,1.86,4.98,No,2,4.65,4.37,33.12,0,0.0
STU01392,Male,MECH,7.08,77.44,76.41,1,2,3,0,64.86,6.02,8.25,2.76,5.51,5.53,3.34,No,1,4.54,5.55,43.96,0,0.0
STU01393,Female,CSE,8.36,91.97,65.28,4,4,1,3,53.85,4.28,4.93,7.34,6.4,5.63,3.73,No,3,3.53,3.86,52.43,0,0.0
STU01394,Male,CSE,5.58,75.9,88.73,0,6,1,2,56.06,3.63,3.95,0.0,1.77,5.7,0.0,Yes,4,9.61,2.96,36.16,0,0.0
STU01395,Male,MECH,4.45,77.0,69.13,4,4,1,1,39.27,7.11,5.42,6.43,6.96,4.76,8.72,Yes,2,6.47,7.44,43.83,0,0.0
STU01396,Male,IT,7.68,89.9,73.58,0,1,4,0,50.13,3.82,4.28,8.89,7.13,6.97,4.98,Yes,1,2.54,2.67,50.67,1,8.87
STU01397,Male,MECH,7.15,100.0,76.39,2,5,2,0,80.36,5.91,6.73,6.87,6.2,5.74,8.52,Yes,0,5.94,0.14,54.49,0,0.0
STU01398,Female,ECE,9.23,83.76,82.0,1,2,1,3,97.82,6.54,8.01,7.49,7.96,3.5,6.97,No,1,6.31,6.17,43.86,0,0.0
STU01399,Male,ECE,6.62,84.05,79.73,0,3,3,2,51.63,5.44,2.59,4.33,5.9,9.31,2.92,Yes,3,5.83,6.56,35.96,0,0.0
STU01400,Female,ECE,6.71,71.77,72.24,0,1,0,1,44.98,7.48,8.86,4.29,4.1,4.32,4.12,Yes,3,6.26,5.96,34.19,1,5.93
STU01401,Female,ECE,4.49,74.16,49.12,0,3,1,0,66.29,6.11,5.71,5.73,5.57,3.36,7.49,Yes,1,4.24,2.99,47.95,0,0.0
STU01402,Male,IT,7.98,71.93,81.25,0,3,1,1,46.97,3.91,3.7,7.74,6.15,5.96,5.45,No,2,5.44,5.63,46.58,0,0.0
STU01403,Female,CSE,6.82,65.0,73.12,0,1,2,0,64.7,2.54,2.57,3.14,4.61,5.49,5.89,No,2,2.6,4.87,45.87,0,0.0
STU01404,Male,CSE,7.33,69.05,70.15,3,1,1,1,60.28,8.43,7.74,4.84,3.95,3.07,3.06,No,0,4.85,5.82,56.93,0,0.0
STU01405,Male,IT,8.02,81.57,86.02,1,4,2,0,57.89,3.75,3.39,6.93,6.95,4.6,10.0,Yes,1,7.68,6.4,59.23,0,0.0
STU01406,Male,ECE,6.69,80.2,100.0,1,3,0,0,57.88,5.36,4.3,4.81,5.95,3.65,3.81,Yes,3,7.29,1.63,48.56,0,0.0
STU01407,Female,IT,6.98,82.87,52.13,2,0,2,1,99.67,4.26,4.18,7.54,5.87,5.1,7.0,No,0,2.34,2.83,50.36,0,0.0
STU01408,Male,CSE,7.76,73.01,64.05,2,3,5,0,36.34,3.95,4.67,5.94,4.95,4.46,1.67,No,0,4.62,6.48,47.6,0,0.0
STU01409,Male,CSE,8.95,78.37,91.62,0,0,0,2,62.1,4.98,5.47,6.93,6.94,6.33,2.06,No,0,1.97,5.67,37.95,0,0.0
STU01410,Male,EEE,8.13,74.01,62.73,1,1,2,0,57.56,9.09,10.0,4.74,3.81,4.71,2.5,No,0,2.39,6.47,48.13,0,0.0
STU01411,Male,MECH,5.17,72.65,57.73,4,2,2,0,54.43,6.3,7.85,6.11,6.32,4.27,2.57,No,2,6.77,5.3,41.1,0,0.0
STU01412,Female,ECE,8.46,81.29,82.9,0,2,4,1,57.51,8.59,8.23,4.99,5.86,4.3,3.83,No,3,5.97,5.25,54.83,0,0.0
STU01413,Male,MECH,7.62,82.84,69.7,1,5,3,3,62.03,6.31,4.47,6.08,4.43,4.36,5.14,Yes,2,6.17,8.38,33.62,0,0.0
STU01414,Female,CIVIL,5.5,63.41,79.87,3,4,1,0,55.86,8.42,6.79,7.74,7.21,3.61,1.6,Yes,1,4.98,2.82,53.01,1,7.45
STU01415,Female,EEE,6.06,72.0,70.99,0,5,0,0,56.23,3.21,2.41,7.51,6.06,5.7,2.12,Yes,1,5.24,6.82,42.78,0,0.0
STU01416,Male,CSE,8.41,78.16,75.97,1,4,1,1,67.38,4.53,3.46,5.96,5.38,8.3,6.14,No,4,5.47,2.98,57.86,1,9.47
STU01417,Male,CSE,8.25,75.33,65.19,0,5,2,4,75.07,5.35,4.25,7.43,6.43,3.81,2.17,Yes,2,1.88,2.23,44.72,1,8.1
STU01418,Male,CSE,6.91,86.47,86.2,2,4,4,0,40.7,4.57,5.06,10.0,8.18,4.75,2.11,No,1,4.22,6.24,62.57,1,9.59
STU01419,Female,ECE,7.94,51.42,77.69,1,1,2,0,52.79,6.44,5.58,4.89,6.22,3.31,6.37,No,3,2.68,4.18,40.8,0,0.0
STU01420,Male,ECE,6.55,84.83,65.22,2,0,2,3,59.36,4.67,5.73,8.26,6.66,4.46,6.5,No,3,5.8,5.87,32.99,0,0.0
STU01421,Male,CSE,6.93,77.02,59.1,0,3,2,0,50.54,3.97,3.51,4.78,5.3,3.71,4.46,No,1,5.65,2.69,47.58,0,0.0
STU01422,Male,CSE,6.15,84.87,68.13,3,0,1,0,76.8,6.22,6.57,7.58,7.45,3.95,5.03,Yes,1,5.35,8.28,66.15,1,9.26
STU01423,Female,MECH,7.81,81.37,71.15,4,3,1,1,85.24,3.92,4.83,6.34,5.14,6.66,2.92,Yes,1,7.42,8.53,46.97,0,0.0
STU01424,Male,EEE,7.67,77.31,98.62,0,2,4,1,60.49,7.68,7.78,10.0,7.54,8.78,1.78,Yes,1,3.83,1.24,49.64,0,0.0
STU01425,Female,EEE,6.22,69.29,77.94,0,4,2,0,77.23,4.5,6.85,8.79,7.83,2.79,5.88,No,1,6.01,4.6,53.44,0,0.0
STU01426,Male,MECH,7.29,78.16,75.47,0,2,5,0,66.32,7.12,10.0,3.94,5.44,8.75,3.3,Yes,3,4.57,3.31,45.29,0,0.0
STU01427,Female,ECE,7.06,90.48,90.94,1,2,3,0,48.65,4.1,2.38,5.69,6.57,6.06,2.35,No,2,9.37,7.96,37.28,0,0.0
STU01428,Male,CSE,8.43,77.38,88.64,2,3,4,0,50.03,5.56,5.93,4.23,4.2,6.2,3.81,Yes,0,5.93,5.38,67.25,1,10.57
STU01429,Male,MECH,7.77,89.3,92.76,3,5,0,0,72.38,7.62,6.47,8.95,7.35,10.0,3.48,Yes,2,4.07,7.45,54.21,1,7.47
STU01430,Female,EEE,6.48,72.78,52.71,1,3,2,1,76.42,7.41,6.68,5.79,6.34,6.65,4.45,Yes,3,5.3,4.53,51.16,1,6.75
STU01431,Male,MECH,5.41,65.72,80.22,3,6,1,0,75.24,4.09,4.59,10.0,8.97,8.97,5.75,Yes,2,7.21,4.83,55.22,1,7.99
STU01432,Female,CIVIL,5.21,88.4,89.33,1,2,2,1,51.33,5.67,5.33,8.47,6.98,5.85,4.99,Yes,4,5.52,9.12,36.45,0,0.0
STU01433,Female,ECE,7.62,75.9,86.95,0,3,5,0,48.02,4.03,3.14,8.1,7.61,2.77,1.16,Yes,0,3.5,7.7,46.04,0,0.0
STU01434,Male,ECE,5.9,64.65,79.08,2,4,0,3,74.15,5.68,6.01,5.54,6.81,3.5,6.1,Yes,0,2.61,5.52,48.23,1,7.01
STU01435,Female,CSE,8.4,74.52,87.47,2,3,1,3,62.71,5.13,6.6,7.02,6.05,2.61,2.73,No,1,5.66,5.33,51.45,0,0.0
STU01436,Female,MECH,7.28,68.75,100.0,1,3,4,0,36.6,5.68,6.63,4.13,4.96,5.13,3.68,Yes,3,5.57,4.02,46.5,0,0.0
STU01437,Male,CIVIL,9.19,92.93,65.62,2,6,4,1,26.42,6.81,5.47,6.7,7.03,3.91,5.66,No,1,3.11,7.66,39.03,0,0.0
STU01438,Male,CSE,9.17,91.96,66.84,2,5,2,0,61.71,8.71,9.45,4.91,5.29,4.99,6.71,No,0,6.84,5.94,76.06,1,11.43
STU01439,Female,CSE,9.05,66.9,87.41,2,3,2,0,57.3,5.36,4.45,7.73,7.36,2.99,5.36,No,4,6.77,5.41,67.24,1,10.99
STU01440,Female,MECH,7.13,72.15,100.0,1,0,3,0,78.62,5.18,4.05,6.02,6.57,6.17,8.99,No,0,4.44,3.7,42.68,0,0.0
STU01441,Male,CSE,9.47,69.45,87.2,0,6,1,0,94.73,8.89,9.31,6.25,7.17,7.03,4.67,Yes,2,4.49,4.53,76.51,1,10.34
STU01442,Female,ECE,6.55,89.3,73.81,1,6,5,0,41.76,6.1,7.85,4.84,3.75,5.5,6.83,Yes,0,2.68,5.84,50.26,0,0.0
STU01443,Male,ECE,8.13,58.94,51.32,1,3,0,0,69.75,4.56,1.51,7.96,6.49,7.81,3.33,No,2,5.72,5.54,47.78,0,0.0
STU01444,Male,MECH,7.71,76.38,76.09,1,5,1,0,77.19,5.27,5.42,8.24,6.74,6.35,4.59,No,3,5.53,5.7,51.75,0,0.0
STU01445,Female,IT,7.47,90.25,83.47,2,4,3,0,68.11,5.22,5.83,7.85,7.0,6.36,5.19,Yes,1,4.31,8.49,67.6,1,9.14
STU01446,Male,ECE,6.93,86.71,66.1,1,0,1,1,53.83,8.83,7.95,5.53,5.91,10.0,2.54,Yes,0,6.86,3.82,46.62,0,0.0
STU01447,Male,CSE,6.85,70.04,86.28,0,1,2,1,53.16,7.42,5.53,5.08,6.49,2.92,5.18,Yes,4,3.58,2.78,51.93,1,9.31
STU01448,Male,EEE,5.38,70.96,73.41,1,1,1,1,49.19,7.87,8.14,8.96,8.12,5.79,5.3,No,1,6.6,4.15,41.41,0,0.0
STU01449,Male,IT,7.71,87.83,62.52,0,2,2,1,56.41,7.35,9.93,6.89,6.14,7.03,1.54,Yes,2,5.58,5.25,54.29,0,0.0
STU01450,Female,MECH,6.78,69.5,75.54,1,5,0,0,80.36,8.07,10.0,6.95,5.16,6.98,8.64,No,0,5.16,7.86,45.73,0,0.0
STU01451,Female,CSE,6.72,75.5,78.64,0,5,1,0,55.11,3.42,4.28,4.24,6.31,5.49,5.13,Yes,4,1.93,2.01,51.02,0,0.0
STU01452,Male,CSE,4.91,81.31,67.94,0,6,3,1,80.46,4.43,4.67,6.52,5.86,8.21,6.72,Yes,4,9.16,6.6,59.86,0,0.0
STU01453,Male,CIVIL,9.23,79.24,77.48,0,2,1,1,44.55,7.21,7.54,6.65,6.86,5.97,3.77,No,4,6.63,5.05,33.48,0,0.0
STU01454,Female,EEE,9.54,82.14,74.43,1,5,1,0,96.45,5.84,4.16,1.66,3.35,2.46,4.22,No,0,6.05,6.17,50.47,1,6.77
STU01455,Male,ECE,5.22,54.03,72.33,0,6,2,2,52.17,8.97,8.31,7.03,6.31,8.54,4.55,Yes,2,4.75,4.81,50.12,0,0.0
STU01456,Male,CSE,4.78,70.64,53.5,1,1,0,2,70.49,4.27,4.81,6.07,5.87,5.49,3.68,Yes,1,2.74,4.48,40.07,0,0.0
STU01457,Female,EEE,7.47,73.04,62.76,0,0,1,0,61.05,8.27,6.05,7.35,7.87,7.3,5.88,No,3,4.67,3.51,33.81,0,0.0
STU01458,Female,CSE,7.24,68.36,54.98,0,4,1,0,90.62,4.79,5.57,4.54,5.09,5.42,8.52,No,0,0.69,5.96,50.36,0,0.0
STU01459,Male,CSE,5.29,69.29,82.29,1,3,0,4,56.56,6.82,8.13,3.18,4.89,8.46,8.7,No,0,8.07,5.92,37.93,0,0.0
STU01460,Female,EEE,7.16,66.56,59.17,0,3,2,0,74.35,6.95,7.07,7.71,7.69,5.21,8.67,No,1,3.54,3.39,38.92,0,0.0
STU01461,Male,IT,5.46,75.72,82.4,0,1,5,1,50.22,7.45,10.0,6.41,6.79,2.01,4.17,Yes,1,4.54,4.75,47.51,0,0.0
STU01462,Male,ECE,10.0,68.0,76.17,1,4,0,3,58.32,7.68,9.39,5.97,7.6,1.68,3.01,No,0,4.64,7.43,45.71,0,0.0
STU01463,Female,IT,7.89,73.42,87.38,0,0,0,0,28.89,10.0,8.94,8.63,7.26,3.7,5.58,No,3,7.35,1.43,51.54,0,0.0
STU01464,Male,CIVIL,7.19,89.67,67.95,2,4,4,1,50.33,9.87,6.99,4.77,4.31,9.29,4.71,Yes,1,3.8,6.44,49.99,0,0.0
STU01465,Female,ECE,6.96,96.25,84.64,1,1,1,1,39.82,2.59,2.32,2.83,3.57,4.21,5.33,No,2,3.38,4.15,28.66,0,0.0
STU01466,Male,IT,6.91,78.34,60.58,1,3,1,0,72.51,7.63,7.11,6.74,6.68,2.33,4.74,Yes,0,4.37,7.33,61.23,0,0.0
STU01467,Male,CIVIL,9.11,68.62,69.22,2,2,0,0,60.28,5.87,6.02,7.25,6.57,3.7,4.86,No,0,7.29,2.3,37.97,0,0.0
STU01468,Male,CSE,7.25,62.48,76.44,2,0,2,1,80.44,5.66,6.15,6.4,6.42,5.21,8.19,No,1,6.64,5.3,57.74,1,8.71
STU01469,Female,ECE,7.01,84.87,83.77,2,2,0,0,51.22,7.46,7.13,5.07,5.2,1.55,3.15,No,1,3.27,6.27,52.44,0,0.0
STU01470,Female,EEE,6.83,93.9,63.16,0,4,3,1,56.83,6.68,6.46,8.28,7.55,5.48,4.82,No,1,7.09,7.91,45.3,0,0.0
STU01471,Female,EEE,6.6,97.93,79.33,2,0,0,1,31.4,5.87,7.15,5.65,6.15,8.64,8.08,Yes,1,6.27,3.55,36.54,0,0.0
STU01472,Female,CSE,7.38,68.72,84.37,2,6,0,1,65.35,8.69,6.85,4.72,4.97,6.58,5.6,Yes,4,6.27,3.51,57.6,1,8.93
STU01473,Female,EEE,4.82,96.38,74.87,2,2,4,1,67.22,8.2,9.8,5.1,5.38,4.15,6.97,No,2,7.5,1.03,51.77,1,8.23
STU01474,Female,CSE,8.36,75.38,55.04,4,1,0,0,75.66,6.71,5.02,2.47,4.3,5.16,4.47,Yes,2,6.74,6.6,52.25,1,8.86
STU01475,Male,ECE,7.39,78.22,69.87,4,6,1,2,75.4,3.79,5.08,7.23,6.82,0.0,4.92,No,4,5.07,3.58,52.71,1,8.17
STU01476,Male,CSE,5.7,91.03,56.87,2,2,3,0,68.73,8.05,8.2,8.25,7.04,3.1,3.99,Yes,1,7.99,4.78,70.54,1,10.64
STU01477,Male,CSE,8.36,53.35,75.14,1,4,3,1,54.8,3.31,3.15,5.47,6.49,6.99,4.49,No,3,3.61,7.39,51.76,0,0.0
STU01478,Male,CIVIL,5.42,69.82,63.95,4,3,1,0,67.99,10.0,10.0,2.87,4.11,5.07,4.29,No,0,3.27,6.72,46.59,0,0.0
STU01479,Male,EEE,7.0,64.98,78.43,0,3,2,0,58.3,5.58,7.65,7.56,7.21,5.11,0.54,Yes,0,5.01,4.92,49.04,0,0.0
STU01480,Male,MECH,7.5,83.81,80.7,1,2,2,0,61.83,5.65,7.47,8.25,6.94,2.91,1.12,Yes,0,3.61,5.74,44.85,1,6.72
STU01481,Female,CSE,8.4,68.35,95.61,2,4,3,0,42.14,7.36,6.82,5.78,6.47,5.18,4.04,No,1,4.61,2.68,72.65,1,11.85
STU01482,Female,IT,5.28,66.98,93.22,0,3,5,0,65.63,8.53,9.2,6.25,7.05,6.31,1.35,No,4,5.67,4.07,58.99,1,11.13
STU01483,Male,CSE,7.9,86.05,84.95,2,5,1,2,67.51,6.2,5.08,4.62,5.64,5.93,6.22,Yes,2,6.92,6.45,61.24,1,9.79
STU01484,Female,IT,6.78,93.49,91.88,4,1,1,1,42.29,3.63,3.86,7.77,6.64,4.08,5.23,Yes,3,4.09,3.49,50.73,0,0.0
STU01485,Male,ECE,8.18,78.29,60.38,2,2,0,0,40.14,6.52,4.73,6.89,5.77,4.35,7.14,Yes,3,6.88,7.51,50.96,0,0.0
STU01486,Male,CSE,8.17,78.74,65.52,0,2,0,0,41.43,8.42,8.55,9.28,9.13,8.21,2.18,Yes,0,8.04,4.03,57.79,0,0.0
STU01487,Male,ECE,5.8,53.22,67.44,1,6,0,0,74.32,5.28,4.06,5.52,6.83,3.8,6.34,No,4,6.87,2.52,44.68,0,0.0
STU01488,Male,CSE,8.38,78.95,67.38,2,5,2,0,92.87,5.72,5.71,5.62,5.87,8.89,7.32,Yes,0,4.46,5.95,76.05,1,10.7
STU01489,Female,IT,7.16,73.52,71.62,1,3,3,1,77.04,6.85,7.29,3.73,5.15,5.26,6.2,No,2,5.37,0.0,53.46,0,0.0
STU01490,Female,CSE,7.85,83.78,66.83,2,2,4,2,59.92,6.55,5.28,7.28,8.07,2.08,5.18,Yes,2,6.82,5.1,56.25,1,7.76
STU01491,Male,CSE,6.52,85.97,90.86,3,1,1,3,23.94,6.19,5.81,4.01,6.24,8.05,4.77,Yes,0,0.85,5.81,44.89,1,8.32
STU01492,Male,CSE,6.02,56.17,75.67,0,2,2,1,87.46,4.48,4.87,8.03,6.29,5.77,4.15,Yes,0,6.28,5.1,47.01,1,9.69
STU01493,Male,CSE,7.8,100.0,72.55,0,5,1,0,70.14,6.78,6.82,2.14,5.36,6.42,5.16,No,0,6.31,5.92,59.91,1,10.37
STU01494,Female,ECE,6.81,72.45,79.84,2,3,3,1,54.91,9.38,9.48,5.12,4.71,8.48,4.18,Yes,1,2.84,4.14,56.37,0,0.0
STU01495,Male,CSE,7.78,67.93,70.57,1,2,2,0,75.64,7.82,8.78,5.01,5.76,7.91,6.82,No,1,5.85,6.93,61.03,1,11.21
STU01496,Female,ECE,5.23,61.03,75.44,3,3,4,0,86.93,7.6,9.03,5.44,6.27,10.0,2.62,No,1,6.26,0.45,61.46,1,9.18
STU01497,Male,IT,7.63,97.68,73.62,1,2,2,0,54.19,5.37,4.85,5.96,5.0,6.2,1.87,No,3,4.14,6.58,58.84,0,0.0
STU01498,Male,CSE,7.45,61.1,91.2,0,0,0,3,64.57,6.56,7.03,6.39,6.2,4.7,6.6,Yes,1,3.98,7.87,38.59,0,0.0
STU01499,Female,CSE,6.5,74.72,100.0,2,3,2,2,90.4,8.02,8.78,10.0,7.6,3.31,3.51,Yes,2,8.65,0.0,65.24,1,9.77
STU01500,Male,IT,6.11,72.72,96.56,2,3,0,0,71.39,6.15,6.08,9.05,6.88,3.42,6.87,Yes,0,6.79,0.87,62.61,1,10.06
STU01501,Female,IT,8.03,88.93,78.38,1,3,1,0,73.29,6.17,4.88,6.72,5.22,3.2,3.44,Yes,2,6.47,8.04,59.54,1,9.04
STU01502,Male,CIVIL,5.63,82.44,72.82,1,1,3,1,73.93,5.93,5.11,8.45,6.97,6.1,3.13,No,4,5.07,0.0,32.75,0,0.0
STU01503,Male,CSE,7.06,68.77,82.31,2,4,1,2,65.1,6.19,5.63,3.88,5.7,5.32,1.69,Yes,4,1.79,1.84,51.44,1,8.96
STU01504,Male,EEE,7.31,83.5,80.21,2,2,0,1,65.93,5.94,6.58,6.63,4.63,3.21,5.25,No,0,3.86,5.04,36.19,0,0.0
STU01505,Female,EEE,8.12,69.75,73.76,0,3,2,0,86.09,1.45,2.19,5.55,5.38,4.0,4.2,No,1,6.62,6.43,40.54,0,0.0
STU01506,Female,CSE,4.95,71.42,78.92,0,4,1,0,64.46,6.23,7.5,6.22,5.5,5.82,8.22,Yes,1,5.9,6.36,57.1,1,9.76
STU01507,Male,ECE,6.84,74.0,68.95,1,2,0,0,70.22,6.6,5.9,8.91,8.01,7.0,3.67,Yes,2,4.22,6.63,52.82,0,0.0
STU01508,Female,ECE,6.3,40.0,76.46,3,3,2,0,24.46,7.85,5.87,8.28,8.08,4.77,5.96,Yes,0,5.49,1.6,59.65,1,8.1
STU01509,Male,EEE,7.74,100.0,69.89,2,2,1,3,68.03,8.04,8.52,5.87,5.78,6.45,4.54,No,1,7.7,0.69,40.17,0,0.0
STU01510,Male,CSE,6.63,84.34,53.9,1,0,2,0,28.51,7.12,8.29,8.45,6.17,3.8,3.07,Yes,2,6.05,1.75,50.47,0,0.0
STU01511,Male,ECE,6.21,68.89,82.92,0,4,0,0,81.28,4.48,3.1,6.98,7.77,7.15,1.9,No,2,4.39,5.53,41.95,0,0.0
STU01512,Male,EEE,7.53,61.4,48.67,2,3,3,0,55.08,5.48,7.55,6.13,5.71,5.87,5.42,Yes,3,6.27,1.2,49.9,0,0.0
STU01513,Male,ECE,6.79,82.06,77.31,0,3,3,0,51.25,5.81,4.02,7.66,5.77,7.52,2.66,Yes,1,7.33,8.68,47.85,1,6.88
STU01514,Male,IT,4.94,79.53,93.54,3,3,1,0,35.48,3.79,2.3,5.58,4.46,3.72,4.91,No,1,1.17,7.38,48.64,1,8.38
STU01515,Female,CIVIL,7.4,79.52,95.29,0,4,4,1,40.84,6.89,8.5,4.74,4.8,8.05,4.22,No,3,3.73,5.22,41.01,0,0.0
STU01516,Male,MECH,5.42,97.27,71.12,1,2,5,0,20.54,4.61,3.06,7.58,6.93,6.62,5.95,No,4,5.06,1.41,29.55,0,0.0
STU01517,Female,IT,5.58,62.73,64.53,1,4,2,4,61.02,8.29,9.22,4.26,4.91,9.34,5.7,Yes,4,2.79,1.69,47.9,0,0.0
STU01518,Female,EEE,9.04,92.21,56.86,3,3,0,0,84.03,5.39,4.29,5.72,5.91,6.14,7.14,Yes,1,2.57,4.49,54.03,0,0.0
STU01519,Male,MECH,6.84,64.67,75.14,0,4,0,0,58.2,6.07,3.99,5.31,5.67,6.69,9.06,No,2,6.95,4.3,42.23,0,0.0
STU01520,Female,MECH,7.34,66.84,68.83,3,3,2,0,66.46,4.97,4.54,6.11,4.67,5.78,7.77,Yes,0,3.31,9.27,47.44,0,0.0
STU01521,Male,IT,7.85,76.71,62.96,0,0,2,3,58.96,8.73,10.0,5.64,6.47,8.94,7.42,No,0,5.25,6.54,38.67,0,0.0
STU01522,Male,MECH,8.64,94.32,65.82,3,3,3,0,100.0,6.77,5.69,9.01,7.47,4.4,2.45,No,4,6.51,5.59,54.91,0,0.0
STU01523,Male,MECH,7.35,60.53,65.0,1,3,2,0,54.67,7.43,6.49,2.63,4.6,3.89,5.22,Yes,1,6.09,5.06,44.84,0,0.0
STU01524,Female,IT,8.26,89.29,78.69,1,2,4,0,34.78,6.59,6.39,7.27,6.01,6.88,5.5,No,2,5.41,0.42,55.09,1,9.63
STU01525,Male,CSE,9.21,79.78,89.63,3,2,2,1,66.35,7.64,7.87,3.74,3.69,4.51,5.76,Yes,2,6.67,4.73,66.93,1,10.58
STU01526,Male,EEE,7.86,70.46,65.34,2,3,1,1,76.74,4.61,3.55,6.57,6.19,4.5,4.32,Yes,0,6.71,4.58,44.58,0,0.0
STU01527,Female,IT,5.76,64.55,71.69,2,0,1,0,97.0,5.19,7.96,4.51,3.89,8.34,3.4,Yes,0,5.75,1.85,55.97,0,0.0
STU01528,Female,CSE,7.83,67.2,73.17,3,2,5,4,66.95,6.81,6.3,5.2,5.07,3.73,9.61,No,1,5.79,4.18,52.01,0,0.0
STU01529,Male,CSE,7.48,45.97,88.67,1,3,3,1,72.11,3.19,4.01,7.91,6.5,6.47,4.22,Yes,0,7.09,4.91,51.35,1,9.44
STU01530,Female,MECH,5.46,79.01,60.01,2,0,3,0,52.41,4.6,4.19,5.77,6.83,1.66,6.27,Yes,0,8.13,7.17,46.34,1,7.04
STU01531,Female,IT,7.11,77.19,86.73,1,2,2,0,77.78,9.36,8.83,5.12,5.92,7.6,2.11,Yes,1,5.12,4.94,61.91,0,0.0
STU01532,Female,CSE,6.43,81.81,64.21,2,1,1,1,69.33,5.26,2.91,5.7,6.12,4.75,0.29,Yes,2,7.0,3.28,46.45,0,0.0
STU01533,Male,ECE,7.21,65.01,70.51,1,4,4,1,78.33,8.85,8.12,5.56,5.04,5.43,4.71,No,4,2.34,3.5,61.14,0,0.0
STU01534,Female,MECH,5.91,83.49,73.64,1,0,4,0,57.14,7.33,6.89,9.6,7.34,5.54,1.43,Yes,4,5.31,4.53,44.08,0,0.0
STU01535,Male,ECE,8.27,70.45,59.15,2,2,3,0,54.06,7.28,7.89,5.42,5.01,1.69,6.22,Yes,0,7.66,3.47,59.98,0,0.0
STU01536,Female,CSE,5.79,74.9,59.92,0,2,4,0,53.35,7.64,8.12,5.11,5.81,8.37,3.17,Yes,1,6.18,8.43,59.09,1,10.29
STU01537,Female,IT,7.26,79.79,72.4,1,4,2,0,37.23,4.77,5.56,4.85,5.68,5.94,6.74,Yes,2,8.05,8.42,53.93,0,0.0
STU01538,Female,CSE,7.19,74.82,57.36,1,1,5,3,89.9,5.88,7.18,6.03,5.19,6.7,3.14,No,4,4.79,9.67,49.85,1,8.28
STU01539,Female,IT,5.94,73.47,82.1,1,4,0,0,64.28,3.93,3.03,7.5,6.4,7.52,4.66,No,0,3.04,7.69,44.93,0,0.0
STU01540,Male,CSE,7.29,72.7,78.44,0,0,3,0,49.68,6.22,6.16,9.35,9.21,7.23,4.81,No,2,4.65,1.21,44.86,0,0.0
STU01541,Male,CSE,7.07,71.55,66.84,0,3,2,0,64.07,7.58,7.28,4.17,3.53,3.54,5.93,Yes,1,8.09,2.98,53.11,1,8.45
STU01542,Male,MECH,4.83,93.1,95.09,1,4,5,0,64.64,0.39,1.49,8.27,7.99,6.5,7.11,Yes,4,2.96,4.78,37.56,0,0.0
STU01543,Male,EEE,5.23,72.7,86.49,0,4,3,3,49.32,3.33,4.69,6.96,6.42,5.28,7.26,No,3,6.03,6.48,23.94,0,0.0
STU01544,Female,ECE,5.09,61.25,60.55,0,3,3,0,35.08,5.64,4.59,8.72,9.37,4.82,6.87,No,2,7.79,0.92,46.72,0,0.0
STU01545,Female,MECH,6.3,74.99,82.54,0,4,4,3,41.93,5.38,5.62,9.06,6.96,5.32,2.63,No,4,4.2,2.5,29.33,0,0.0
STU01546,Male,MECH,7.67,81.87,88.33,4,6,0,0,80.86,5.92,4.23,7.36,7.1,5.98,6.7,Yes,1,4.84,0.0,56.11,0,0.0
STU01547,Male,IT,5.8,85.53,74.61,2,5,0,0,45.37,4.48,3.45,7.47,5.39,5.4,4.45,Yes,4,7.36,5.54,57.5,1,9.06
STU01548,Female,CSE,6.66,81.92,69.22,0,4,2,3,27.26,7.16,10.0,8.38,6.91,6.43,5.26,Yes,1,7.4,0.0,46.34,0,0.0
STU01549,Female,CSE,5.27,84.67,78.98,1,0,2,0,54.45,6.25,5.39,5.84,5.92,5.67,5.6,No,3,5.19,3.19,45.99,0,0.0
STU01550,Female,MECH,5.14,70.87,87.41,2,3,1,0,71.53,7.54,8.3,5.99,5.87,3.36,8.47,No,2,6.68,6.36,46.27,0,0.0
STU01551,Female,MECH,5.26,69.6,69.54,0,3,0,1,80.0,8.81,8.46,7.76,6.71,3.44,4.06,No,1,5.65,5.2,40.59,0,0.0
STU01552,Female,CIVIL,6.1,51.34,62.48,0,2,3,0,72.11,5.4,4.88,7.89,8.19,3.05,7.59,No,1,6.68,5.05,37.76,0,0.0
STU01553,Male,IT,7.94,66.13,97.71,3,2,1,0,82.28,6.71,7.93,2.61,4.12,0.0,1.16,Yes,0,4.52,4.95,65.28,0,0.0
STU01554,Male,EEE,6.38,86.09,77.05,1,1,3,1,54.62,7.25,7.22,7.38,6.94,4.18,2.98,Yes,1,5.73,8.69,44.5,0,0.0
STU01555,Female,ECE,8.82,69.7,67.79,0,3,0,1,28.54,4.24,4.27,8.57,8.02,4.85,7.14,Yes,0,4.86,1.54,43.34,0,0.0
STU01556,Male,CSE,7.99,83.03,70.37,2,2,2,2,73.93,6.95,7.73,7.98,7.58,8.16,1.54,Yes,4,5.77,7.07,62.11,1,9.84
STU01557,Male,ECE,6.55,91.17,66.85,0,1,0,0,90.74,9.62,10.0,6.69,5.58,3.13,5.66,Yes,2,9.47,3.6,52.84,0,0.0
STU01558,Female,IT,7.46,58.3,63.71,3,1,0,1,86.49,4.94,4.73,5.1,6.17,3.61,4.48,No,3,2.76,3.78,58.89,1,9.95
STU01559,Female,MECH,7.61,74.29,78.59,2,4,4,3,100.0,6.23,6.26,5.89,6.39,5.43,5.03,Yes,1,5.53,5.96,43.08,0,0.0
STU01560,Female,CSE,7.9,77.11,54.3,1,4,4,0,45.42,7.69,7.59,2.52,3.62,0.78,1.92,No,4,7.8,4.92,56.19,0,0.0
STU01561,Male,ECE,8.52,63.86,87.88,0,1,1,0,55.71,4.31,3.05,6.74,5.72,4.17,0.19,Yes,3,8.99,2.93,41.83,0,0.0
STU01562,Female,CIVIL,6.43,72.82,40.0,1,3,1,0,47.25,7.29,7.43,6.92,5.86,1.63,3.83,No,1,2.93,9.8,39.66,0,0.0
STU01563,Female,CSE,6.36,82.48,76.61,0,2,2,0,37.65,9.06,8.04,7.54,7.14,6.96,6.61,No,0,2.6,3.44,48.46,0,0.0
STU01564,Male,ECE,7.4,58.1,60.04,0,3,1,0,39.49,5.85,5.19,5.49,4.6,6.48,0.6,No,1,4.84,1.78,40.59,0,0.0
STU01565,Female,CSE,6.86,80.2,77.6,3,1,0,0,56.13,4.68,4.05,7.39,7.32,3.0,4.43,Yes,3,4.14,10.0,58.07,1,9.3
STU01566,Female,EEE,7.75,100.0,100.0,0,2,4,0,66.36,7.09,8.67,2.38,3.86,4.38,3.22,No,1,2.81,2.14,45.32,0,0.0
STU01567,Male,ECE,7.86,80.27,88.74,1,1,5,0,66.46,4.78,4.18,4.06,4.25,7.47,5.73,Yes,1,4.77,1.13,49.83,1,8.05
STU01568,Male,CIVIL,5.61,82.42,67.46,1,1,2,0,80.69,5.25,4.6,6.25,4.79,3.97,4.59,Yes,2,6.21,5.14,49.85,0,0.0
STU01569,Male,IT,8.19,73.56,76.42,1,4,1,0,61.24,3.32,3.34,4.18,3.77,3.42,5.9,No,0,6.23,5.22,53.67,1,8.51
STU01570,Female,IT,8.62,82.87,86.14,1,2,0,3,64.87,4.52,4.26,7.94,7.42,6.73,4.72,No,1,4.34,10.0,44.38,0,0.0
STU01571,Male,IT,7.25,66.09,62.72,2,2,4,0,66.18,6.8,6.08,2.83,5.36,3.35,4.11,Yes,0,7.23,5.01,61.56,1,10.35
STU01572,Male,EEE,6.45,73.05,65.01,2,3,1,0,61.46,5.95,7.56,8.82,7.12,5.11,3.74,No,1,4.48,2.93,46.71,1,6.83
STU01573,Male,IT,9.63,89.28,70.03,2,1,1,0,63.58,6.82,8.56,7.46,7.72,4.81,3.63,Yes,1,6.18,4.31,64.0,1,10.71
STU01574,Male,ECE,5.57,69.53,67.23,3,3,4,0,47.57,7.75,7.73,4.27,4.91,7.74,6.39,Yes,4,3.58,7.71,58.55,1,7.63
STU01575,Female,IT,6.36,97.16,64.76,2,4,5,3,44.69,5.77,6.76,6.71,5.41,0.23,3.75,Yes,3,6.33,5.42,44.44,0,0.0
STU01576,Female,ECE,6.75,79.77,73.38,1,1,2,0,60.58,5.33,5.67,8.66,7.61,5.11,3.27,Yes,3,4.0,9.62,49.79,1,7.14
STU01577,Female,EEE,7.75,70.68,62.67,2,2,1,1,100.0,4.06,5.26,8.78,7.48,3.81,3.35,Yes,2,5.03,0.77,51.34,1,8.09
STU01578,Male,CSE,7.3,79.65,59.87,3,5,1,2,49.58,5.65,5.2,8.31,5.77,5.34,8.48,No,4,5.62,5.43,58.35,1,9.57
STU01579,Female,MECH,6.88,96.31,79.33,2,4,2,0,64.99,5.99,5.21,5.76,5.3,6.99,2.99,No,4,5.63,2.94,48.67,1,7.02
STU01580,Female,IT,5.22,79.92,70.36,1,0,5,1,47.42,7.42,8.21,7.09,8.01,1.63,9.29,No,0,4.32,5.56,47.57,1,8.9
STU01581,Male,MECH,5.99,69.05,59.04,1,4,1,3,100.0,6.8,4.56,8.2,6.79,5.06,3.52,Yes,2,5.85,3.83,36.44,0,0.0
STU01582,Male,IT,6.22,87.79,90.31,3,5,2,0,56.25,7.97,8.07,5.37,6.39,4.64,2.61,Yes,4,4.09,3.68,69.48,1,9.48
STU01583,Male,IT,7.56,64.58,87.13,1,2,2,0,56.76,6.76,6.16,7.77,5.98,0.0,5.62,No,0,7.82,7.99,50.61,0,0.0
STU01584,Male,EEE,6.6,59.99,81.55,0,3,4,1,70.32,8.38,7.66,9.21,7.61,7.26,7.81,Yes,0,10.0,5.44,49.34,0,0.0
STU01585,Female,IT,6.22,79.46,67.95,1,3,1,0,76.18,5.72,5.59,7.95,6.75,9.84,6.28,Yes,0,7.37,5.07,59.42,1,9.19
STU01586,Female,IT,6.53,82.13,73.75,4,2,1,0,39.29,7.53,6.29,10.0,7.58,7.2,2.44,No,1,4.87,2.5,60.28,0,0.0
STU01587,Male,EEE,6.96,84.89,62.68,1,5,2,1,92.7,8.16,7.42,3.99,5.08,4.22,8.48,Yes,1,5.06,5.96,48.71,1,6.82
STU01588,Female,IT,6.41,64.87,70.81,3,2,3,2,68.11,6.65,7.23,7.83,8.27,3.36,4.01,Yes,1,7.32,3.52,60.72,0,0.0
STU01589,Male,CSE,7.57,64.69,65.45,3,5,4,1,36.6,6.63,7.18,6.49,6.79,6.53,0.0,No,4,7.13,6.84,65.7,0,0.0
STU01590,Female,EEE,5.03,80.27,63.66,1,6,3,0,66.27,5.59,8.07,5.27,4.88,5.84,4.66,Yes,2,4.49,5.71,50.98,1,7.61
STU01591,Male,ECE,4.0,69.01,77.04,1,3,3,0,76.56,5.88,5.29,7.49,6.76,5.63,1.59,Yes,2,4.21,5.61,52.04,1,7.23
STU01592,Male,EEE,7.94,68.02,66.28,2,1,5,0,59.88,5.9,5.33,3.63,3.7,3.74,4.29,Yes,1,8.14,0.81,51.09,0,0.0
STU01593,Male,CIVIL,6.76,73.92,68.82,1,5,0,0,60.83,4.91,5.46,6.55,5.74,5.59,3.34,No,0,6.3,6.77,42.04,0,0.0
STU01594,Male,CIVIL,6.22,76.4,87.01,3,1,0,2,51.9,7.66,5.64,8.56,7.38,4.19,3.43,No,0,4.7,6.62,34.73,0,0.0
STU01595,Male,CSE,10.0,91.12,81.85,0,4,1,0,63.36,5.8,4.76,4.84,4.29,6.05,4.17,No,3,5.91,10.0,59.23,1,8.77
STU01596,Female,CIVIL,6.92,85.42,85.97,2,4,1,2,55.28,3.42,5.99,5.71,6.66,4.48,9.62,No,0,9.68,1.32,36.91,0,0.0
STU01597,Male,MECH,7.17,72.56,77.82,0,4,0,3,100.0,7.23,6.95,5.01,5.58,2.82,8.92,No,1,6.28,3.34,27.06,0,0.0
STU01598,Female,CSE,6.0,100.0,98.42,0,2,3,0,60.46,4.74,4.98,6.45,7.56,6.12,1.93,No,4,3.94,7.44,47.15,0,0.0
STU01599,Female,EEE,7.57,83.21,64.01,0,2,1,0,61.89,8.54,9.34,5.6,5.24,7.27,5.67,No,0,5.06,4.3,48.35,0,0.0
STU01600,Female,ECE,6.16,74.13,98.19,3,3,2,0,77.84,5.44,6.29,7.39,6.88,6.61,7.5,No,4,6.27,7.79,55.31,1,8.23
STU01601,Male,IT,6.19,82.26,74.47,1,2,5,1,57.98,4.22,3.58,8.82,8.34,2.23,4.81,Yes,0,8.12,4.5,50.45,1,9.4
STU01602,Female,CIVIL,7.69,80.47,74.93,2,4,1,0,67.83,3.31,3.56,6.4,5.39,4.76,3.18,Yes,2,5.89,7.36,40.68,0,0.0
STU01603,Male,CSE,5.73,53.36,76.43,2,3,0,2,40.39,5.83,6.37,5.34,5.72,9.67,4.15,No,3,2.1,1.07,45.2,0,0.0
STU01604,Female,CSE,7.13,65.6,63.24,2,3,1,2,81.96,4.17,5.85,7.26,7.27,6.76,7.61,Yes,1,3.93,5.84,54.75,1,9.8
STU01605,Male,IT,8.01,91.87,72.84,3,5,0,0,59.93,6.49,6.33,5.33,5.31,6.77,3.25,No,1,5.95,2.59,65.9,1,10.39
STU01606,Male,EEE,6.31,69.5,79.36,2,1,2,1,70.09,3.79,3.86,3.85,4.72,4.39,6.52,Yes,1,6.19,6.25,31.39,0,0.0
STU01607,Male,EEE,8.87,74.45,67.1,1,1,3,0,64.7,7.01,6.71,6.54,5.56,2.91,5.03,Yes,1,6.53,0.52,49.61,0,0.0
STU01608,Male,CSE,6.32,94.39,66.85,0,5,1,0,71.17,5.81,6.55,5.63,4.22,0.59,7.54,No,4,5.47,6.4,54.19,0,0.0
STU01609,Female,IT,5.93,76.31,73.69,0,6,5,1,79.76,6.73,7.83,5.34,6.02,0.0,6.47,No,1,3.31,1.47,59.1,0,0.0
STU01610,Male,IT,6.28,76.36,58.28,2,3,1,0,59.78,6.31,6.59,5.81,6.9,6.57,8.33,Yes,3,6.81,6.87,63.9,1,10.19
STU01611,Female,CSE,6.94,84.17,67.2,3,4,2,2,77.96,6.13,6.03,5.97,6.24,8.5,3.65,Yes,0,4.26,7.96,61.93,1,9.9
STU01612,Female,IT,6.56,78.81,66.32,1,3,1,0,61.6,6.39,6.72,7.97,8.52,3.74,5.97,No,0,7.5,8.74,59.34,1,9.73
STU01613,Female,EEE,7.03,70.54,69.61,1,3,2,2,78.14,6.03,4.47,3.29,4.14,6.3,3.71,Yes,2,4.57,6.62,37.63,0,0.0
STU01614,Female,CSE,6.84,68.5,79.66,0,4,2,1,49.23,5.78,6.69,7.16,6.49,4.54,9.62,No,2,7.56,4.79,51.25,0,0.0
STU01615,Female,ECE,8.9,63.92,86.18,0,3,4,2,94.32,7.49,8.76,5.96,5.03,7.66,3.31,No,3,6.22,8.58,45.32,0,0.0
STU01616,Male,CSE,8.2,69.73,81.45,4,2,1,0,52.26,7.09,7.67,7.91,6.4,7.01,8.37,No,1,7.17,5.75,68.58,1,11.14
STU01617,Female,CIVIL,9.39,70.19,65.43,4,2,5,1,59.44,5.3,6.82,6.05,5.05,3.08,5.54,Yes,0,10.0,2.76,46.5,0,0.0
STU01618,Female,ECE,4.81,86.39,70.9,1,5,1,0,52.16,7.65,8.89,6.47,5.3,6.17,6.41,Yes,0,5.45,7.03,54.18,1,8.06
STU01619,Male,MECH,7.0,94.08,66.67,1,1,0,0,47.94,6.17,6.85,3.71,4.44,6.75,2.6,No,1,8.73,6.01,33.88,0,0.0
STU01620,Male,ECE,6.65,85.61,62.8,0,4,0,0,68.76,5.65,5.98,6.56,7.3,4.98,4.33,No,3,7.42,8.22,44.45,0,0.0
STU01621,Female,EEE,8.03,82.65,87.91,0,1,2,1,21.11,4.88,4.0,8.39,6.45,4.03,5.37,No,0,4.08,5.83,32.63,0,0.0
STU01622,Male,CSE,9.03,87.88,89.3,0,0,4,0,67.97,4.72,4.57,3.66,3.57,2.9,4.45,Yes,0,6.6,5.5,56.65,1,9.81
STU01623,Male,IT,8.42,87.61,92.56,2,2,5,0,37.7,8.07,7.73,8.86,7.06,4.82,4.71,Yes,3,2.73,0.95,70.71,1,10.84
STU01624,Male,CSE,8.55,74.03,80.92,0,3,0,4,67.17,7.76,7.63,8.34,7.65,8.09,3.69,Yes,0,8.32,4.09,44.1,0,0.0
STU01625,Male,ECE,4.99,84.16,70.89,1,4,2,3,64.88,5.8,5.52,7.39,6.11,3.01,5.16,Yes,1,5.48,2.18,40.57,0,0.0
STU01626,Female,ECE,5.22,83.27,69.6,3,2,0,2,44.43,7.23,9.76,3.68,5.27,3.7,6.52,No,1,6.11,1.67,43.19,0,0.0
STU01627,Female,ECE,7.92,90.61,78.94,1,1,4,2,60.15,6.44,7.59,7.67,6.79,3.64,5.84,Yes,2,4.97,6.23,49.31,0,0.0
STU01628,Female,CSE,7.84,80.69,90.73,2,3,2,0,66.38,5.2,5.5,8.87,8.83,8.53,5.67,Yes,2,4.21,8.51,69.8,1,9.66
STU01629,Male,EEE,5.45,68.07,74.82,2,4,2,1,54.05,4.03,3.59,4.32,3.72,9.82,5.11,Yes,0,10.0,3.22,39.14,0,0.0
STU01630,Female,EEE,5.69,88.26,83.51,0,5,0,0,89.94,8.26,8.32,9.3,8.22,5.44,3.06,No,1,2.79,4.07,45.73,0,0.0
STU01631,Female,CSE,6.05,87.53,91.38,1,2,3,3,41.72,7.34,7.65,7.28,5.71,1.51,3.23,No,0,6.27,9.5,37.92,0,0.0
STU01632,Male,IT,10.0,62.59,70.82,0,2,4,2,67.19,7.74,7.92,5.14,6.26,4.34,3.08,Yes,2,8.66,8.49,58.02,1,9.07
STU01633,Female,IT,6.38,62.68,83.37,0,4,4,0,68.35,7.77,6.35,5.12,4.45,5.94,6.95,Yes,1,4.9,10.0,64.44,1,10.44
STU01634,Female,CIVIL,7.14,76.95,64.95,1,2,0,0,51.61,2.26,1.98,3.85,5.45,5.01,1.49,No,4,8.24,4.02,30.75,0,0.0
STU01635,Male,CSE,9.01,76.66,91.32,3,5,4,0,37.03,4.53,4.26,4.79,5.07,9.47,4.34,Yes,1,6.24,7.15,77.06,1,10.95
STU01636,Male,CSE,8.79,70.32,75.32,0,6,4,0,28.65,8.22,6.21,10.0,7.91,4.87,4.93,No,4,3.57,6.51,63.62,1,9.39
STU01637,Male,CSE,4.4,71.87,65.74,0,6,4,1,81.37,7.51,6.43,6.3,7.4,2.01,7.97,No,2,3.71,5.44,63.14,1,8.8
STU01638,Female,CIVIL,6.77,81.3,71.13,2,6,2,1,48.14,6.06,4.81,4.71,6.1,7.68,5.35,Yes,2,6.6,3.01,43.52,0,0.0
STU01639,Female,EEE,7.49,83.83,77.19,4,4,3,0,63.71,5.05,5.9,2.77,5.47,2.61,2.65,No,2,9.24,5.68,52.64,0,0.0
STU01640,Female,ECE,7.41,71.44,71.4,0,2,2,0,80.29,2.35,2.7,6.7,5.55,2.84,6.97,No,0,5.69,9.87,42.16,1,6.77
STU01641,Female,CIVIL,6.66,88.34,77.69,1,5,1,1,45.88,8.32,7.79,2.55,5.44,7.87,6.56,No,2,5.67,8.56,39.92,0,0.0
STU01642,Male,MECH,8.6,93.54,70.34,3,5,0,0,49.94,5.5,5.99,5.28,6.89,4.61,3.68,No,1,3.17,6.05,51.82,0,0.0
STU01643,Male,CSE,4.0,72.83,79.86,0,0,0,0,51.28,4.88,3.97,4.47,4.93,4.09,2.64,Yes,0,6.88,7.84,33.84,0,0.0
STU01644,Female,ECE,8.27,80.39,90.45,4,4,0,0,41.42,5.69,7.59,9.94,8.73,5.28,7.46,No,2,5.26,4.75,57.97,1,8.07
STU01645,Male,CSE,9.78,48.46,95.02,2,2,2,0,78.8,2.25,0.88,4.25,4.52,5.53,3.18,Yes,1,5.59,5.94,59.23,1,10.1
STU01646,Female,CIVIL,5.42,76.2,82.13,0,3,2,0,51.43,7.88,9.13,5.79,4.15,5.69,7.79,No,1,1.79,5.91,40.36,0,0.0
STU01647,Male,MECH,8.82,72.93,100.0,1,4,2,1,73.41,5.78,6.28,2.62,5.37,0.0,4.03,Yes,0,2.63,2.25,32.98,0,0.0
STU01648,Female,ECE,5.88,60.37,60.0,1,4,1,3,67.9,4.08,4.51,8.91,7.39,7.33,5.68,No,0,6.06,3.15,37.86,0,0.0
STU01649,Male,ECE,5.59,68.55,79.27,2,4,2,0,62.92,8.59,9.14,8.66,7.76,5.34,5.43,No,0,8.24,3.56,57.12,1,7.76
STU01650,Male,EEE,7.66,62.77,65.31,1,2,1,1,86.58,7.25,8.29,7.2,8.04,5.06,6.51,No,0,8.82,2.65,46.64,0,0.0
STU01651,Male,EEE,7.51,86.33,53.94,0,5,3,0,49.92,5.62,5.01,7.12,6.08,5.47,8.99,No,0,8.72,4.06,46.42,0,0.0
STU01652,Male,IT,6.52,61.96,89.49,0,1,2,0,80.47,5.16,3.69,6.4,7.45,7.68,4.45,Yes,1,4.5,7.66,45.38,0,0.0
STU01653,Male,CSE,6.8,89.82,65.14,2,3,0,0,17.77,6.06,4.42,3.44,5.68,3.72,8.39,No,4,6.68,3.23,51.58,0,0.0
STU01654,Female,CSE,6.18,84.68,66.76,2,2,2,0,74.54,6.83,6.59,4.96,6.06,1.36,5.57,No,0,3.17,3.28,62.55,1,9.53
STU01655,Female,IT,7.63,93.39,98.14,0,1,2,0,55.55,7.59,5.73,5.29,5.91,7.41,9.83,Yes,1,3.18,2.45,46.53,0,0.0
STU01656,Male,CSE,6.61,70.9,77.75,4,2,1,1,77.8,7.63,10.0,9.28,8.95,7.1,7.53,No,4,4.63,4.81,67.04,1,9.84
STU01657,Male,ECE,6.14,78.34,80.51,1,5,0,2,72.55,2.45,3.09,6.71,7.16,5.44,1.47,Yes,0,5.34,7.04,41.07,0,0.0
STU01658,Male,IT,7.04,95.64,96.62,0,3,3,1,54.89,7.18,7.9,4.6,5.46,4.85,5.81,Yes,0,4.54,6.91,55.16,0,0.0
STU01659,Female,CSE,6.19,68.08,90.85,0,1,4,1,84.61,4.27,3.97,3.73,5.88,1.63,1.1,No,0,6.28,2.16,40.35,0,0.0
STU01660,Male,MECH,7.27,68.58,85.17,0,3,4,4,65.3,8.12,9.52,6.87,6.93,5.6,3.71,Yes,1,6.3,4.03,26.8,0,0.0
STU01661,Male,IT,7.13,81.84,69.84,2,3,4,0,70.02,3.94,3.07,4.2,5.07,3.61,1.65,Yes,1,7.89,3.72,62.77,1,9.55
STU01662,Female,IT,5.69,78.43,81.01,2,3,2,0,46.96,7.87,7.63,6.9,7.18,4.84,2.67,Yes,1,4.51,6.02,62.49,1,10.42
STU01663,Male,CSE,8.39,81.87,79.17,0,1,4,0,75.55,6.63,8.96,3.58,3.17,4.92,7.27,Yes,4,5.59,2.31,59.6,1,8.52
STU01664,Female,MECH,6.42,76.52,62.47,4,1,0,1,89.15,5.68,7.6,4.59,4.4,2.96,3.5,No,0,8.19,3.71,38.29,0,0.0
STU01665,Female,IT,7.42,63.52,69.46,0,4,4,0,35.32,4.65,4.01,4.36,5.35,5.33,6.74,Yes,3,4.7,2.4,49.98,1,8.84
STU01666,Male,IT,8.32,59.03,89.71,1,3,2,3,38.74,8.25,7.92,2.72,3.79,2.43,5.27,No,1,5.71,9.4,38.68,0,0.0
STU01667,Male,EEE,8.22,87.71,78.22,2,1,0,0,87.71,8.38,5.15,6.94,7.05,1.74,5.62,No,0,5.33,2.82,54.87,1,7.69
STU01668,Female,CSE,7.37,100.0,77.75,0,2,0,0,54.4,7.44,7.79,4.86,6.25,1.31,9.74,No,1,4.61,5.55,46.97,0,0.0
STU01669,Female,ECE,7.67,78.18,69.11,1,0,3,0,50.38,7.81,8.99,6.11,6.52,6.89,1.78,No,1,8.62,6.66,41.01,0,0.0
STU01670,Female,CSE,8.54,79.43,92.03,0,4,2,0,64.62,6.57,5.96,5.76,5.64,2.77,6.93,Yes,1,10.0,2.35,60.58,1,8.27
STU01671,Male,MECH,6.79,83.42,67.61,0,3,3,0,90.25,4.74,4.68,8.59,6.86,7.97,3.0,Yes,1,6.29,6.16,41.66,0,0.0
STU01672,Female,MECH,6.09,84.92,58.62,2,1,1,0,75.67,6.75,7.18,7.55,7.82,2.77,5.73,Yes,3,7.24,4.5,48.93,1,7.09
STU01673,Male,ECE,7.29,74.14,63.25,1,4,1,4,76.16,7.22,7.15,4.55,5.23,2.93,4.95,Yes,2,6.89,4.42,36.73,0,0.0
STU01674,Male,ECE,7.88,76.67,71.15,0,3,3,2,42.53,8.1,8.16,5.32,6.0,7.22,2.45,No,1,6.37,4.19,43.81,0,0.0
STU01675,Male,CSE,6.14,68.88,79.39,2,1,2,0,75.44,7.12,6.88,7.76,5.86,5.3,4.57,Yes,1,7.37,9.02,54.45,0,0.0
STU01676,Female,EEE,8.18,79.17,77.71,1,2,0,0,56.06,6.67,7.22,5.0,5.7,5.32,5.42,No,3,6.16,2.96,41.58,0,0.0
STU01677,Male,CSE,7.73,79.16,72.87,0,5,2,0,57.58,6.52,5.75,5.5,6.01,4.77,5.01,Yes,1,6.95,1.49,65.23,1,9.71
STU01678,Female,IT,7.88,70.37,61.32,0,2,1,0,66.52,7.93,8.16,5.9,5.29,3.86,5.48,Yes,0,5.99,4.49,59.78,1,8.73
STU01679,Male,CSE,7.5,69.6,73.64,1,2,0,0,34.13,6.78,6.02,8.42,7.6,8.88,5.3,Yes,3,7.44,5.43,52.89,0,0.0
STU01680,Female,ECE,9.34,81.38,60.52,1,0,1,0,43.99,2.42,0.0,6.22,7.39,2.09,4.53,No,0,5.47,5.86,35.22,0,0.0
STU01681,Male,CSE,5.99,67.36,76.72,2,5,2,0,75.9,8.51,7.37,6.1,6.51,4.34,6.21,No,3,5.46,3.05,66.02,1,10.36
STU01682,Male,CSE,8.54,84.35,74.88,3,1,1,1,43.29,5.89,6.43,5.98,6.05,6.83,2.26,No,0,6.59,7.42,54.24,1,9.8
STU01683,Male,CSE,8.1,77.8,94.03,0,4,1,0,47.61,5.93,7.66,8.46,6.63,8.31,6.67,Yes,2,6.64,4.07,63.26,1,9.51
STU01684,Female,ECE,6.83,75.43,79.58,2,5,4,2,49.58,7.72,7.69,4.75,5.69,5.24,3.99,Yes,0,8.05,7.21,55.44,0,0.0
STU01685,Male,CSE,6.66,83.18,52.15,1,3,2,0,95.4,3.98,5.14,6.87,6.53,4.25,8.52,No,3,7.66,2.66,62.88,1,9.7
STU01686,Male,CIVIL,6.09,59.67,64.67,0,2,2,0,54.73,6.07,5.78,5.56,5.41,5.62,2.7,Yes,0,3.25,4.58,28.88,0,0.0
STU01687,Female,EEE,6.45,100.0,85.64,3,2,2,0,47.23,6.16,5.29,5.14,5.43,5.67,4.94,No,1,5.5,5.53,49.14,0,0.0
STU01688,Female,IT,7.92,93.62,52.11,1,4,0,3,83.71,5.44,3.57,6.27,5.81,2.44,3.56,No,1,3.66,0.0,42.48,0,0.0
STU01689,Female,IT,6.19,82.34,61.4,0,2,2,0,27.94,6.79,6.31,5.76,6.56,6.45,4.3,Yes,2,3.49,6.45,41.88,0,0.0
STU01690,Male,EEE,7.33,67.73,83.15,2,1,0,0,55.48,8.39,9.28,10.0,7.39,4.47,3.06,No,1,3.51,3.74,55.32,1,8.21
STU01691,Female,CSE,7.14,70.22,76.38,2,3,2,0,60.76,6.82,5.9,10.0,7.9,3.18,10.0,Yes,0,4.51,5.38,71.75,1,9.07
STU01692,Male,MECH,7.65,84.7,83.62,2,5,2,0,60.21,4.67,4.73,6.66,6.85,6.98,5.41,No,0,6.39,8.53,49.53,1,7.44
STU01693,Male,ECE,7.63,98.46,71.5,0,3,3,0,33.06,10.0,10.0,7.52,7.38,3.97,4.71,No,1,3.42,3.32,52.08,0,0.0
STU01694,Female,IT,6.46,84.68,72.59,1,2,0,1,88.12,9.23,9.57,6.92,5.54,2.96,3.56,No,1,9.1,3.34,51.9,0,0.0
STU01695,Male,CSE,6.86,77.35,83.4,1,6,2,3,57.59,4.84,3.73,6.56,7.3,5.0,3.46,Yes,1,4.3,1.68,46.63,0,0.0
STU01696,Male,CSE,7.46,65.09,67.26,3,2,0,0,52.26,4.92,4.12,5.56,6.49,6.98,8.51,Yes,0,3.89,7.68,52.36,0,0.0
STU01697,Female,ECE,7.27,90.6,54.31,3,4,1,0,66.49,5.7,7.04,9.46,7.2,2.62,6.79,No,4,10.0,7.55,58.51,0,0.0
STU01698,Male,CSE,10.0,70.25,82.17,4,4,4,3,59.64,4.52,5.88,7.14,6.78,5.15,6.01,Yes,1,4.87,3.12,64.03,1,9.51
STU01699,Male,EEE,4.3,86.32,72.89,2,0,3,4,36.6,7.48,9.05,7.96,6.2,3.6,8.64,Yes,1,3.32,4.31,31.06,0,0.0
STU01700,Male,IT,7.02,73.6,82.52,2,5,2,0,53.36,7.04,5.13,3.76,6.15,5.9,6.23,No,2,7.54,2.98,62.85,1,9.01
STU01701,Male,CSE,6.44,74.63,74.94,1,3,3,0,85.73,3.79,7.1,6.43,6.98,4.82,2.79,No,0,4.67,9.41,56.63,1,8.66
STU01702,Female,CIVIL,10.0,85.83,58.05,3,0,2,0,43.72,4.08,4.78,7.03,5.34,4.58,4.42,No,1,5.81,8.66,50.17,0,0.0
STU01703,Male,ECE,7.38,75.19,77.74,1,6,2,3,70.67,6.38,5.66,5.74,6.32,6.71,7.74,No,0,8.85,3.8,43.37,0,0.0
STU01704,Female,IT,7.06,73.22,65.25,1,1,2,3,47.28,7.19,7.77,5.44,6.71,7.7,6.81,Yes,3,4.88,4.93,47.94,0,0.0
STU01705,Male,CSE,8.43,81.41,74.21,2,4,0,0,59.37,1.71,1.81,5.51,6.44,1.13,5.01,No,2,8.34,5.78,46.57,1,8.11
STU01706,Male,CSE,9.33,92.69,71.58,1,2,0,0,26.75,4.6,6.71,6.98,6.49,4.23,4.7,Yes,1,7.51,2.97,52.92,0,0.0
STU01707,Female,CSE,7.84,87.81,82.33,0,2,0,1,63.86,5.9,4.67,4.87,5.84,4.48,3.38,No,3,5.11,4.66,44.16,0,0.0
STU01708,Female,ECE,8.27,86.69,60.79,0,4,3,1,8.27,4.88,2.13,4.11,4.67,7.39,6.78,Yes,2,6.9,6.84,35.73,0,0.0
STU01709,Male,ECE,5.86,85.25,62.07,2,3,1,0,94.55,8.18,6.47,5.01,5.9,3.26,6.15,Yes,1,7.24,2.1,60.85,1,8.55
STU01710,Male,IT,8.72,89.63,80.69,2,0,5,0,98.27,6.92,7.68,8.72,7.91,9.13,5.06,Yes,0,5.93,2.92,71.12,1,10.35
STU01711,Male,CSE,7.64,93.61,78.74,1,1,1,0,57.27,5.89,3.05,8.56,6.29,5.09,6.17,Yes,2,0.98,7.48,49.92,0,0.0
STU01712,Male,ECE,7.6,76.01,56.23,1,1,4,2,52.16,8.58,10.0,4.76,6.58,9.06,5.64,No,0,3.82,5.27,38.37,0,0.0
STU01713,Female,CSE,7.63,81.24,66.06,0,1,0,2,62.91,6.57,5.47,4.15,5.48,4.33,4.24,No,1,6.44,6.63,38.08,0,0.0
STU01714,Female,ECE,5.53,81.42,62.1,1,3,5,0,79.06,5.58,4.07,2.97,5.46,8.22,4.92,Yes,2,4.76,9.6,53.43,1,7.3
STU01715,Male,IT,6.3,87.14,92.87,0,5,2,0,65.66,3.37,4.47,5.48,6.43,5.48,5.65,No,0,4.24,4.7,46.13,1,9.2
STU01716,Male,ECE,8.65,70.06,73.88,1,4,2,4,55.4,3.9,3.22,7.24,6.43,2.97,5.47,Yes,3,5.41,2.71,39.2,0,0.0
STU01717,Male,MECH,5.76,66.51,71.72,1,2,4,0,37.42,7.17,9.08,6.37,6.38,4.95,4.56,Yes,2,6.13,2.37,45.48,0,0.0
STU01718,Male,EEE,7.92,84.69,62.38,2,3,2,0,76.3,5.73,3.23,6.04,6.36,6.18,2.12,No,3,4.31,7.17,51.1,1,6.69
STU01719,Female,ECE,7.03,86.51,58.52,2,1,2,0,70.1,7.34,6.77,7.07,5.6,4.59,5.08,Yes,1,3.88,5.62,61.89,0,0.0
STU01720,Male,CSE,7.03,84.74,62.97,3,4,4,0,44.67,9.63,9.3,5.78,6.56,6.76,4.43,Yes,1,3.42,4.69,82.67,1,11.21
STU01721,Female,IT,8.07,90.15,81.8,2,4,1,3,67.38,3.82,3.59,5.26,6.55,4.22,3.35,Yes,0,7.35,5.6,55.1,0,0.0
STU01722,Female,IT,6.25,90.98,60.04,0,6,0,0,75.3,3.18,1.06,5.09,4.96,4.24,3.52,No,1,6.74,5.53,47.16,0,0.0
STU01723,Female,EEE,7.91,58.75,69.92,1,4,2,0,57.91,4.81,2.22,7.85,5.67,6.48,2.6,Yes,2,4.64,6.21,45.32,0,0.0
STU01724,Male,CIVIL,7.83,73.28,71.18,1,5,1,0,30.53,4.3,6.27,9.61,8.59,4.63,5.94,Yes,2,7.77,5.47,42.98,0,0.0
STU01725,Female,CIVIL,7.12,66.03,49.49,4,6,5,0,62.59,3.46,3.88,6.45,6.33,3.18,7.28,Yes,2,9.22,4.52,45.95,0,0.0
STU01726,Female,IT,6.37,71.34,81.29,3,4,2,3,52.41,3.13,3.02,4.75,7.31,5.79,2.16,No,2,4.9,4.29,43.19,0,0.0
STU01727,Female,ECE,8.35,72.01,74.24,4,3,1,4,77.23,6.86,6.47,7.08,5.77,6.37,4.84,Yes,1,5.74,5.09,44.62,0,0.0
STU01728,Female,CSE,5.44,80.71,69.07,1,2,2,2,43.52,5.73,6.35,5.86,5.05,9.94,1.67,No,1,9.59,5.5,37.33,0,0.0
STU01729,Female,EEE,5.0,70.3,85.37,4,6,1,0,61.61,4.66,3.03,3.39,3.69,3.46,3.33,No,0,3.87,8.28,43.69,0,0.0
STU01730,Female,ECE,7.68,79.39,74.11,2,2,5,1,65.6,5.24,8.12,8.29,6.71,10.0,7.04,No,3,3.53,5.38,58.62,1,6.97
STU01731,Male,CSE,7.71,88.0,94.18,4,2,1,1,42.18,4.49,4.53,6.26,5.69,4.84,3.81,Yes,0,4.61,0.4,54.48,1,9.74
STU01732,Male,CIVIL,6.62,75.12,66.88,2,3,1,1,55.66,5.14,3.9,7.22,6.35,6.2,0.0,No,4,6.74,3.64,32.15,0,0.0
STU01733,Female,CSE,8.31,72.57,89.32,1,4,0,1,44.93,7.31,8.23,5.65,4.12,3.05,2.55,Yes,3,4.7,3.7,61.25,1,9.74
STU01734,Male,ECE,5.81,77.55,59.58,2,3,2,2,71.47,2.83,2.83,6.98,6.59,9.16,7.85,No,1,2.86,5.44,35.68,0,0.0
STU01735,Male,CSE,7.0,80.69,71.5,0,2,0,0,56.64,8.06,9.45,6.83,6.18,6.73,3.53,No,0,4.96,6.79,52.69,1,9.1
STU01736,Male,EEE,8.79,81.34,80.01,3,2,1,0,58.67,5.59,6.04,6.64,6.54,8.41,4.54,Yes,0,7.4,4.85,51.09,0,0.0
STU01737,Female,CSE,8.4,85.26,80.13,1,1,1,2,79.74,5.24,7.48,6.36,7.59,1.49,3.61,No,4,1.8,4.47,56.78,1,9.46
STU01738,Male,EEE,7.85,68.37,82.91,4,2,1,3,92.75,2.19,2.86,7.56,7.95,3.08,2.68,Yes,0,6.47,2.42,43.38,0,0.0
STU01739,Male,MECH,8.19,91.27,72.11,0,5,2,3,79.29,8.74,9.4,6.04,5.96,0.0,3.43,Yes,2,7.18,5.38,38.53,0,0.0
STU01740,Male,ECE,7.88,83.78,48.41,0,4,2,0,55.3,6.54,6.82,5.1,4.5,7.59,10.0,No,1,5.19,5.73,49.24,0,0.0
STU01741,Female,CSE,9.61,98.54,88.29,2,1,3,0,50.55,6.77,7.37,7.78,5.63,2.72,4.83,Yes,4,3.64,2.45,68.28,1,9.25
STU01742,Male,CSE,6.79,93.85,78.68,3,4,0,2,45.16,10.0,9.82,6.24,6.15,3.83,5.39,Yes,3,3.2,7.59,64.93,1,10.33
STU01743,Male,ECE,7.42,96.54,77.65,2,3,1,3,48.58,7.6,6.97,8.05,7.66,4.59,4.41,Yes,0,7.26,0.73,43.67,0,0.0
STU01744,Male,MECH,9.13,78.88,67.58,1,3,3,0,47.67,5.72,4.42,7.1,6.63,6.53,6.27,No,3,6.72,8.1,42.33,0,0.0
STU01745,Female,CIVIL,6.91,83.12,63.07,1,5,0,1,80.83,6.33,7.76,3.59,3.67,4.97,8.23,Yes,0,9.03,5.36,43.02,0,0.0
STU01746,Male,ECE,4.85,78.79,79.88,0,4,1,1,37.08,7.64,7.52,8.4,8.25,4.95,4.9,No,3,5.29,3.08,42.01,0,0.0
STU01747,Male,ECE,5.98,81.4,70.42,1,0,2,0,59.06,6.28,4.38,5.49,6.13,9.63,4.55,Yes,0,8.1,6.81,45.25,0,0.0
STU01748,Male,ECE,6.19,70.61,70.13,0,1,0,2,82.26,7.46,7.29,6.88,6.74,3.29,2.94,No,1,4.29,5.03,37.33,0,0.0
STU01749,Male,CSE,6.13,77.89,55.55,1,3,2,0,51.97,6.31,6.32,6.26,6.95,5.05,7.0,Yes,2,1.04,2.53,55.19,1,9.08
STU01750,Male,EEE,6.83,83.68,71.9,2,5,4,0,63.55,7.41,9.58,6.68,6.57,7.52,2.9,No,0,5.17,5.5,65.91,1,9.74
STU01751,Male,CIVIL,7.81,79.72,76.56,2,0,2,1,63.89,7.19,7.98,7.81,6.3,4.44,3.21,Yes,2,6.88,5.9,46.36,1,6.76
STU01752,Female,ECE,6.33,75.34,75.23,2,4,1,0,51.37,6.04,5.7,6.11,5.62,2.55,7.1,Yes,0,6.53,1.81,56.98,1,8.03
STU01753,Female,ECE,7.37,83.48,75.72,0,2,0,0,59.85,5.11,5.62,6.28,6.5,6.47,4.6,No,1,5.29,2.72,41.61,0,0.0
STU01754,Male,CSE,7.64,83.76,85.84,0,3,1,0,69.19,6.15,7.18,8.16,7.75,4.69,9.09,Yes,0,6.88,8.23,66.34,1,10.77
STU01755,Male,EEE,5.72,70.19,67.18,2,1,1,2,63.12,6.27,5.77,6.52,6.81,7.53,6.47,Yes,1,3.55,3.1,39.6,0,0.0
STU01756,Male,MECH,5.78,92.73,64.0,2,2,1,0,94.09,5.13,3.93,6.22,6.83,8.0,5.13,No,0,10.0,10.0,44.58,0,0.0
STU01757,Female,IT,8.37,77.18,88.68,2,4,3,1,74.18,9.84,10.0,6.99,6.14,6.31,0.76,Yes,2,7.52,9.55,68.94,1,10.37
STU01758,Female,IT,9.23,62.1,75.39,0,2,1,1,76.73,7.88,6.77,5.66,6.43,6.28,2.95,Yes,1,3.34,9.01,55.2,1,9.6
STU01759,Male,MECH,6.69,74.15,68.23,2,3,2,0,62.86,5.53,6.08,7.06,6.66,3.01,4.27,Yes,4,5.8,5.24,43.68,0,0.0
STU01760,Male,CIVIL,8.62,91.97,54.56,0,2,2,0,62.59,3.98,2.58,6.99,5.62,3.97,7.03,Yes,2,5.81,10.0,36.92,0,0.0
STU01761,Female,EEE,6.29,76.42,88.55,1,4,4,2,39.88,4.46,4.42,4.3,3.63,5.67,6.18,No,2,9.04,8.13,36.58,0,0.0
STU01762,Male,ECE,7.72,63.7,72.31,2,3,2,0,39.88,6.91,5.31,3.18,3.38,4.88,4.49,No,2,7.54,7.65,56.43,0,0.0
STU01763,Male,EEE,6.33,80.71,74.52,3,3,2,0,45.95,1.99,0.73,5.42,6.0,7.41,5.18,No,3,6.52,4.63,43.89,1,7.16
STU01764,Male,CIVIL,7.62,70.49,54.33,2,0,0,0,74.39,7.12,6.07,6.45,6.56,8.46,5.11,No,0,3.9,3.46,39.33,0,0.0
STU01765,Female,CIVIL,7.0,85.35,87.67,1,3,4,2,60.67,4.51,6.24,5.2,3.85,5.54,4.48,Yes,3,8.84,4.55,33.46,0,0.0
STU01766,Male,ECE,6.79,74.99,100.0,1,1,0,0,55.9,6.52,5.95,5.98,5.96,10.0,6.57,Yes,0,6.95,7.49,40.87,0,0.0
STU01767,Female,EEE,5.64,75.84,66.92,3,3,1,1,64.07,3.42,4.48,6.92,5.72,8.88,5.74,Yes,0,5.91,4.12,42.91,0,0.0
STU01768,Male,EEE,7.35,73.34,86.17,1,1,2,0,71.96,7.15,4.2,4.47,6.58,4.76,8.65,Yes,0,3.2,3.78,47.28,0,0.0
STU01769,Male,MECH,6.85,70.52,78.85,0,1,3,1,55.08,3.99,3.05,7.84,8.59,7.34,2.22,Yes,0,6.94,5.43,34.2,0,0.0
STU01770,Male,ECE,6.62,88.62,63.62,1,2,0,1,70.03,6.35,8.83,7.37,9.05,5.84,6.27,No,0,3.74,7.08,43.17,0,0.0
STU01771,Male,CSE,9.03,68.49,70.52,1,5,0,0,66.59,6.75,5.52,8.68,6.81,8.93,4.72,No,0,4.89,10.0,67.28,1,10.92
STU01772,Female,CIVIL,8.91,72.18,43.66,0,3,0,1,68.16,4.46,3.07,4.26,5.45,2.59,6.2,Yes,1,8.7,1.9,34.13,0,0.0
STU01773,Male,CSE,6.25,66.89,68.1,0,1,0,0,64.95,5.48,7.28,9.88,7.58,6.24,3.15,Yes,0,6.88,3.9,48.99,0,0.0
STU01774,Male,IT,9.4,79.82,86.14,1,3,5,1,58.41,3.97,3.14,5.97,4.61,3.62,1.96,Yes,0,6.4,2.9,50.81,1,9.04
STU01775,Male,IT,7.57,60.57,78.86,0,6,3,0,58.75,4.61,6.05,4.72,6.07,6.53,4.2,No,2,3.1,3.22,55.9,0,0.0
STU01776,Female,MECH,7.14,68.33,69.47,4,2,1,0,68.94,7.1,5.09,3.95,4.73,4.36,6.69,Yes,1,7.97,5.75,42.35,1,8.27
STU01777,Male,EEE,5.4,76.51,81.91,4,3,3,0,70.36,3.1,4.5,6.52,6.75,7.25,6.22,Yes,0,2.89,4.31,53.17,0,0.0
STU01778,Female,CSE,7.87,64.76,77.24,0,2,1,2,29.51,6.0,5.82,6.1,6.0,3.29,4.12,Yes,3,7.37,6.35,40.5,0,0.0
STU01779,Female,IT,7.35,67.7,65.12,0,2,2,1,44.3,7.78,6.99,10.0,8.27,7.34,3.7,No,3,4.82,2.52,49.82,0,0.0
STU01780,Male,MECH,6.84,89.8,66.08,0,2,2,1,38.51,6.88,7.51,5.86,4.92,7.05,7.68,Yes,3,4.52,8.27,39.9,0,0.0
STU01781,Female,EEE,5.85,77.03,66.79,0,1,2,1,59.12,8.55,10.0,8.61,7.29,5.23,5.52,Yes,1,6.03,1.4,43.55,0,0.0
STU01782,Female,EEE,6.11,67.17,65.49,1,3,0,2,43.69,6.12,5.07,7.08,6.44,8.44,2.13,Yes,2,6.0,3.47,29.97,0,0.0
STU01783,Female,CSE,7.08,84.77,70.99,1,3,1,0,55.29,9.22,8.45,6.61,5.92,6.83,4.97,No,1,6.29,3.31,61.84,1,11.22
STU01784,Female,CIVIL,8.03,64.64,76.95,1,4,2,0,80.07,4.84,6.72,7.02,6.47,7.95,2.46,Yes,0,1.77,5.97,51.63,0,0.0
STU01785,Female,CSE,7.04,83.42,87.49,0,4,3,0,91.26,6.03,5.83,3.87,4.64,3.93,5.06,Yes,1,2.78,7.16,57.49,0,0.0
STU01786,Female,CSE,7.94,92.15,60.48,4,0,3,0,60.36,5.57,6.53,9.08,7.64,4.47,4.16,Yes,2,2.42,3.94,62.4,0,0.0
STU01787,Male,CSE,8.06,80.97,90.2,0,4,3,2,82.95,6.06,5.62,3.87,4.38,8.16,5.44,No,2,5.32,3.31,54.83,1,9.59
STU01788,Male,ECE,6.63,79.79,84.73,1,0,4,3,29.59,9.53,7.92,4.82,4.59,5.95,3.13,Yes,1,7.44,6.79,39.32,0,0.0
STU01789,Female,IT,8.26,88.07,84.36,1,2,1,0,49.87,5.48,5.43,9.15,7.3,5.39,1.0,Yes,0,9.51,1.97,54.69,1,9.54
STU01790,Male,ECE,7.39,81.64,78.53,0,2,0,0,69.18,4.15,4.81,4.14,3.85,4.09,4.4,Yes,1,6.37,7.68,41.0,0,0.0
STU01791,Female,ECE,8.48,73.32,71.99,0,2,5,2,35.67,6.7,5.66,7.18,6.11,2.61,4.1,No,1,9.27,5.39,33.88,0,0.0
STU01792,Female,EEE,6.8,89.15,89.8,4,3,2,1,51.77,5.9,4.22,4.68,4.94,8.36,9.16,No,3,6.73,3.43,50.37,1,6.67
STU01793,Female,CSE,8.81,77.01,86.28,0,4,2,0,75.5,3.27,1.95,6.27,6.17,4.31,6.36,Yes,3,5.02,4.95,54.92,1,8.12
STU01794,Male,ECE,8.68,77.6,84.63,0,3,0,2,34.57,8.02,6.23,5.5,5.92,7.31,6.16,No,2,7.86,0.96,35.37,0,0.0
STU01795,Male,EEE,7.7,66.39,86.2,0,0,5,3,53.51,5.31,3.89,4.92,5.98,7.2,5.52,Yes,0,4.6,4.16,28.88,0,0.0
STU01796,Female,CSE,6.38,94.67,69.33,3,4,2,2,72.53,7.47,7.84,5.43,6.11,4.07,2.44,Yes,1,6.55,6.07,64.86,0,0.0
STU01797,Male,MECH,7.17,80.16,74.88,0,3,1,0,65.72,7.65,8.57,8.14,8.24,5.82,4.86,Yes,0,8.16,3.39,42.04,0,0.0
STU01798,Male,CSE,6.02,78.68,65.93,2,5,0,4,83.54,5.14,5.33,7.4,6.43,2.0,6.58,No,2,6.45,5.74,42.26,0,0.0
STU01799,Male,MECH,8.26,75.08,71.83,0,1,4,2,70.41,4.57,2.87,7.57,6.19,3.71,3.02,Yes,0,7.57,5.49,33.85,0,0.0
STU01800,Male,CIVIL,5.88,88.74,84.59,2,2,0,0,53.56,5.34,5.63,7.44,6.98,6.1,4.47,Yes,2,5.01,8.27,40.17,0,0.0
STU01801,Male,IT,6.8,63.73,76.84,2,0,0,0,30.72,6.58,7.65,10.0,9.05,2.64,4.97,No,0,6.57,6.62,55.83,0,0.0
STU01802,Male,MECH,6.43,75.8,83.11,1,2,2,0,70.73,4.35,2.65,1.73,5.53,5.94,1.83,No,0,7.36,8.44,35.3,0,0.0
STU01803,Male,EEE,7.89,83.08,100.0,1,0,1,0,68.94,6.37,7.02,7.08,6.35,4.97,2.86,No,1,4.24,6.63,46.14,0,0.0
STU01804,Male,ECE,7.65,77.1,70.73,2,3,2,2,41.72,2.44,3.37,6.02,5.53,6.95,5.5,No,3,5.02,4.2,40.14,0,0.0
STU01805,Female,IT,5.73,69.2,83.72,1,2,3,0,73.53,4.84,2.82,6.27,6.34,5.34,8.97,Yes,1,5.26,6.05,55.08,1,9.2
STU01806,Female,IT,5.21,79.99,72.17,1,2,1,0,77.35,4.25,6.04,4.52,4.33,5.6,8.6,Yes,2,5.49,4.16,48.94,0,0.0
STU01807,Female,IT,6.29,77.21,69.41,1,4,0,3,100.0,5.14,2.72,6.43,5.62,5.69,0.67,No,1,5.6,3.22,41.75,0,0.0
STU01808,Male,ECE,7.13,64.64,87.07,4,5,0,1,37.82,6.47,6.91,3.64,5.56,4.41,6.08,Yes,2,6.77,9.63,49.31,0,0.0
STU01809,Male,MECH,8.19,83.27,62.71,0,3,1,0,71.56,8.8,8.39,8.72,7.3,7.66,3.11,No,3,4.92,3.0,36.46,0,0.0
STU01810,Male,ECE,6.27,69.91,71.98,1,3,3,3,48.39,7.37,7.63,5.97,6.5,6.95,2.86,No,0,7.15,1.97,33.77,0,0.0
STU01811,Male,IT,4.84,91.57,83.65,2,3,2,0,40.43,5.79,5.01,4.36,5.2,7.56,5.22,Yes,4,4.86,7.89,54.68,0,0.0
STU01812,Male,CSE,7.08,69.69,91.44,0,4,2,1,55.35,5.25,5.3,4.37,5.78,7.42,6.47,Yes,0,4.68,3.97,52.33,1,8.19
STU01813,Male,CSE,7.65,88.56,68.48,2,3,1,0,54.74,6.34,7.54,5.31,7.04,2.64,5.36,Yes,3,5.07,8.1,58.08,0,0.0
STU01814,Male,CSE,6.96,85.87,66.76,2,0,3,0,69.73,3.74,3.58,3.69,5.77,8.92,2.38,Yes,3,6.42,8.63,55.17,1,8.71
STU01815,Male,EEE,7.67,71.43,86.45,1,2,2,0,71.13,4.17,6.42,4.39,4.25,7.44,7.04,No,2,4.06,6.92,44.99,0,0.0
STU01816,Female,CIVIL,6.8,56.69,80.31,1,4,3,0,71.55,8.06,7.98,5.92,4.86,5.6,2.36,No,2,4.51,6.07,50.47,0,0.0
STU01817,Female,IT,7.58,70.82,100.0,1,4,2,0,73.05,4.77,4.3,6.81,6.81,0.0,4.48,No,1,6.57,4.58,57.78,1,8.39
STU01818,Female,MECH,6.85,88.84,67.02,2,4,0,0,57.36,7.06,6.71,5.32,6.72,8.73,3.05,Yes,2,6.91,9.21,47.1,0,0.0
STU01819,Female,ECE,7.49,59.93,75.94,1,1,1,0,61.03,6.12,7.03,5.43,5.93,5.29,4.08,Yes,4,2.49,4.74,51.16,1,7.79
STU01820,Male,ECE,7.18,96.2,74.24,0,2,0,1,64.19,6.8,5.78,8.92,8.71,10.0,6.26,No,4,6.25,4.82,43.02,0,0.0
STU01821,Female,MECH,8.79,70.32,64.16,3,5,2,0,57.78,5.82,7.44,6.98,5.8,3.91,4.15,No,4,4.81,3.82,50.68,0,0.0
STU01822,Female,IT,7.52,88.87,85.6,1,3,2,1,58.85,5.54,5.43,6.62,5.88,1.97,3.86,Yes,2,5.02,6.48,49.11,0,0.0
STU01823,Female,CSE,8.02,89.71,71.11,2,3,3,1,67.59,3.0,2.21,7.95,7.44,5.22,3.96,Yes,1,6.93,5.21,57.25,1,9.65
STU01824,Male,MECH,5.12,75.44,89.51,0,2,1,2,63.22,5.12,6.76,4.42,6.52,5.87,5.05,Yes,4,4.55,5.79,25.1,0,0.0
STU01825,Female,ECE,7.67,81.62,71.93,3,1,4,0,90.62,3.49,1.76,6.65,6.06,5.77,4.95,Yes,1,6.62,3.18,57.54,1,8.16
STU01826,Female,CSE,8.34,62.95,80.24,1,2,1,1,20.69,7.53,8.07,4.33,5.36,4.31,4.61,No,0,5.02,2.56,47.62,0,0.0
STU01827,Male,EEE,6.95,74.88,69.56,3,0,4,2,57.22,6.21,5.52,8.04,8.24,2.67,5.36,No,1,5.48,5.12,44.63,0,0.0
STU01828,Male,EEE,6.87,62.6,70.87,2,6,2,3,73.67,5.56,5.2,4.8,7.14,5.33,5.96,No,2,5.12,8.66,40.04,0,0.0
STU01829,Male,ECE,6.67,94.71,65.54,0,5,1,4,70.79,5.99,5.24,7.74,6.19,6.2,6.66,No,0,7.99,7.24,35.11,0,0.0
STU01830,Male,MECH,6.5,77.95,52.52,0,6,0,1,77.56,2.65,4.93,5.19,5.97,3.93,3.73,Yes,0,6.73,6.95,35.22,0,0.0
STU01831,Male,EEE,7.62,87.78,69.22,0,5,3,0,81.76,5.34,6.41,7.73,5.69,8.42,10.0,Yes,4,4.86,4.71,59.18,0,0.0
STU01832,Male,IT,7.27,68.94,65.31,1,1,0,0,68.0,7.14,6.65,8.55,6.53,2.35,5.48,Yes,2,4.27,3.67,53.97,1,9.06
STU01833,Male,CSE,6.13,91.88,90.59,0,5,3,0,76.81,4.53,3.71,6.98,5.55,4.12,2.71,No,2,3.68,3.34,57.99,1,9.47
STU01834,Male,CSE,6.45,69.11,77.49,2,4,1,0,52.04,7.83,6.23,6.19,5.4,5.08,6.53,No,0,4.92,5.3,62.55,1,8.94
STU01835,Male,EEE,9.61,80.01,77.66,2,2,5,0,60.37,6.23,5.17,5.94,5.63,3.95,5.3,Yes,4,6.15,5.95,57.11,0,0.0
STU01836,Male,EEE,8.21,82.55,79.3,1,2,0,2,41.02,8.98,10.0,6.26,7.17,3.44,4.19,No,1,6.89,1.34,43.81,0,0.0
STU01837,Male,CIVIL,6.91,78.53,86.06,1,2,1,3,54.64,5.46,5.8,8.26,6.7,1.76,10.0,No,1,6.71,7.15,27.14,0,0.0
STU01838,Male,CSE,8.22,80.29,79.33,4,2,4,2,86.53,3.46,3.44,8.17,6.98,4.46,7.13,Yes,1,3.95,4.88,60.69,1,10.2
STU01839,Female,CSE,6.46,92.49,62.3,4,4,3,0,70.61,6.09,5.75,6.86,6.04,1.57,2.96,Yes,4,3.61,1.31,72.01,1,10.58
STU01840,Female,CIVIL,8.09,88.5,79.41,0,3,2,4,76.34,4.98,5.0,6.81,6.24,7.68,5.75,Yes,0,7.07,7.89,24.23,0,0.0
STU01841,Male,EEE,6.71,95.17,64.37,0,1,1,0,66.17,6.13,8.4,4.89,5.64,7.98,3.55,No,1,6.77,7.29,37.29,0,0.0
STU01842,Male,ECE,7.3,62.51,78.34,4,0,5,1,84.9,5.13,6.3,8.65,7.36,3.86,7.57,Yes,2,5.32,6.66,60.18,1,8.24
STU01843,Male,IT,6.23,91.24,76.92,1,2,2,1,49.98,5.28,5.02,5.13,5.48,5.58,5.03,No,0,4.5,3.49,41.09,0,0.0
STU01844,Female,MECH,6.04,71.92,76.76,2,0,0,0,27.34,4.37,3.94,7.83,6.86,2.17,5.22,Yes,1,4.69,7.79,35.52,0,0.0
STU01845,Female,IT,7.39,84.83,84.72,2,3,3,1,47.39,1.35,2.06,6.65,7.15,3.02,3.89,Yes,2,5.94,4.96,49.37,0,0.0
STU01846,Male,CSE,7.83,57.51,69.33,2,2,3,0,93.35,8.1,6.92,7.08,5.77,3.68,3.33,Yes,0,5.75,7.9,68.68,1,10.85
STU01847,Male,EEE,5.57,87.69,59.76,4,1,2,3,27.05,5.27,5.11,6.28,5.08,3.82,3.63,No,4,4.54,3.81,28.38,0,0.0
STU01848,Female,ECE,7.99,80.63,72.74,1,3,4,3,57.98,5.41,5.94,4.95,6.64,5.78,4.71,No,3,7.54,8.05,44.96,0,0.0
STU01849,Male,CSE,7.7,71.5,80.13,0,4,1,0,46.46,2.62,0.0,5.55,5.98,6.94,2.0,Yes,0,3.08,7.32,48.48,1,8.65
STU01850,Female,CSE,5.82,65.67,74.46,2,2,0,0,79.97,2.56,2.4,7.15,5.75,4.55,3.52,No,1,3.48,9.61,51.78,1,9.14
STU01851,Male,IT,7.62,75.78,76.41,3,2,3,0,24.14,6.91,6.98,5.88,6.68,3.2,4.48,Yes,0,6.01,3.04,56.17,1,9.19
STU01852,Male,CSE,5.94,69.24,71.69,2,1,3,0,100.0,5.45,4.43,3.2,6.06,3.91,3.81,No,0,4.24,4.25,54.95,0,0.0
STU01853,Male,ECE,7.51,76.36,90.17,0,0,2,2,51.64,6.19,7.31,5.14,5.31,2.81,7.06,No,2,5.87,7.54,29.5,0,0.0
STU01854,Female,CSE,8.29,94.15,77.35,2,3,0,3,86.11,5.84,8.4,5.34,6.73,3.86,6.89,Yes,2,3.77,2.62,51.8,1,9.21
STU01855,Male,CIVIL,8.24,68.77,63.63,1,2,3,0,72.04,2.95,2.33,4.23,5.81,4.51,1.6,Yes,2,5.81,4.39,35.9,0,0.0
STU01856,Male,EEE,8.83,66.83,70.26,0,1,5,2,64.93,6.55,5.38,9.09,7.09,6.31,4.28,No,0,4.92,6.74,43.2,0,0.0
STU01857,Male,IT,7.95,61.34,82.29,4,4,1,1,81.79,5.65,4.42,5.25,4.65,4.14,0.89,Yes,2,5.37,5.04,60.73,1,8.48
STU01858,Male,ECE,7.59,64.66,68.08,1,2,2,1,39.6,5.39,5.94,6.34,5.71,2.07,6.93,Yes,0,4.59,4.21,41.9,0,0.0
STU01859,Male,EEE,8.19,85.89,76.23,1,5,0,0,33.23,5.44,5.98,6.58,5.44,4.79,0.81,No,1,2.27,5.3,47.3,0,0.0
STU01860,Female,IT,8.1,66.4,56.18,1,1,1,2,6.78,4.82,4.42,5.6,3.73,4.75,7.9,Yes,0,4.66,5.35,30.05,0,0.0
STU01861,Male,IT,6.78,81.62,80.33,0,1,5,0,65.61,5.77,3.63,6.1,5.59,1.86,10.0,Yes,4,4.83,6.68,46.95,0,0.0
STU01862,Female,CSE,6.86,82.93,72.62,1,5,2,4,77.71,7.68,7.72,3.25,3.84,7.22,1.58,Yes,0,4.17,3.59,48.08,0,0.0
STU01863,Female,CSE,6.68,75.11,77.0,1,5,4,2,77.28,6.77,7.15,5.67,6.55,3.49,0.49,No,1,4.97,5.63,56.56,1,9.63
STU01864,Male,MECH,6.67,86.16,66.53,1,2,2,4,60.22,5.1,3.94,4.16,5.33,3.9,8.51,No,2,7.98,3.02,21.51,0,0.0
STU01865,Male,IT,7.72,62.38,64.86,2,0,1,0,54.97,4.83,2.29,6.53,6.05,3.97,8.08,No,1,5.06,1.57,48.44,0,0.0
STU01866,Male,CIVIL,6.51,66.84,100.0,1,4,2,1,68.7,6.92,5.45,4.95,5.83,4.74,5.82,No,0,4.32,6.04,34.12,0,0.0
STU01867,Male,CIVIL,6.82,94.92,65.16,0,1,0,1,62.84,6.52,4.3,3.82,4.15,2.63,5.18,Yes,0,5.94,4.02,27.47,0,0.0
STU01868,Female,CSE,6.15,92.24,89.25,0,3,3,0,73.7,5.09,4.13,5.88,6.4,5.04,4.61,Yes,1,7.3,4.84,61.5,1,9.3
STU01869,Male,CSE,8.12,69.7,73.04,3,4,2,0,59.16,8.86,10.0,7.55,6.62,10.0,7.27,No,1,4.67,5.9,79.66,1,11.79
STU01870,Male,CIVIL,8.16,77.26,68.89,0,2,2,2,100.0,4.81,4.71,7.34,6.84,7.23,4.99,Yes,3,4.34,7.42,36.11,0,0.0
STU01871,Male,CSE,7.96,83.26,89.05,1,0,1,0,65.98,5.96,5.53,7.43,6.76,10.0,5.46,No,0,0.56,3.52,51.39,0,0.0
STU01872,Female,CSE,7.82,81.02,80.13,0,3,0,0,76.41,8.48,10.0,5.48,4.94,5.85,4.3,No,2,5.35,7.8,59.4,1,9.26
STU01873,Female,IT,7.17,87.17,75.27,0,3,4,0,72.11,6.57,8.51,3.19,4.9,4.07,3.07,Yes,3,4.87,5.79,51.02,0,0.0
STU01874,Male,ECE,8.69,81.16,68.24,0,0,5,1,83.2,3.81,4.16,8.03,6.22,5.39,4.87,No,3,2.6,8.44,42.73,0,0.0
STU01875,Male,ECE,6.09,73.45,76.93,2,4,1,1,61.35,10.0,9.97,8.26,5.12,4.92,1.79,Yes,0,4.9,8.02,64.53,1,8.23
STU01876,Male,CIVIL,6.09,73.28,76.43,3,6,2,0,80.35,5.38,5.26,4.68,5.51,3.78,5.21,No,2,8.0,5.73,51.7,0,0.0
STU01877,Female,IT,5.22,69.22,58.56,1,5,0,0,94.62,4.25,4.28,6.57,5.96,4.18,4.19,No,1,6.52,3.21,56.63,1,8.62
STU01878,Male,IT,6.31,78.44,81.61,1,3,5,1,43.25,8.05,6.43,5.99,5.12,8.37,3.25,Yes,1,6.74,6.08,49.17,0,0.0
STU01879,Male,IT,8.11,100.0,72.93,0,3,3,1,47.41,4.79,4.03,6.06,5.63,2.17,4.15,No,1,7.58,8.21,47.88,0,0.0
STU01880,Female,CSE,7.43,72.0,69.08,1,2,1,3,62.54,5.18,3.72,3.98,4.54,4.64,7.54,Yes,0,6.7,8.54,41.8,0,0.0
STU01881,Male,IT,7.7,71.74,67.68,2,0,3,2,42.58,6.21,5.51,4.92,5.33,7.63,8.45,No,3,7.27,2.28,42.2,1,8.31
STU01882,Female,IT,7.23,94.45,70.71,0,3,1,0,50.39,8.28,6.33,7.64,6.24,3.17,5.06,No,4,6.11,6.59,45.65,0,0.0
STU01883,Female,IT,7.35,72.68,61.15,1,2,0,0,91.07,5.98,3.63,8.21,8.09,8.2,4.07,No,1,5.02,3.72,53.6,1,9.3
STU01884,Male,IT,7.38,67.53,84.41,1,1,1,2,45.15,6.33,8.48,8.18,7.58,7.69,6.14,Yes,0,5.91,7.1,49.34,1,9.3
STU01885,Male,MECH,6.69,67.02,79.86,1,5,3,1,54.71,6.65,5.96,5.18,5.87,6.03,6.22,No,1,5.64,7.44,42.44,0,0.0
STU01886,Male,CSE,7.89,75.86,58.73,2,3,2,0,100.0,6.27,5.95,4.91,7.21,6.28,1.53,No,0,5.68,1.69,64.33,1,10.05
STU01887,Male,ECE,8.31,85.45,49.11,2,3,4,0,39.36,4.14,4.39,5.73,6.82,4.31,8.69,Yes,1,4.95,2.54,51.5,0,0.0
STU01888,Female,EEE,6.52,77.64,55.89,1,2,1,0,91.2,4.91,3.87,6.19,5.68,6.81,5.54,No,1,8.84,6.61,45.67,0,0.0
STU01889,Male,IT,8.1,69.05,46.48,2,4,4,1,71.31,4.91,5.23,7.39,7.78,5.6,4.53,Yes,0,5.4,2.25,68.91,1,9.53
STU01890,Male,CIVIL,6.87,87.97,57.6,0,3,3,2,40.73,5.91,8.76,6.83,6.87,6.57,3.02,Yes,1,6.01,6.71,35.99,0,0.0
STU01891,Male,ECE,6.86,71.07,80.6,0,2,2,0,52.42,7.95,8.45,6.45,5.1,6.79,3.54,Yes,2,2.92,0.19,54.05,0,0.0
STU01892,Male,IT,6.5,66.04,93.29,0,6,1,1,82.64,6.43,5.7,10.0,6.91,4.9,2.15,No,2,4.24,2.14,53.55,1,8.6
STU01893,Female,ECE,7.76,92.88,83.46,1,3,4,0,62.0,4.58,4.96,7.07,6.98,10.0,5.1,No,1,5.26,7.01,54.03,0,0.0
STU01894,Male,CSE,8.21,75.96,86.6,1,3,1,0,75.6,5.59,7.05,6.6,5.47,6.97,1.57,Yes,1,4.95,5.57,63.31,1,10.6
STU01895,Male,MECH,5.35,95.51,74.57,2,3,3,1,40.23,6.94,5.64,3.98,5.46,6.93,3.94,Yes,0,8.08,4.92,38.31,0,0.0
STU01896,Female,ECE,6.48,70.5,70.27,2,2,0,1,25.02,4.82,5.74,6.35,5.28,4.33,2.28,No,0,6.55,7.37,37.76,0,0.0
STU01897,Male,CSE,5.54,97.09,78.38,1,0,4,1,89.22,8.3,8.53,6.13,6.38,4.16,7.16,No,1,5.13,6.27,55.97,1,9.3
STU01898,Male,CSE,6.81,88.46,52.13,3,3,0,1,81.79,4.76,6.78,5.84,5.73,7.1,4.32,Yes,2,5.67,6.41,55.91,1,10.62
STU01899,Male,IT,6.84,93.02,92.3,1,4,1,1,55.64,3.99,4.56,6.27,6.31,3.64,6.87,Yes,0,1.17,0.35,51.4,1,9.25
STU01900,Male,MECH,6.95,89.87,86.53,2,1,3,0,70.31,9.18,10.0,5.13,5.26,0.0,4.83,Yes,0,4.84,8.54,40.81,0,0.0
STU01901,Female,IT,7.32,73.7,100.0,0,2,3,1,60.04,7.96,7.05,4.87,6.43,10.0,4.68,Yes,2,3.98,2.68,54.73,1,9.02
STU01902,Male,ECE,7.38,73.15,86.35,3,0,2,1,33.57,7.05,5.65,8.79,7.65,5.19,2.87,No,2,3.45,7.65,47.32,0,0.0
STU01903,Female,ECE,7.1,77.26,77.72,0,3,3,0,51.74,4.33,4.23,9.87,7.28,7.06,4.46,Yes,1,5.94,2.94,52.62,1,7.16
STU01904,Female,EEE,7.98,80.81,76.88,2,2,3,1,28.11,7.72,7.75,7.61,5.85,9.49,3.57,No,0,7.57,4.53,53.55,1,7.16
STU01905,Female,IT,7.3,69.87,86.41,3,4,1,1,46.21,5.71,5.08,7.09,8.02,4.66,8.47,No,4,2.86,6.05,56.59,1,10.55
STU01906,Male,CSE,8.42,78.99,57.3,2,4,0,0,60.01,8.81,8.32,4.17,4.46,7.68,2.89,Yes,1,7.66,6.72,67.46,1,10.71
STU01907,Male,EEE,8.84,81.84,76.18,0,1,1,0,84.02,5.9,7.57,4.59,7.24,4.95,3.48,No,3,5.11,5.39,44.02,0,0.0
STU01908,Female,IT,5.99,66.07,65.61,0,0,4,0,18.28,6.44,5.99,4.69,4.89,6.12,6.82,Yes,0,5.98,2.83,44.73,0,0.0
STU01909,Male,CSE,8.23,71.49,77.09,1,4,0,0,76.36,1.63,0.66,8.6,7.54,3.83,2.36,Yes,2,7.01,5.86,56.1,1,10.4
STU01910,Female,CSE,7.43,80.33,78.0,0,4,1,0,81.11,5.62,6.18,5.18,6.42,5.27,4.74,No,2,7.89,4.25,53.56,0,0.0
STU01911,Male,IT,6.38,65.17,72.25,0,4,4,0,19.41,6.67,5.91,6.97,7.72,3.27,6.66,No,1,4.22,3.27,55.16,0,0.0
STU01912,Male,CSE,7.99,70.93,64.7,1,0,3,1,76.38,2.5,2.28,4.7,5.67,7.48,3.9,No,0,8.96,9.93,46.93,1,8.32
STU01913,Male,CIVIL,6.52,74.52,77.6,1,1,1,0,43.08,4.81,6.69,4.79,5.35,3.21,3.29,No,4,2.91,6.54,27.5,0,0.0
STU01914,Female,MECH,7.6,77.76,75.07,1,3,1,1,70.82,5.03,5.05,8.48,5.81,10.0,5.0,Yes,3,4.03,8.94,41.1,0,0.0
STU01915,Female,EEE,6.4,83.72,80.83,1,0,2,0,92.49,6.34,4.42,7.46,6.12,5.9,6.51,Yes,3,6.48,5.4,49.44,0,0.0
STU01916,Male,IT,5.92,82.83,59.05,0,2,0,1,60.39,7.98,6.69,5.28,5.79,6.91,1.03,No,1,8.49,5.07,37.2,0,0.0
STU01917,Male,CSE,7.19,92.62,85.75,2,1,5,0,67.01,4.77,4.91,7.66,7.58,10.0,5.21,Yes,4,5.07,3.65,60.84,1,8.2
STU01918,Male,IT,6.59,75.93,89.26,1,3,2,1,36.77,7.44,5.55,6.76,5.19,9.77,5.85,Yes,4,5.13,3.96,52.24,0,0.0
STU01919,Male,CSE,6.22,66.26,73.31,1,3,0,3,44.61,10.0,10.0,6.32,5.73,6.95,4.55,No,2,6.7,7.85,47.17,0,0.0
STU01920,Male,IT,6.15,90.41,63.26,1,6,1,1,52.9,7.24,6.52,8.62,6.7,6.79,4.99,Yes,2,4.32,6.22,49.35,1,9.16
STU01921,Female,CSE,7.4,90.78,84.67,4,3,1,2,33.5,5.36,5.55,6.14,7.13,3.39,3.17,Yes,1,3.6,6.71,49.96,0,0.0
STU01922,Male,IT,7.23,73.81,78.63,1,5,0,0,82.37,2.87,3.53,6.2,6.11,10.0,8.49,No,1,3.5,6.48,56.19,0,0.0
STU01923,Male,ECE,6.23,68.1,100.0,0,4,2,0,34.09,6.64,8.96,4.27,5.72,3.71,7.49,No,1,5.62,6.44,41.68,0,0.0
STU01924,Male,ECE,5.67,92.48,95.21,2,1,3,0,49.45,6.82,8.34,4.36,4.08,6.3,8.72,No,0,4.31,7.43,45.2,0,0.0
STU01925,Male,ECE,7.5,81.41,83.85,3,2,0,1,50.5,2.43,3.83,7.99,9.34,4.76,3.53,No,2,2.44,8.57,41.42,0,0.0
STU01926,Female,MECH,7.06,93.36,70.77,1,2,1,1,35.48,5.97,6.07,4.88,5.57,7.57,5.08,Yes,4,7.15,4.13,35.55,0,0.0
STU01927,Female,MECH,7.31,83.07,82.23,0,3,0,2,40.93,5.36,7.23,5.91,6.2,1.17,5.43,Yes,0,5.65,0.0,29.78,0,0.0
STU01928,Male,CSE,7.92,67.03,76.76,1,2,1,0,54.66,10.0,10.0,6.51,5.96,4.21,5.24,Yes,0,6.38,2.68,56.28,1,8.91
STU01929,Male,ECE,7.77,64.29,73.65,0,2,2,0,61.5,3.88,4.73,4.25,5.3,8.35,7.14,Yes,4,2.8,3.99,43.64,0,0.0
STU01930,Female,CSE,6.87,86.81,72.05,1,3,2,2,80.17,7.37,5.04,4.72,4.62,3.79,4.43,No,2,6.43,7.85,45.57,0,0.0
STU01931,Male,CSE,7.1,76.66,65.93,2,2,2,1,55.34,6.78,6.37,5.4,6.09,5.94,4.62,No,0,5.03,7.69,52.88,0,0.0
STU01932,Male,EEE,8.68,76.59,83.07,0,1,4,0,57.62,6.48,7.73,6.05,5.95,4.99,5.42,No,3,6.95,7.78,46.33,0,0.0
STU01933,Male,ECE,7.75,62.55,91.57,4,0,5,0,41.11,3.66,0.24,7.01,5.19,4.36,6.84,Yes,2,2.64,4.75,52.35,0,0.0
STU01934,Male,ECE,7.97,83.99,67.19,3,3,5,0,98.63,5.57,5.96,6.64,7.05,6.07,5.28,No,1,9.13,2.04,66.08,0,0.0
STU01935,Male,CSE,7.08,68.7,85.31,1,4,0,0,46.13,5.11,6.52,5.64,5.58,3.87,4.43,Yes,3,5.23,7.34,55.89,1,8.54
STU01936,Female,IT,7.08,80.8,69.39,1,1,2,0,68.62,3.78,4.16,8.6,7.52,5.34,3.86,Yes,0,5.0,4.39,53.94,1,9.34
STU01937,Male,IT,8.02,100.0,89.8,1,3,0,2,54.08,5.47,2.77,7.54,6.53,5.09,5.6,No,0,7.67,5.93,42.63,0,0.0
STU01938,Male,CSE,7.06,85.44,76.9,2,0,2,3,40.75,3.98,4.02,3.38,5.32,3.46,2.46,No,0,8.54,6.38,37.07,0,0.0
STU01939,Female,CSE,4.0,63.66,54.62,1,3,1,0,35.97,10.0,9.93,7.89,7.09,1.13,8.37,Yes,4,8.67,4.2,57.18,1,9.14
STU01940,Female,CSE,7.25,79.06,68.54,1,1,1,0,69.43,4.71,4.94,6.6,5.62,2.38,7.65,Yes,3,5.62,4.68,54.37,1,8.52
STU01941,Male,EEE,8.49,76.11,74.9,4,3,3,1,89.75,10.0,10.0,6.75,7.46,9.87,3.65,Yes,0,5.14,2.66,67.33,0,0.0
STU01942,Female,CSE,8.18,74.36,78.86,0,2,3,1,48.63,5.05,5.06,6.21,4.53,4.57,8.95,No,2,8.02,3.78,47.06,0,0.0
STU01943,Female,MECH,8.18,73.62,69.07,0,5,3,0,35.18,7.08,7.46,7.61,7.94,1.94,3.76,Yes,3,5.08,2.75,46.54,0,0.0
STU01944,Female,MECH,5.49,79.58,81.26,4,2,2,0,84.63,6.83,5.94,6.49,7.34,6.75,6.31,No,4,4.08,4.17,48.43,0,0.0
STU01945,Female,ECE,8.62,89.17,78.05,1,1,1,1,72.72,6.77,5.62,4.76,4.95,5.43,2.08,No,3,8.96,5.69,45.87,0,0.0
STU01946,Female,CSE,6.26,82.36,60.2,2,4,4,3,66.04,6.33,6.32,6.15,6.85,4.81,9.82,Yes,2,5.81,3.67,59.64,0,0.0
STU01947,Female,CSE,7.25,73.36,75.35,1,4,1,0,64.52,4.72,4.06,7.75,6.48,4.14,3.7,No,1,5.76,4.35,56.02,1,9.37
STU01948,Female,IT,7.92,81.43,67.42,2,3,1,0,98.74,6.31,6.16,7.94,6.5,8.44,3.63,Yes,2,5.43,1.93,70.49,1,9.94
STU01949,Male,EEE,8.5,77.74,69.44,1,3,0,1,65.1,3.86,4.51,8.48,7.41,2.52,3.52,No,0,5.37,6.14,44.36,0,0.0
STU01950,Male,CSE,7.58,78.14,86.28,1,4,2,0,97.54,7.46,9.07,7.61,7.56,5.6,8.17,No,3,0.4,3.0,72.28,1,11.51
STU01951,Male,ECE,7.54,83.09,57.74,2,5,5,2,91.79,5.61,7.26,6.12,6.17,6.12,9.61,No,3,3.27,6.14,56.88,0,0.0
STU01952,Female,IT,6.89,91.22,49.29,2,1,0,3,16.4,4.08,2.64,5.46,6.86,4.75,7.55,No,1,5.16,6.09,29.43,0,0.0
STU01953,Male,EEE,7.11,58.57,78.67,0,3,5,0,47.66,4.56,4.63,8.69,8.21,4.71,3.18,Yes,0,2.69,4.13,43.24,0,0.0
STU01954,Male,CSE,6.6,70.8,70.3,4,3,3,2,53.57,8.22,9.44,8.64,8.34,4.46,4.43,No,1,5.17,6.92,57.39,0,0.0
STU01955,Male,EEE,4.96,65.91,80.85,1,3,4,2,53.95,5.98,5.5,6.17,7.12,2.42,6.43,No,2,5.15,4.06,35.47,0,0.0
STU01956,Male,EEE,8.39,54.34,84.4,2,5,2,0,79.84,8.63,10.0,5.99,5.41,8.41,7.15,No,3,5.97,2.89,57.16,1,8.63
STU01957,Male,CSE,6.76,81.47,65.63,2,1,0,0,49.21,4.48,2.56,8.97,7.26,10.0,6.7,No,2,5.79,3.63,47.17,1,9.12
STU01958,Female,CSE,8.48,90.5,89.34,0,3,5,0,44.34,6.19,5.49,4.05,3.81,9.53,7.73,Yes,1,4.03,6.15,60.41,1,9.45
STU01959,Male,CIVIL,9.14,72.2,78.33,0,5,2,0,80.08,9.37,8.96,8.02,6.9,9.46,1.38,Yes,1,4.24,3.37,53.14,0,0.0
STU01960,Female,CSE,5.89,58.99,59.17,0,3,2,0,90.28,4.5,4.9,4.8,4.77,0.0,8.36,No,0,6.5,6.71,51.19,0,0.0
STU01961,Female,IT,9.33,77.31,79.64,3,2,1,0,62.04,5.62,4.56,7.13,6.91,5.53,8.26,Yes,1,5.1,7.69,60.67,1,9.6
STU01962,Male,ECE,10.0,90.86,69.82,1,4,1,3,77.89,5.38,7.03,4.03,5.13,7.17,4.76,No,2,6.51,4.57,42.02,0,0.0
STU01963,Male,IT,7.07,79.83,81.38,3,3,0,0,34.64,7.56,6.21,7.87,7.34,1.39,6.62,Yes,2,7.29,5.41,65.35,1,9.86
STU01964,Male,MECH,5.47,84.38,61.51,2,0,2,0,68.24,2.91,2.36,4.67,5.88,6.34,3.39,No,3,5.78,0.0,41.52,1,7.43
STU01965,Male,ECE,7.77,87.5,61.39,1,2,0,2,60.16,7.82,6.75,7.14,4.26,5.9,4.11,Yes,0,9.28,0.63,41.37,0,0.0
STU01966,Male,IT,8.53,77.52,78.28,2,2,2,1,49.92,7.11,7.5,3.76,4.43,3.93,5.16,Yes,3,1.01,7.9,54.07,0,0.0
STU01967,Female,MECH,6.27,69.77,75.75,2,5,5,1,100.0,6.24,7.47,7.84,8.34,6.73,3.14,No,2,6.05,2.99,56.7,0,0.0
STU01968,Female,ECE,6.06,82.47,73.71,1,1,0,0,45.1,5.38,6.58,1.86,3.74,5.57,6.46,Yes,0,6.6,4.88,44.83,0,0.0
STU01969,Male,MECH,7.88,76.96,83.81,2,3,0,0,60.19,4.69,3.19,7.44,4.27,3.92,2.05,Yes,1,5.76,6.51,37.8,0,0.0
STU01970,Female,MECH,5.8,88.4,89.66,1,2,0,0,91.78,7.44,7.82,4.62,5.09,5.43,4.62,Yes,1,6.85,2.28,45.91,0,0.0
STU01971,Female,CSE,7.46,80.38,60.75,0,0,2,0,42.9,3.71,2.85,8.15,8.32,5.43,6.28,No,4,4.49,0.25,39.1,0,0.0
STU01972,Male,CSE,8.55,69.18,78.33,0,3,2,0,46.58,4.58,3.73,6.0,5.0,5.78,5.81,No,4,2.67,5.56,50.35,1,8.99
STU01973,Female,ECE,7.51,82.23,62.32,2,4,1,0,100.0,5.52,5.61,4.8,4.74,4.75,6.7,Yes,3,4.48,4.17,60.18,1,8.55
STU01974,Female,EEE,6.64,85.65,95.33,1,0,0,1,53.17,5.18,6.93,8.13,6.27,9.6,4.05,Yes,0,6.1,5.1,40.7,0,0.0
STU01975,Male,IT,5.94,74.42,82.92,0,4,0,0,65.3,7.63,7.87,2.48,4.85,2.53,3.43,No,1,5.86,3.6,44.88,1,8.89
STU01976,Female,CIVIL,4.96,66.54,83.81,2,2,4,0,56.19,5.71,4.47,5.6,5.24,6.16,5.57,Yes,1,5.34,2.62,45.68,0,0.0
STU01977,Male,CSE,7.92,55.74,83.84,1,1,2,0,75.73,7.48,6.27,4.0,5.87,9.77,6.09,Yes,4,6.52,4.24,61.17,0,0.0
STU01978,Female,IT,7.59,69.64,87.87,0,3,4,2,53.66,6.98,9.28,4.09,4.07,8.22,6.73,No,2,8.51,2.36,49.39,1,9.12
STU01979,Female,CSE,6.27,72.03,78.48,3,4,0,2,29.74,5.72,6.38,7.47,7.39,6.05,4.17,No,1,6.4,5.98,50.62,1,9.43
STU01980,Male,ECE,5.71,81.13,91.19,0,5,1,0,57.19,3.27,5.0,7.71,7.08,8.65,7.37,No,4,6.47,4.92,44.42,1,7.55
STU01981,Male,IT,8.8,95.35,53.45,3,2,3,0,70.57,5.3,4.54,6.68,7.27,5.8,4.7,No,3,4.25,3.33,70.09,1,10.11
STU01982,Female,ECE,7.71,82.86,53.12,2,4,1,0,72.25,6.49,7.09,8.29,7.1,6.33,4.33,No,1,5.53,3.86,59.13,1,7.52
STU01983,Male,EEE,7.41,81.72,71.67,2,6,0,0,69.3,8.0,9.07,7.26,6.85,4.22,2.73,No,2,3.36,7.52,58.58,1,8.07
STU01984,Male,EEE,7.72,90.25,74.72,1,1,5,0,46.07,6.17,7.17,7.0,5.26,4.78,5.45,Yes,4,7.99,4.66,50.31,0,0.0
STU01985,Male,ECE,7.09,78.55,65.84,0,3,3,0,57.01,2.85,3.07,4.86,6.5,5.1,2.7,Yes,3,5.11,5.8,53.12,1,6.52
STU01986,Female,CSE,7.23,56.31,69.07,0,0,1,1,53.92,7.3,9.7,5.37,6.27,8.65,8.09,No,1,7.05,7.77,47.58,0,0.0
STU01987,Female,CSE,8.49,76.47,58.23,1,1,0,0,81.1,5.81,8.41,6.58,7.12,5.04,3.54,Yes,3,5.97,6.03,61.41,1,9.72
STU01988,Female,CSE,6.48,85.64,100.0,4,3,4,3,81.79,5.67,6.09,8.13,6.99,6.73,6.58,No,1,5.97,8.99,58.48,1,9.33
STU01989,Female,MECH,7.27,76.69,79.68,1,2,1,0,82.18,2.21,4.78,7.25,5.54,8.44,3.35,Yes,0,4.23,0.86,38.26,0,0.0
STU01990,Female,CSE,7.34,79.98,66.02,2,2,2,1,41.32,1.38,2.06,8.22,6.59,7.44,7.36,Yes,2,5.64,5.42,53.62,1,8.78
STU01991,Female,MECH,7.98,89.45,74.64,0,2,3,0,45.8,7.12,7.81,8.02,7.51,9.61,0.39,Yes,4,3.7,3.39,40.22,0,0.0
STU01992,Male,ECE,7.32,73.89,66.22,2,0,0,0,89.84,6.56,6.37,7.49,6.59,4.93,7.05,No,0,4.25,5.38,52.04,1,7.29
STU01993,Male,CSE,6.75,88.54,72.77,0,3,3,0,77.72,3.84,4.2,6.76,5.81,6.29,1.52,Yes,4,3.83,5.19,54.38,1,9.29
STU01994,Male,CIVIL,8.75,69.92,63.27,0,2,0,1,92.0,4.75,3.89,5.52,5.52,4.69,4.42,No,0,4.85,4.0,32.12,0,0.0
STU01995,Male,CSE,8.65,72.17,48.84,2,3,0,0,55.98,5.97,6.47,4.28,4.94,5.39,5.1,Yes,1,6.11,4.9,61.31,1,9.07
STU01996,Male,EEE,5.73,90.28,61.77,1,3,1,2,100.0,7.67,7.66,5.6,5.6,2.92,4.03,Yes,0,5.85,7.43,48.46,0,0.0
STU01997,Male,MECH,7.19,80.38,72.01,1,3,4,2,58.51,7.65,6.67,7.5,6.37,7.71,7.15,No,4,5.34,2.7,38.14,0,0.0
STU01998,Female,IT,7.86,81.74,86.84,0,6,0,0,71.6,9.28,9.6,4.61,6.31,6.91,6.05,No,1,7.3,5.72,51.54,0,0.0
STU01999,Male,ECE,6.83,73.3,60.68,0,4,1,1,80.4,3.19,1.46,6.54,5.59,6.1,8.96,Yes,2,5.22,7.2,33.32,0,0.0
STU02000,Female,MECH,5.33,75.34,56.93,2,4,2,0,52.58,5.74,6.11,5.14,5.47,5.83,5.94,Yes,1,3.23,6.44,44.0,0,0.0
STU02001,Male,CSE,6.71,73.2,67.84,3,3,1,1,18.1,8.93,9.0,6.39,6.59,5.09,9.35,Yes,0,6.39,4.67,59.16,1,9.6
STU02002,Female,EEE,9.11,82.6,62.79,2,2,1,0,44.43,6.48,5.53,8.33,7.51,5.92,5.85,Yes,2,6.59,7.9,55.16,0,0.0
STU02003,Female,IT,6.23,65.13,45.46,1,4,2,3,77.16,6.1,8.13,8.83,6.95,7.94,7.7,No,3,6.14,1.59,44.91,1,8.71
STU02004,Male,EEE,8.69,69.2,74.77,1,5,3,0,56.85,3.83,4.05,4.96,6.35,4.15,5.08,Yes,1,5.18,5.16,55.83,1,8.38
STU02005,Male,EEE,6.74,96.52,53.28,0,0,4,1,73.36,6.48,7.68,6.28,5.31,5.3,7.54,Yes,1,6.62,5.77,38.72,0,0.0
STU02006,Male,CSE,6.94,74.69,79.65,0,2,3,1,31.03,5.63,6.85,3.34,4.54,5.94,2.59,No,0,4.28,2.26,41.68,0,0.0
STU02007,Male,IT,7.76,83.9,83.37,1,4,3,0,35.31,5.39,5.83,7.13,5.95,5.1,4.66,Yes,3,4.58,2.65,56.27,0,0.0
STU02008,Female,IT,5.71,64.44,90.07,1,4,2,2,64.84,6.56,6.59,6.37,6.19,4.23,3.44,Yes,0,3.43,3.06,45.08,0,0.0
STU02009,Female,CSE,8.46,74.37,78.59,1,4,0,1,70.95,9.1,7.85,6.85,7.67,2.87,6.31,No,1,2.1,1.51,57.69,0,0.0
STU02010,Male,ECE,6.0,78.92,68.47,3,0,2,2,65.07,10.0,10.0,6.23,6.55,3.47,0.4,No,0,6.73,9.94,41.76,0,0.0
STU02011,Female,IT,8.57,91.92,53.87,2,1,2,0,77.31,5.77,7.48,2.93,4.87,6.66,6.55,No,0,7.04,0.0,57.83,1,8.86
STU02012,Female,CIVIL,5.83,83.08,65.18,1,4,0,0,54.5,7.36,6.21,6.67,6.68,3.38,5.13,No,0,3.12,2.59,34.22,0,0.0
STU02013,Female,CSE,5.93,77.71,87.69,0,3,3,0,70.7,7.66,7.37,3.83,5.32,6.06,5.61,Yes,0,3.01,5.92,58.84,0,0.0
STU02014,Male,IT,6.38,85.7,81.83,1,4,1,1,74.06,7.92,9.11,7.97,6.94,7.76,5.37,Yes,2,4.92,5.98,57.7,1,9.25
STU02015,Female,IT,8.39,80.81,69.45,1,0,3,0,47.33,5.33,4.04,7.91,7.08,6.1,3.19,Yes,0,1.85,6.79,51.67,1,8.69
STU02016,Male,EEE,7.8,88.67,63.36,1,6,3,0,26.13,8.34,10.0,4.45,6.21,6.36,3.63,Yes,2,4.37,7.08,52.33,1,7.95
STU02017,Male,CSE,6.44,79.58,61.64,1,2,1,3,78.73,5.55,5.1,6.8,6.47,1.92,7.17,No,0,9.46,7.96,41.4,0,0.0
STU02018,Male,IT,5.69,84.16,82.93,0,3,0,1,80.49,6.64,5.67,6.06,8.8,4.85,6.24,Yes,2,7.0,3.33,48.22,1,9.97
STU02019,Female,ECE,6.09,67.74,71.29,1,2,1,0,97.01,4.52,6.07,7.21,5.02,4.68,5.96,Yes,1,5.56,3.36,49.83,0,0.0
STU02020,Male,ECE,7.28,73.76,67.29,1,5,0,0,40.68,8.89,7.18,7.37,7.38,3.88,6.33,No,1,3.76,5.62,53.86,0,0.0
STU02021,Male,IT,7.8,78.74,76.82,1,3,4,1,68.22,4.78,5.37,6.31,5.48,8.28,4.88,No,0,3.48,7.41,56.84,1,9.09
STU02022,Male,CSE,7.4,80.55,75.78,2,2,0,1,47.5,4.15,5.59,4.99,4.77,3.32,0.62,No,0,9.47,5.2,42.22,0,0.0
STU02023,Male,IT,6.82,85.7,75.44,4,3,0,2,74.71,3.85,3.72,7.1,7.54,2.99,3.15,No,1,6.01,2.45,45.89,0,0.0
STU02024,Female,MECH,7.35,85.23,70.93,0,3,1,1,37.75,4.76,6.5,7.28,8.07,6.16,7.99,No,0,4.86,5.17,34.66,0,0.0
STU02025,Male,MECH,6.94,82.24,68.79,0,3,2,2,63.94,4.43,3.27,6.33,5.52,2.35,2.36,Yes,3,5.6,2.78,27.61,0,0.0
STU02026,Male,IT,6.52,61.85,82.04,2,4,3,0,72.94,6.79,8.51,7.22,6.64,8.89,6.18,No,4,6.53,3.85,68.27,1,10.24
STU02027,Male,IT,7.73,83.98,57.96,2,2,3,1,25.65,6.53,6.22,7.88,8.12,2.62,5.03,No,1,7.0,4.08,52.52,0,0.0
STU02028,Male,CSE,7.2,81.73,52.71,2,3,1,0,49.92,7.37,9.81,6.57,6.37,3.94,7.23,No,1,6.15,5.6,60.02,1,9.13
STU02029,Female,CSE,6.36,90.41,100.0,0,4,2,1,45.46,7.67,9.09,6.42,6.06,8.84,6.71,Yes,0,4.8,7.67,60.5,1,10.94
STU02030,Male,CSE,7.16,70.48,72.51,2,2,4,0,76.78,8.45,7.25,2.61,4.44,6.06,2.31,Yes,0,8.5,4.17,69.57,1,10.02
STU02031,Female,IT,6.38,70.99,73.33,0,2,0,0,50.78,7.41,6.27,4.5,5.67,7.09,4.5,No,2,8.92,6.69,50.59,1,8.79
STU02032,Female,CSE,6.53,79.83,84.64,4,4,0,0,58.46,6.92,5.64,6.88,6.66,5.19,7.65,Yes,1,2.82,6.34,72.96,1,9.95
STU02033,Male,CIVIL,9.37,97.13,57.67,1,1,1,0,56.68,4.44,5.07,5.32,5.37,6.62,8.61,Yes,0,9.31,6.05,39.4,0,0.0
STU02034,Female,EEE,8.65,69.07,71.06,2,4,0,0,38.64,5.18,4.22,4.87,3.97,2.52,3.06,No,0,5.71,5.03,38.82,0,0.0
STU02035,Male,EEE,4.86,83.47,62.98,2,3,3,4,79.73,6.34,7.32,6.27,5.66,7.84,2.29,Yes,1,7.02,2.82,35.01,0,0.0
STU02036,Female,EEE,7.25,71.41,68.02,1,3,0,3,54.54,8.56,9.95,10.0,8.86,6.04,6.36,Yes,1,3.68,8.29,37.0,1,5.97
STU02037,Male,IT,6.76,78.54,70.57,3,5,0,0,20.62,5.72,5.67,9.43,7.73,7.56,4.06,No,0,7.84,6.93,63.53,1,9.82
STU02038,Female,ECE,5.73,90.26,85.58,1,3,0,0,92.35,5.98,6.71,7.6,5.35,5.25,4.51,No,0,5.46,5.82,46.35,0,0.0
STU02039,Female,ECE,7.89,74.61,78.76,0,2,4,1,39.31,4.11,4.98,6.54,6.82,4.97,6.55,Yes,1,2.88,3.84,36.63,0,0.0
STU02040,Male,IT,8.91,78.03,83.66,1,2,3,0,38.83,9.89,10.0,6.39,5.05,4.49,6.51,No,1,5.7,4.78,64.0,0,0.0
STU02041,Female,CSE,7.43,73.93,84.41,2,3,0,0,82.61,8.44,10.0,5.15,4.96,9.38,4.77,No,0,5.51,4.42,71.63,1,11.93
STU02042,Male,ECE,7.13,77.11,65.49,2,2,1,2,76.43,4.91,4.24,6.25,6.38,4.51,4.09,No,1,5.94,4.94,42.24,0,0.0
STU02043,Male,IT,5.22,67.05,64.91,0,6,0,0,88.4,8.12,9.09,7.53,6.87,8.37,4.35,Yes,1,9.31,1.79,58.18,1,9.5
STU02044,Male,MECH,5.39,71.47,61.99,3,6,4,0,67.46,5.87,4.87,5.51,6.31,5.21,5.53,Yes,0,4.85,2.4,60.02,1,8.71
STU02045,Female,MECH,5.95,94.59,72.44,0,0,2,2,95.34,2.8,3.37,1.66,3.78,7.75,8.18,No,0,6.83,10.0,21.49,0,0.0
STU02046,Female,MECH,8.09,84.13,84.56,2,5,2,0,46.6,10.0,10.0,6.64,5.56,4.86,5.76,No,2,6.61,6.68,55.28,0,0.0
STU02047,Male,CSE,6.08,84.25,83.19,0,5,0,0,76.57,5.44,4.41,8.9,7.84,3.77,5.3,No,0,5.55,2.86,57.54,0,0.0
STU02048,Male,CSE,6.29,77.98,74.58,1,3,4,0,23.15,7.64,6.11,4.64,4.28,5.7,7.04,Yes,2,5.7,3.29,56.22,1,8.88
STU02049,Male,IT,8.98,74.74,72.15,0,5,5,0,71.62,3.94,3.77,2.95,4.29,8.68,1.69,Yes,1,5.51,6.07,60.84,1,9.31
STU02050,Female,IT,7.5,79.44,84.49,1,4,0,0,42.94,5.04,3.8,4.58,5.91,5.4,9.39,Yes,1,4.56,4.64,53.16,1,8.74
STU02051,Male,CSE,6.81,90.73,66.06,2,3,2,1,80.27,3.04,0.15,6.3,6.88,6.6,3.41,No,1,8.85,3.46,53.76,1,10.6
STU02052,Male,CIVIL,6.75,70.73,72.95,2,1,2,0,77.32,3.21,2.53,8.71,7.56,5.21,5.59,No,3,5.91,2.71,34.28,0,0.0
STU02053,Female,CSE,8.0,71.72,65.14,2,2,0,0,48.54,5.04,5.68,3.43,4.8,6.43,1.18,Yes,0,2.95,4.89,59.5,1,9.01
STU02054,Male,EEE,5.71,83.63,88.4,0,6,0,0,52.73,6.92,8.15,5.73,4.74,7.64,7.44,Yes,1,6.42,2.88,45.49,0,0.0
STU02055,Female,CSE,8.65,69.04,81.03,0,0,3,0,59.03,7.34,7.27,9.17,8.37,3.73,0.03,No,1,6.6,8.62,54.03,0,0.0
STU02056,Female,CSE,7.07,89.87,63.49,1,3,2,0,78.54,6.66,8.06,6.54,6.67,1.32,3.56,No,0,7.78,3.4,60.89,1,9.27
STU02057,Male,CIVIL,6.04,89.21,59.66,2,6,2,1,41.71,5.27,3.02,3.44,6.1,3.96,6.18,No,1,5.3,0.21,39.48,0,0.0
STU02058,Male,CIVIL,5.98,75.14,65.75,3,2,4,4,73.21,7.07,8.64,4.96,6.24,3.84,4.88,No,0,7.89,7.69,32.94,0,0.0
STU02059,Female,IT,7.05,82.38,83.91,0,3,4,1,72.68,6.11,6.79,5.82,6.75,8.46,2.15,Yes,2,7.51,7.26,53.59,0,0.0
STU02060,Male,CSE,8.11,76.15,65.93,0,3,0,0,58.95,7.67,8.51,6.52,6.41,8.63,3.39,No,0,4.46,4.71,50.81,0,0.0
STU02061,Female,IT,6.78,81.57,74.32,0,2,1,0,70.92,7.53,5.4,4.16,5.52,6.89,1.78,No,1,7.07,3.04,43.59,0,0.0
STU02062,Male,CSE,6.85,75.79,70.86,1,2,0,3,37.98,9.06,9.18,4.34,5.96,10.0,7.67,Yes,2,4.49,7.78,40.03,0,0.0
STU02063,Male,ECE,6.59,73.04,89.26,0,4,1,0,79.77,5.61,7.13,8.7,7.13,8.45,3.07,Yes,2,3.89,5.0,58.14,1,7.83
STU02064,Male,ECE,8.22,81.06,65.97,0,1,2,0,69.05,6.09,7.54,9.19,8.79,2.48,5.07,Yes,0,5.0,9.36,54.69,0,0.0
STU02065,Male,IT,6.87,77.67,77.41,0,3,4,1,26.02,6.72,8.4,9.92,7.06,4.66,6.63,Yes,4,5.27,0.0,53.46,0,0.0
STU02066,Male,CSE,8.56,70.68,71.96,3,1,3,3,52.13,4.8,2.74,5.16,4.98,8.12,4.12,No,0,4.8,5.48,51.2,0,0.0
STU02067,Male,ECE,6.5,69.16,97.29,0,4,3,0,59.46,2.45,3.39,7.09,6.12,5.55,5.4,No,2,4.03,10.0,42.63,0,0.0
STU02068,Male,ECE,7.06,68.52,81.62,1,2,0,3,50.95,6.49,6.97,9.22,7.83,5.53,6.83,No,0,5.95,4.95,35.09,0,0.0
STU02069,Female,MECH,8.96,74.62,64.39,0,3,3,1,82.41,4.75,3.68,6.25,6.67,5.34,7.5,No,0,5.97,7.33,36.85,0,0.0
STU02070,Male,IT,5.85,91.44,76.62,4,2,0,0,65.73,5.6,8.47,6.24,6.48,4.1,4.96,No,0,6.33,2.88,60.19,1,10.76
STU02071,Male,MECH,7.28,74.84,98.34,1,3,2,0,37.34,5.78,5.63,5.42,5.75,4.6,4.76,No,0,4.14,8.32,35.31,0,0.0
STU02072,Male,ECE,7.54,75.84,69.38,0,2,1,0,39.9,8.37,9.28,10.0,8.19,7.08,4.84,Yes,2,7.25,5.43,59.07,1,8.03
STU02073,Female,MECH,7.02,61.81,75.85,1,4,2,0,75.76,6.84,5.15,5.64,5.59,7.31,4.09,Yes,3,4.72,5.26,42.87,0,0.0
STU02074,Male,MECH,9.29,71.14,86.27,0,1,3,0,86.39,5.73,6.26,6.82,6.65,2.95,3.56,No,2,6.87,5.04,46.4,1,7.12
STU02075,Male,IT,6.59,83.11,74.78,0,2,5,0,47.69,6.24,6.66,4.58,5.69,6.29,3.24,No,0,3.36,4.83,54.07,1,8.38
STU02076,Female,ECE,6.55,76.1,71.68,0,3,2,1,71.11,8.91,10.0,6.71,6.27,5.45,1.42,Yes,2,3.3,1.55,52.13,1,7.07
STU02077,Male,CIVIL,7.83,87.02,88.5,3,2,1,1,67.0,7.63,8.24,6.06,8.12,9.75,5.02,Yes,4,5.16,7.92,43.08,0,0.0
STU02078,Female,ECE,5.7,67.33,58.62,1,2,1,1,81.71,6.27,7.18,6.1,6.17,6.67,8.93,Yes,0,6.64,4.55,45.03,0,0.0
STU02079,Male,IT,8.33,80.59,92.31,0,2,2,1,100.0,6.29,6.56,8.66,7.21,6.04,0.0,Yes,4,8.63,7.09,54.86,1,9.64
STU02080,Female,ECE,7.3,89.95,67.5,0,3,0,0,88.55,8.02,8.57,7.37,6.92,3.45,7.36,Yes,4,9.13,3.33,54.17,1,7.35
STU02081,Female,CSE,8.59,80.86,55.84,0,6,3,1,67.68,6.34,5.95,8.04,8.01,4.55,5.79,Yes,2,5.92,7.63,65.42,1,9.78
STU02082,Female,ECE,8.27,94.03,70.71,4,2,3,0,58.18,8.1,9.92,5.72,4.46,5.44,7.94,No,0,7.88,4.65,60.48,1,9.04
STU02083,Female,CSE,5.97,68.87,82.65,0,4,3,2,56.41,6.28,8.77,5.72,5.66,5.83,4.6,Yes,2,6.92,3.03,56.86,1,10.9
STU02084,Female,ECE,7.82,73.16,100.0,1,2,0,1,48.64,4.9,3.16,3.8,4.64,4.43,3.56,No,0,7.0,5.0,34.29,0,0.0
STU02085,Male,CSE,6.1,70.92,64.14,0,0,5,2,45.86,3.55,1.0,2.44,6.19,5.36,8.35,Yes,0,6.05,6.47,26.26,0,0.0
STU02086,Female,ECE,6.78,72.9,95.38,1,4,4,3,47.5,6.18,5.98,4.99,5.48,9.35,7.3,Yes,4,6.2,4.22,41.69,0,0.0
STU02087,Female,CIVIL,7.54,80.55,96.96,0,2,2,1,66.45,3.2,1.27,6.24,6.61,4.01,1.3,No,1,6.39,7.3,32.14,0,0.0
STU02088,Male,CSE,6.51,88.79,96.38,2,3,2,2,86.4,5.53,4.78,7.21,7.6,5.12,4.13,Yes,0,2.92,3.11,54.98,0,0.0
STU02089,Male,EEE,8.8,98.75,70.6,0,5,4,1,83.6,5.1,4.48,5.5,5.25,8.14,3.32,No,0,5.91,4.06,53.74,0,0.0
STU02090,Male,IT,6.51,58.81,64.4,1,3,0,0,52.37,5.4,3.99,5.16,5.39,1.33,5.07,No,3,6.59,4.65,47.36,0,0.0
STU02091,Male,CSE,5.14,80.81,84.17,1,3,3,0,43.98,6.64,6.28,6.63,7.27,2.32,7.9,No,0,4.39,8.87,53.28,1,8.2
STU02092,Male,ECE,6.7,86.5,72.95,0,4,4,0,81.91,8.47,8.23,7.99,5.62,5.78,7.88,Yes,1,3.47,3.79,61.47,1,8.14
STU02093,Male,MECH,5.02,85.3,79.58,1,5,0,0,73.11,5.2,6.65,4.78,3.91,3.33,6.33,Yes,4,4.95,6.39,34.63,0,0.0
STU02094,Female,ECE,4.0,79.34,84.24,0,3,4,1,46.46,2.21,1.35,6.76,5.44,5.25,5.9,No,2,3.92,2.69,32.95,0,0.0
STU02095,Female,CSE,7.68,78.2,96.99,2,4,1,0,27.41,5.39,3.42,8.68,9.5,4.75,3.59,Yes,1,4.44,7.78,72.13,1,10.26
STU02096,Female,IT,9.0,90.86,84.74,3,0,1,2,81.51,5.15,5.98,4.09,5.31,6.51,6.54,Yes,2,2.43,5.15,63.09,0,0.0
STU02097,Female,CSE,6.14,85.79,64.71,1,0,0,0,61.1,7.82,8.89,7.4,7.09,4.45,7.47,No,2,2.38,4.79,49.2,0,0.0
STU02098,Male,IT,8.16,72.68,86.32,3,6,0,1,73.04,4.36,5.57,4.2,4.79,6.04,10.0,Yes,2,5.47,4.46,64.29,1,10.58
STU02099,Male,CSE,6.82,79.35,62.09,1,2,2,0,37.55,5.67,5.41,5.94,6.98,3.55,0.72,Yes,0,1.48,5.56,48.19,0,0.0
STU02100,Male,IT,7.11,95.66,78.75,3,2,1,0,40.57,6.4,6.26,7.44,7.54,8.47,6.89,Yes,0,5.11,4.89,64.54,1,10.79
STU02101,Female,ECE,5.48,69.81,78.87,1,4,2,0,70.33,5.64,6.13,7.65,6.96,3.98,4.95,Yes,2,8.66,5.77,57.73,0,0.0
STU02102,Female,CSE,5.47,88.6,86.79,1,1,1,4,86.55,4.79,4.67,3.54,4.23,5.27,5.87,No,1,5.29,3.92,30.64,0,0.0
STU02103,Male,IT,7.54,91.89,83.77,2,5,0,2,74.12,10.0,10.0,6.7,5.37,5.86,6.7,No,0,5.29,2.73,65.98,1,8.63
STU02104,Female,CSE,5.75,79.07,88.2,0,2,0,0,60.99,7.91,7.54,5.37,5.69,6.93,10.0,Yes,4,8.64,5.57,49.73,0,0.0
STU02105,Female,IT,6.42,89.56,61.43,4,4,1,0,65.41,7.34,6.53,3.01,3.93,3.67,2.22,Yes,1,4.44,5.31,62.95,1,9.62
STU02106,Male,CSE,8.45,71.96,82.34,0,3,3,1,42.08,4.91,3.63,5.69,6.92,5.79,4.84,No,3,9.68,2.49,46.83,0,0.0
STU02107,Female,IT,5.68,71.52,49.26,0,3,1,2,98.39,9.23,6.46,7.21,6.01,6.92,2.04,Yes,2,8.09,4.58,52.57,1,8.92
STU02108,Male,CIVIL,8.58,77.63,75.66,1,6,1,0,100.0,4.75,5.41,7.1,7.47,5.34,9.4,Yes,0,4.85,3.97,53.61,0,0.0
STU02109,Female,ECE,7.32,76.34,86.25,1,2,1,0,68.07,3.59,3.58,5.45,5.21,5.6,6.97,No,1,8.26,8.51,43.01,0,0.0
STU02110,Male,IT,6.67,54.82,80.68,1,1,5,0,35.52,5.85,6.05,5.36,5.64,1.8,5.1,Yes,2,4.35,4.45,49.97,1,9.08
STU02111,Male,IT,7.26,78.47,71.15,2,4,4,0,75.37,6.97,6.61,8.18,7.78,10.0,1.55,No,2,6.76,4.42,66.32,1,10.65
STU02112,Female,IT,8.51,69.33,66.55,0,0,3,4,70.13,5.64,4.01,7.09,5.73,7.14,6.55,Yes,3,4.97,4.84,31.99,0,0.0
STU02113,Male,IT,8.14,68.95,83.06,3,5,0,1,35.07,3.21,4.09,3.61,4.19,8.56,5.37,No,2,6.56,4.95,48.63,1,10.19
STU02114,Male,CSE,7.66,81.22,93.83,0,6,4,0,50.57,7.18,7.11,5.87,5.53,3.51,4.95,Yes,4,6.55,5.85,63.53,1,10.11
STU02115,Male,CSE,6.64,73.64,76.92,3,1,2,1,46.21,7.59,7.58,7.9,5.27,3.95,3.85,No,0,6.56,4.83,57.13,1,10.81
STU02116,Female,ECE,7.74,88.59,81.25,1,3,3,1,55.54,7.87,9.22,7.55,6.8,4.8,6.61,No,3,7.27,9.82,49.67,0,0.0
STU02117,Male,MECH,7.73,75.81,64.11,0,5,2,1,74.78,4.87,6.39,6.15,5.98,5.28,2.16,Yes,1,5.05,7.35,40.96,0,0.0
STU02118,Male,CIVIL,5.98,78.46,80.57,2,2,1,0,63.57,5.79,2.92,4.87,5.06,8.85,3.55,Yes,1,5.64,5.02,35.55,0,0.0
STU02119,Male,MECH,8.21,83.28,73.31,0,3,3,1,72.64,2.05,2.06,5.88,6.73,6.03,6.22,No,2,4.61,1.26,29.07,0,0.0
STU02120,Male,CIVIL,7.38,85.75,71.35,2,5,4,2,69.78,6.39,4.09,4.48,4.2,3.14,2.82,No,2,6.66,2.72,35.62,0,0.0
STU02121,Male,IT,6.49,82.72,61.29,0,1,1,2,60.58,5.21,4.03,4.45,5.47,5.44,6.68,No,1,5.06,4.14,27.67,0,0.0
STU02122,Female,CSE,6.57,85.85,52.16,1,3,2,1,74.59,7.38,8.67,4.63,5.11,5.42,3.45,No,2,5.27,6.15,58.35,1,9.62
STU02123,Female,IT,8.73,80.33,76.25,0,4,3,0,74.55,4.58,8.1,5.4,6.28,9.7,2.05,Yes,4,8.73,2.91,60.43,1,9.61
STU02124,Male,CSE,5.9,89.39,78.13,3,2,1,0,55.67,7.31,6.42,8.36,5.87,5.58,5.17,Yes,1,6.57,3.34,63.76,1,9.69
STU02125,Female,MECH,6.45,82.48,67.68,0,3,4,1,54.77,6.07,7.78,7.43,6.68,4.79,8.86,Yes,0,4.76,5.91,48.34,0,0.0
STU02126,Male,CSE,7.47,73.98,94.95,0,6,3,1,47.31,6.86,8.47,8.21,7.91,8.24,8.36,Yes,1,1.35,1.02,60.27,0,0.0
STU02127,Male,IT,7.1,65.84,71.39,1,4,1,0,89.87,6.29,5.32,7.32,8.0,3.34,3.03,Yes,0,3.38,4.42,64.0,1,9.97
STU02128,Female,MECH,7.13,78.69,75.99,0,1,4,0,64.32,5.22,5.05,7.89,8.55,10.0,5.29,Yes,0,5.76,7.49,40.1,0,0.0
STU02129,Male,IT,7.06,76.36,77.14,1,4,4,2,56.1,5.65,5.53,7.26,5.9,4.39,5.78,Yes,1,3.56,6.16,58.95,0,0.0
STU02130,Male,CSE,8.08,83.41,89.66,1,1,2,0,62.13,3.89,3.78,6.45,6.13,4.89,4.16,No,1,7.54,5.65,45.23,0,0.0
STU02131,Female,EEE,7.35,68.62,65.17,1,3,1,2,72.07,7.78,6.73,4.26,6.3,5.37,5.72,No,0,7.14,6.47,44.78,0,0.0
STU02132,Male,CIVIL,7.34,92.45,70.26,0,2,2,2,62.75,10.0,8.39,6.37,6.31,8.24,3.06,Yes,1,8.14,1.04,36.48,0,0.0
STU02133,Male,ECE,9.95,77.36,93.99,4,0,1,0,49.98,7.05,9.18,5.2,6.38,10.0,8.44,No,3,4.77,3.48,59.36,1,8.27
STU02134,Female,IT,6.66,82.89,63.03,0,6,2,1,37.63,7.82,8.12,7.54,9.29,8.02,7.41,Yes,2,4.86,1.99,55.61,0,0.0
STU02135,Male,MECH,6.71,69.86,78.92,0,2,0,1,73.85,5.03,4.89,7.46,6.39,6.74,7.57,Yes,3,4.59,10.0,39.26,0,0.0
STU02136,Female,IT,7.5,79.59,58.85,2,2,1,0,65.8,5.69,5.01,7.77,6.05,0.97,7.84,Yes,3,3.18,6.67,58.58,1,9.84
STU02137,Female,IT,7.76,72.64,100.0,1,2,1,0,48.45,9.59,9.8,5.22,5.78,4.23,8.77,Yes,0,3.72,3.8,55.91,1,9.09
STU02138,Female,EEE,6.56,77.29,80.63,1,4,1,1,61.98,7.21,9.07,6.18,6.17,9.09,1.69,No,3,3.69,2.18,41.71,0,0.0
STU02139,Male,IT,7.25,81.56,83.67,2,5,2,1,79.49,7.06,7.45,5.91,5.82,8.41,4.8,Yes,1,6.26,3.82,68.78,1,10.5
STU02140,Male,IT,8.08,65.35,73.57,2,1,1,3,39.59,7.13,8.39,10.0,7.85,5.2,7.82,No,0,7.53,6.25,46.24,0,0.0
STU02141,Female,CSE,8.02,100.0,81.11,0,2,1,2,55.33,8.61,8.05,6.43,5.61,6.07,6.28,Yes,1,8.53,4.39,47.72,1,6.71
STU02142,Male,ECE,5.45,68.67,70.89,2,4,4,0,69.62,6.22,3.93,3.51,4.02,4.62,7.65,Yes,0,5.56,8.16,55.33,1,8.1
STU02143,Female,IT,8.52,92.36,91.7,1,2,1,0,47.31,4.31,5.39,4.21,5.18,2.53,7.79,No,3,5.55,4.42,48.61,0,0.0
STU02144,Male,ECE,9.16,69.62,80.5,1,3,5,2,57.28,8.05,8.17,3.05,6.06,1.69,2.76,No,0,3.26,7.99,45.8,0,0.0
STU02145,Female,ECE,5.92,73.79,83.83,1,3,2,1,56.7,6.36,6.99,4.93,3.38,3.67,0.25,No,1,4.15,2.28,43.51,0,0.0
STU02146,Male,EEE,6.28,94.57,75.19,2,3,1,0,64.1,6.09,4.28,6.05,5.74,2.33,3.05,Yes,2,7.8,4.26,46.51,0,0.0
STU02147,Male,EEE,7.79,80.24,87.25,2,4,0,1,58.25,5.35,5.75,3.8,4.47,6.39,3.46,Yes,0,3.85,0.0,42.55,0,0.0
STU02148,Male,MECH,4.84,85.74,65.93,2,4,1,0,42.54,8.17,7.64,4.49,5.15,5.29,4.43,Yes,2,6.63,4.15,39.38,0,0.0
STU02149,Male,CSE,8.95,78.69,80.56,0,2,0,0,79.22,6.98,7.36,2.55,5.24,5.9,4.64,No,2,4.03,3.54,49.92,1,8.51
STU02150,Male,IT,5.59,85.38,62.3,0,3,1,0,95.55,5.21,7.23,6.99,6.29,5.88,5.74,Yes,3,6.3,6.41,62.66,0,0.0
STU02151,Female,CSE,7.12,65.89,66.58,2,0,5,0,45.77,7.2,6.7,7.45,7.64,6.41,3.8,Yes,4,7.2,6.11,64.49,1,10.93
STU02152,Male,ECE,5.76,66.97,81.55,1,5,2,0,92.13,4.19,4.66,3.95,5.1,4.36,5.19,No,3,4.55,1.4,53.53,0,0.0
STU02153,Male,CSE,6.87,75.83,80.07,0,3,3,0,39.42,5.58,6.95,4.9,4.21,0.84,6.47,Yes,1,6.82,4.66,55.57,0,0.0
STU02154,Male,IT,6.83,66.5,83.5,1,3,3,0,56.85,7.29,8.11,5.07,5.34,7.69,6.78,No,1,5.13,7.69,59.49,0,0.0
STU02155,Female,CSE,7.7,90.41,61.69,1,1,2,0,62.26,8.77,10.0,5.94,7.05,3.17,5.95,No,2,4.65,4.63,62.35,1,9.8
STU02156,Female,ECE,8.3,87.45,95.54,1,3,4,2,53.91,8.57,7.96,8.41,7.82,9.64,4.05,No,3,2.2,4.51,47.33,0,0.0
STU02157,Female,IT,8.61,78.73,66.85,2,3,3,0,67.56,7.4,6.5,7.45,6.54,5.33,5.01,No,1,4.66,4.04,73.09,1,11.05
STU02158,Female,ECE,8.63,83.74,90.46,2,6,2,0,45.71,5.18,5.65,5.37,6.6,4.94,4.42,No,2,4.51,3.22,54.22,0,0.0
STU02159,Female,EEE,7.03,74.7,82.74,1,1,5,4,69.33,7.86,7.4,5.19,6.38,6.85,5.33,Yes,2,7.63,3.64,36.37,0,0.0
STU02160,Male,IT,7.37,70.48,83.73,4,2,0,1,41.76,3.52,2.54,5.1,5.53,4.17,2.96,Yes,1,4.82,5.08,46.53,0,0.0
STU02161,Female,EEE,7.42,68.85,70.53,0,0,3,1,49.87,7.81,8.5,4.69,5.54,6.31,2.66,Yes,3,3.05,8.48,45.27,0,0.0
STU02162,Male,ECE,6.05,73.21,64.16,2,1,4,1,60.37,6.51,6.78,4.53,4.72,5.28,4.96,No,0,9.67,5.93,43.5,0,0.0
STU02163,Female,CSE,8.06,79.49,64.02,0,1,0,0,59.12,3.04,5.14,6.47,6.24,6.99,2.14,No,4,4.09,3.34,45.71,1,7.95
STU02164,Male,EEE,7.62,58.87,74.09,0,4,3,0,54.65,3.27,2.45,6.36,5.74,4.79,6.7,Yes,0,4.43,7.47,43.86,0,0.0
STU02165,Female,EEE,8.12,82.08,75.32,2,5,0,0,53.78,5.9,7.29,6.39,6.22,6.43,6.06,Yes,4,4.59,7.31,53.59,1,8.77
STU02166,Male,CIVIL,7.65,91.29,66.23,1,6,0,0,41.7,5.38,3.75,8.44,7.42,7.01,7.56,No,3,2.37,5.41,35.35,0,0.0
STU02167,Male,EEE,8.03,59.77,69.4,3,5,0,0,30.03,7.4,6.55,7.03,5.97,4.41,5.95,No,2,4.87,1.72,55.68,1,8.63
STU02168,Female,CSE,6.42,100.0,63.33,0,3,5,0,43.69,4.24,3.52,7.61,6.77,8.01,6.78,No,1,3.72,3.03,51.93,1,8.78
STU02169,Male,CSE,6.94,67.61,49.77,1,0,1,2,51.85,7.86,6.26,5.92,6.73,3.94,1.63,No,2,8.57,4.79,43.3,0,0.0
STU02170,Male,IT,8.38,82.52,86.64,4,3,0,2,74.5,6.97,6.7,6.74,6.66,6.04,3.75,No,0,7.91,8.05,54.36,0,0.0
STU02171,Male,IT,4.98,81.54,72.76,0,3,3,1,42.18,9.18,8.89,7.2,6.74,5.73,6.23,Yes,3,7.87,4.81,50.39,1,8.41
STU02172,Female,CSE,7.81,67.04,72.36,0,3,2,2,59.55,7.77,7.95,4.98,6.5,5.44,0.0,No,4,6.01,0.59,55.24,0,0.0
STU02173,Male,MECH,5.94,80.53,86.66,0,2,1,2,69.74,4.38,5.74,7.56,5.94,10.0,3.81,No,1,7.1,5.6,22.43,0,0.0
STU02174,Male,ECE,9.45,75.74,76.68,1,0,3,3,94.0,8.39,8.4,5.14,5.12,5.57,3.44,No,1,7.13,6.59,39.99,0,0.0
STU02175,Female,ECE,7.11,90.54,46.9,4,4,1,2,71.74,7.9,7.68,6.06,5.83,8.98,4.0,Yes,0,4.84,5.45,58.76,0,0.0
STU02176,Male,EEE,6.37,75.13,64.68,0,4,2,3,66.56,5.48,2.74,6.51,7.2,6.78,1.67,No,1,4.89,5.33,19.05,0,0.0
STU02177,Male,CSE,6.97,73.83,76.86,2,5,1,2,56.98,9.2,10.0,8.73,7.57,4.88,3.82,No,2,3.69,7.25,60.55,1,9.84
STU02178,Female,ECE,5.66,85.09,78.22,0,3,4,0,62.17,4.52,4.45,5.34,5.32,1.46,6.45,Yes,1,7.66,6.97,44.95,0,0.0
STU02179,Male,ECE,8.57,65.8,94.0,1,2,0,0,63.83,5.92,6.12,7.05,6.72,6.34,7.45,Yes,2,2.53,3.52,52.72,1,8.17
STU02180,Male,IT,8.4,68.54,60.62,1,3,1,0,58.18,3.94,3.06,9.37,7.48,3.56,5.52,Yes,2,5.64,6.12,53.01,0,0.0
STU02181,Male,CSE,7.96,69.04,73.31,1,1,1,1,73.34,8.55,6.8,5.01,5.73,6.83,5.66,Yes,1,8.31,6.78,60.53,1,9.39
STU02182,Female,IT,7.05,80.48,76.02,0,4,1,0,43.49,5.58,8.15,6.97,6.23,6.68,8.1,No,1,3.58,4.1,50.4,0,0.0
STU02183,Female,CSE,8.54,80.62,65.89,2,3,3,0,49.03,6.18,7.19,4.59,5.34,6.96,7.04,No,2,7.56,3.0,64.52,1,10.38
STU02184,Male,IT,6.72,73.54,78.98,0,1,3,0,68.12,5.02,5.47,4.01,5.52,8.7,4.96,Yes,0,5.73,7.72,49.56,1,8.68
STU02185,Female,ECE,7.72,66.08,73.72,0,2,0,2,73.05,8.44,8.6,5.37,4.86,9.99,7.0,No,1,6.22,4.63,34.54,0,0.0
STU02186,Male,EEE,6.57,82.89,89.58,1,2,1,0,67.54,6.64,7.08,5.25,6.29,5.66,1.8,Yes,0,5.71,3.92,40.32,0,0.0
STU02187,Male,CIVIL,6.5,80.53,69.62,2,2,1,2,86.27,7.36,7.95,7.1,5.63,8.81,7.09,Yes,0,5.94,5.56,39.64,0,0.0
STU02188,Male,CSE,8.12,95.99,92.0,3,2,2,1,83.62,6.79,8.6,6.69,6.58,5.15,2.1,No,0,7.34,4.93,67.76,1,10.65
STU02189,Male,IT,7.21,71.57,51.23,0,2,1,3,48.59,7.3,4.62,4.89,6.08,4.03,2.33,Yes,0,4.27,6.03,35.07,0,0.0
STU02190,Male,CSE,6.4,80.98,79.42,3,5,5,0,63.06,7.69,8.25,4.5,4.99,5.23,4.69,No,1,4.11,2.77,71.6,1,10.63
STU02191,Female,CIVIL,7.27,77.97,74.01,2,3,2,0,55.69,5.86,7.45,7.23,7.04,8.24,4.64,No,0,7.15,6.29,49.41,0,0.0
STU02192,Male,MECH,6.73,73.42,86.18,3,3,2,2,58.25,3.64,4.36,7.89,7.55,2.48,6.81,Yes,1,5.22,2.36,39.58,0,0.0
STU02193,Male,CIVIL,5.83,72.9,74.6,0,4,0,1,61.9,5.85,6.28,6.51,7.25,5.44,3.62,No,2,7.17,4.72,27.17,0,0.0
STU02194,Female,ECE,6.45,65.7,80.97,1,1,1,0,74.66,5.58,5.77,9.97,7.04,8.8,3.72,No,1,4.24,2.95,50.6,1,7.84
STU02195,Male,IT,8.1,76.53,70.55,1,4,1,1,76.96,3.29,2.74,5.63,5.58,4.32,3.4,Yes,1,6.73,5.07,51.42,0,0.0
STU02196,Male,EEE,7.12,82.61,72.48,0,6,4,1,37.16,6.89,5.87,8.38,6.42,5.42,5.59,Yes,1,2.14,8.84,46.23,0,0.0
STU02197,Female,ECE,7.31,90.26,73.34,0,4,0,2,70.29,8.77,7.71,5.12,5.64,7.57,6.49,No,1,7.43,5.02,39.5,0,0.0
STU02198,Male,CIVIL,6.54,74.92,92.34,0,5,2,1,49.51,4.03,3.09,8.3,6.33,5.53,6.01,No,0,6.72,3.91,32.64,0,0.0
STU02199,Female,IT,4.14,85.78,87.8,2,5,1,0,86.11,5.26,5.88,4.6,4.03,7.09,4.24,Yes,4,5.2,4.85,58.51,1,9.19
STU02200,Male,CSE,6.83,80.65,75.86,2,5,2,3,47.18,4.65,3.19,6.86,6.77,5.67,9.63,Yes,0,4.67,5.79,50.48,0,0.0
STU02201,Female,CSE,7.16,71.94,84.36,2,2,3,0,75.54,1.23,2.27,8.42,6.96,6.26,3.15,Yes,1,6.15,3.85,61.57,1,9.01
STU02202,Male,CSE,7.88,77.19,82.59,0,3,0,0,65.65,5.24,5.44,3.18,4.6,4.79,2.92,Yes,0,5.5,2.59,50.52,0,0.0
STU02203,Female,IT,8.52,77.39,84.42,1,2,4,0,48.19,10.0,9.28,8.06,5.99,5.89,5.77,No,0,10.0,4.27,63.97,1,10.17
STU02204,Male,CSE,9.83,70.7,75.32,1,1,0,1,63.22,7.31,6.14,5.65,5.2,6.83,6.09,Yes,0,4.45,6.49,53.06,0,0.0
STU02205,Male,CSE,7.06,83.82,78.13,0,1,1,2,51.54,9.56,8.9,7.34,6.98,2.15,3.51,Yes,1,6.97,5.91,45.44,0,0.0
STU02206,Female,ECE,6.44,82.59,55.53,2,4,2,2,47.82,8.33,7.87,5.41,5.95,8.01,7.07,No,3,7.23,5.06,48.93,0,0.0
STU02207,Male,MECH,10.0,67.46,83.79,0,6,0,1,83.36,5.52,4.9,6.88,6.07,5.43,8.84,Yes,3,4.39,2.76,44.35,1,6.99
STU02208,Female,ECE,7.22,71.87,80.48,2,2,1,0,48.51,6.84,6.95,8.41,8.2,7.54,1.29,Yes,4,5.21,4.71,59.89,1,8.57
STU02209,Male,IT,8.1,69.9,87.25,1,3,3,0,49.53,6.39,5.12,7.17,6.82,0.1,7.44,No,0,7.04,1.56,54.76,0,0.0
STU02210,Male,ECE,8.33,78.06,85.16,3,2,3,0,79.05,5.71,5.19,6.35,5.05,5.42,0.0,Yes,2,5.49,8.41,62.2,1,7.46
STU02211,Male,EEE,7.29,81.17,74.52,3,2,3,0,70.54,6.89,6.71,7.63,7.21,7.32,5.19,No,0,4.6,7.25,62.2,1,8.95
STU02212,Female,ECE,8.08,56.54,73.57,0,3,1,2,38.63,3.68,2.55,3.97,4.96,6.86,3.58,Yes,0,5.44,3.85,28.82,0,0.0
STU02213,Female,IT,8.61,62.25,69.46,1,4,0,1,53.72,6.98,7.15,7.51,7.19,5.54,5.85,No,1,4.43,5.02,55.22,1,10.15
STU02214,Female,ECE,7.67,80.8,73.48,1,4,1,0,100.0,6.27,6.37,7.08,6.34,3.82,3.21,Yes,1,3.98,1.41,61.53,1,8.62
STU02215,Male,ECE,7.32,79.84,73.13,3,2,1,1,49.48,5.2,5.18,7.27,5.78,5.33,8.74,Yes,1,5.55,3.88,47.04,1,8.68
STU02216,Female,IT,8.4,77.02,71.87,0,1,1,0,45.31,9.03,8.39,5.09,5.49,5.57,0.04,No,2,5.75,2.84,55.95,0,0.0
STU02217,Male,ECE,8.3,71.83,40.0,1,2,4,1,63.46,8.85,8.4,4.54,6.0,6.33,4.2,No,4,5.56,4.13,55.02,0,0.0
STU02218,Male,CSE,9.06,75.71,66.45,1,5,0,0,62.07,7.07,6.58,4.99,5.55,6.53,4.98,No,1,8.91,7.03,63.95,0,0.0
STU02219,Male,CSE,6.8,85.57,66.94,4,4,2,2,56.96,7.19,8.59,7.13,5.92,9.15,6.14,Yes,4,7.5,9.4,63.87,1,10.59
STU02220,Female,ECE,7.96,67.35,78.74,1,2,4,1,85.94,9.81,9.5,5.4,5.56,10.0,5.35,Yes,1,5.7,4.6,60.72,1,8.27
STU02221,Male,CSE,6.73,91.93,64.25,1,4,2,0,55.49,5.73,5.79,7.81,7.1,5.3,4.69,Yes,2,1.6,4.48,62.66,1,9.59
STU02222,Male,IT,7.06,76.52,44.72,1,4,4,0,57.84,5.56,4.88,4.63,5.4,6.49,8.83,No,1,7.76,4.07,55.1,1,8.3
STU02223,Female,ECE,7.29,74.68,74.77,1,6,0,0,83.88,5.38,6.17,5.3,6.46,6.77,7.14,Yes,1,6.86,6.08,57.53,0,0.0
STU02224,Female,EEE,7.46,83.23,66.72,2,1,4,0,55.36,5.91,2.88,7.34,7.73,6.85,6.68,Yes,1,7.17,6.2,54.64,1,7.49
STU02225,Female,CIVIL,5.98,79.65,61.36,1,2,2,1,68.83,7.26,7.21,5.63,6.8,5.59,4.8,Yes,1,6.94,1.26,40.2,0,0.0
STU02226,Female,IT,7.18,77.78,87.15,1,5,1,2,62.63,5.6,3.46,4.67,4.77,1.52,3.1,No,2,2.47,8.82,47.82,0,0.0
STU02227,Male,ECE,9.49,68.04,90.33,1,2,0,2,66.69,4.0,3.67,6.84,5.0,2.68,4.66,Yes,0,4.0,2.91,40.36,0,0.0
STU02228,Male,ECE,6.7,88.77,66.89,1,1,0,1,47.2,5.98,6.43,7.22,6.52,3.77,3.27,No,2,5.77,4.11,35.86,0,0.0
STU02229,Female,CSE,8.09,72.72,77.21,2,3,0,1,40.39,9.53,9.18,7.35,6.83,4.41,3.82,Yes,3,3.01,8.29,61.71,1,9.08
STU02230,Male,CIVIL,6.88,70.11,73.32,3,3,5,0,54.45,3.95,2.13,8.04,6.37,6.63,1.5,Yes,1,8.33,4.33,52.04,0,0.0
STU02231,Male,CSE,5.09,66.75,69.82,0,3,3,0,70.41,2.7,3.2,5.87,7.22,4.72,7.52,No,2,6.28,6.04,37.6,0,0.0
STU02232,Male,IT,6.94,75.02,86.43,0,3,4,2,46.65,6.2,7.24,8.86,7.57,5.23,4.51,Yes,3,4.19,4.82,48.95,1,8.34
STU02233,Male,CSE,6.89,94.77,68.96,0,4,5,2,71.89,6.3,6.33,6.5,6.58,5.0,4.61,Yes,1,6.54,5.41,47.34,0,0.0
STU02234,Male,IT,7.29,79.68,68.0,4,0,0,2,92.4,4.4,5.51,7.58,8.71,10.0,6.53,No,4,5.57,5.82,53.93,1,7.94
STU02235,Female,IT,8.07,80.39,83.58,1,1,1,0,43.36,5.14,4.9,5.07,5.5,2.37,6.13,Yes,1,7.89,3.1,53.29,0,0.0
STU02236,Male,CSE,7.56,79.52,77.03,2,3,2,0,58.97,10.0,10.0,5.75,6.96,4.96,6.5,No,1,4.81,4.16,58.79,0,0.0
STU02237,Female,IT,7.09,73.1,68.84,0,2,4,0,92.53,8.24,6.8,8.09,8.69,3.99,4.62,No,1,2.81,4.08,65.14,1,9.65
STU02238,Male,CSE,7.12,62.58,63.8,1,0,0,2,68.03,8.08,8.86,5.27,4.85,9.83,3.46,Yes,1,5.34,2.19,47.75,0,0.0
STU02239,Female,IT,8.65,80.32,63.41,4,2,0,1,69.97,7.21,8.09,5.7,5.35,9.82,5.3,Yes,1,5.04,3.52,66.34,1,11.02
STU02240,Male,CSE,5.65,81.01,66.18,0,3,0,3,43.83,5.59,5.47,5.72,5.55,8.5,5.66,No,0,5.94,7.47,26.23,0,0.0
STU02241,Female,ECE,6.68,89.13,69.0,1,3,3,3,64.17,6.95,6.61,5.19,5.78,4.5,0.0,Yes,0,3.56,5.35,38.28,0,0.0
STU02242,Female,ECE,7.15,79.9,70.28,1,1,0,1,64.81,7.68,6.46,6.92,6.38,7.61,7.37,Yes,1,5.61,2.57,47.44,0,0.0
STU02243,Male,ECE,8.05,74.57,76.74,0,0,1,0,27.62,5.46,7.31,7.43,5.49,2.55,3.69,No,1,6.59,2.56,39.91,0,0.0
STU02244,Female,ECE,8.0,83.89,93.85,2,1,0,3,43.6,5.33,6.93,4.77,6.26,4.16,7.42,No,3,8.13,2.92,35.33,0,0.0
STU02245,Male,CSE,6.67,83.44,67.87,2,6,3,0,100.0,3.82,4.2,5.46,5.83,6.57,2.48,Yes,1,7.08,5.86,67.62,1,11.47
STU02246,Female,ECE,6.44,74.55,66.74,1,2,1,0,68.49,6.56,7.37,3.74,4.87,2.47,5.27,Yes,3,4.97,9.86,45.52,1,6.54
STU02247,Female,IT,6.72,78.0,86.74,2,4,3,0,71.8,4.79,1.46,3.14,4.48,4.77,3.82,No,1,6.32,6.49,51.64,0,0.0
STU02248,Female,CIVIL,6.63,85.65,83.4,1,1,1,1,81.0,4.76,3.72,5.72,6.42,7.69,8.66,No,0,3.89,5.84,34.43,0,0.0
STU02249,Female,ECE,7.9,85.26,70.64,1,3,5,0,54.2,4.31,3.59,4.08,5.27,6.15,7.38,No,1,6.68,10.0,54.03,0,0.0
STU02250,Female,EEE,8.84,81.37,64.99,1,5,0,0,48.63,6.77,7.92,6.74,6.03,3.75,3.21,Yes,3,6.93,10.0,52.32,0,0.0
STU02251,Male,IT,7.13,76.03,73.35,1,2,0,0,67.18,2.64,2.32,7.07,6.65,5.88,4.25,Yes,0,5.39,2.45,48.61,0,0.0
STU02252,Male,CSE,6.66,69.65,67.35,2,2,3,0,48.13,5.5,2.62,6.08,6.03,5.07,9.32,No,0,5.38,0.0,50.2,0,0.0
STU02253,Male,CSE,8.25,64.2,63.56,2,2,2,0,84.92,7.39,6.3,9.05,7.21,6.62,3.51,No,2,9.28,7.71,72.02,1,10.11
STU02254,Male,MECH,5.88,81.17,71.03,0,2,0,0,72.41,10.0,9.11,6.67,6.78,4.85,7.51,Yes,1,6.61,9.08,40.8,0,0.0
STU02255,Female,CSE,5.68,94.57,75.83,0,3,4,0,41.24,3.14,4.84,3.41,6.0,3.33,2.3,No,0,5.4,3.43,43.13,1,7.96
STU02256,Female,CSE,7.89,86.89,63.42,3,3,4,0,59.65,6.35,6.85,5.69,6.95,6.06,6.21,Yes,2,7.54,6.66,74.28,1,11.48
STU02257,Male,CIVIL,6.63,72.83,69.11,1,0,2,1,70.78,6.06,5.69,6.16,6.69,5.38,4.65,No,0,5.08,3.97,37.76,0,0.0
STU02258,Male,ECE,5.47,67.26,80.21,2,2,3,0,83.19,6.34,8.18,7.7,6.69,10.0,4.88,No,1,4.74,8.18,56.49,1,8.47
STU02259,Female,IT,7.74,91.59,74.46,0,5,0,2,54.43,6.7,8.79,7.0,6.67,4.64,2.65,No,0,5.54,5.1,41.31,0,0.0
STU02260,Male,CSE,6.4,79.13,88.37,1,2,0,4,64.15,8.82,7.02,7.68,6.71,5.86,7.7,No,1,5.26,5.46,36.14,0,0.0
STU02261,Female,ECE,8.18,62.1,71.88,0,3,1,0,77.79,5.5,4.68,5.59,6.74,2.57,3.42,No,1,7.54,5.83,47.81,0,0.0
STU02262,Male,ECE,5.88,88.2,100.0,0,4,2,1,93.97,6.43,7.41,6.28,6.19,5.74,5.92,Yes,0,5.63,8.19,52.2,1,8.55
STU02263,Male,EEE,6.25,67.25,62.09,3,5,0,0,65.76,5.92,6.1,7.11,6.99,5.33,5.11,Yes,1,5.38,6.74,60.05,0,0.0
STU02264,Male,EEE,8.44,73.16,75.19,3,5,3,0,51.83,3.74,4.97,8.92,7.41,4.32,7.35,Yes,2,5.75,9.55,66.88,1,8.47
STU02265,Male,CSE,7.92,71.12,83.22,3,1,1,0,79.44,6.2,8.01,5.19,5.27,6.21,6.44,Yes,4,4.95,5.76,56.26,0,0.0
STU02266,Male,CSE,9.26,83.1,76.72,3,3,2,2,71.69,6.62,8.63,4.66,4.46,2.89,6.14,Yes,0,5.3,9.96,67.2,1,10.16
STU02267,Female,ECE,6.6,69.39,89.32,3,3,4,0,33.46,9.02,6.69,3.86,5.13,4.33,4.28,No,0,4.54,4.89,59.85,0,0.0
STU02268,Male,CSE,5.3,87.08,64.71,1,5,0,0,100.0,9.16,8.14,6.27,5.62,6.51,4.95,No,0,8.21,5.11,57.51,1,9.6
STU02269,Male,IT,7.98,92.75,83.58,1,2,3,2,37.02,8.27,8.94,5.13,5.41,2.28,6.38,No,1,6.58,9.46,49.99,0,0.0
STU02270,Female,CSE,7.64,81.92,47.17,0,3,1,2,52.2,3.9,4.13,4.76,5.34,4.78,2.75,Yes,4,4.8,3.64,43.25,1,7.91
STU02271,Female,ECE,6.44,91.62,73.34,3,0,1,0,68.39,8.63,8.43,4.73,6.9,5.8,4.77,Yes,0,5.63,6.75,60.79,1,8.48
STU02272,Female,MECH,6.31,74.66,79.53,0,2,2,0,89.42,4.26,3.29,6.71,6.38,6.13,6.14,Yes,1,5.47,4.04,43.91,0,0.0
STU02273,Male,MECH,6.44,65.16,64.68,0,5,2,0,58.46,8.29,7.5,9.03,8.21,3.18,3.57,Yes,0,1.11,3.27,46.45,1,8.31
STU02274,Male,CIVIL,8.5,82.28,73.4,0,2,5,2,59.7,5.18,3.92,4.24,4.39,7.86,3.22,Yes,3,5.84,3.13,31.71,0,0.0
STU02275,Female,CSE,9.71,67.24,60.99,2,6,1,1,56.82,6.03,5.37,7.63,7.8,3.07,3.99,No,4,7.88,5.78,66.73,0,0.0
STU02276,Female,MECH,10.0,100.0,78.95,2,6,2,0,91.07,4.56,4.87,7.09,8.39,3.45,7.92,Yes,0,5.08,9.56,50.61,1,7.83
STU02277,Male,CIVIL,6.31,83.38,70.01,1,2,4,0,90.65,6.93,4.85,6.6,7.17,6.53,4.19,No,0,8.88,6.52,48.24,1,7.9
STU02278,Female,MECH,8.71,83.47,82.14,1,3,0,3,65.85,4.84,3.9,9.8,7.74,1.14,3.25,Yes,4,5.35,5.51,36.51,0,0.0
STU02279,Male,CSE,8.24,70.85,81.92,1,1,4,2,71.23,4.83,6.53,4.44,2.59,3.79,5.68,Yes,0,7.05,4.93,56.07,1,9.39
STU02280,Male,CSE,7.38,78.03,88.15,2,2,1,0,40.52,6.4,6.88,9.18,7.76,7.36,2.61,No,2,3.01,5.55,56.22,1,9.79
STU02281,Female,CSE,9.84,78.19,79.22,0,1,0,1,15.85,4.8,6.09,6.32,6.22,3.82,5.73,No,4,8.49,8.22,40.5,0,0.0
STU02282,Male,IT,5.85,95.85,87.33,1,3,4,1,55.53,5.03,5.02,7.06,7.45,2.14,4.62,No,0,4.95,6.87,45.02,0,0.0
STU02283,Male,ECE,6.68,86.91,91.41,1,2,4,0,50.69,8.95,9.03,9.3,8.15,5.25,6.26,Yes,1,2.39,5.03,66.43,1,9.18
STU02284,Male,MECH,6.45,77.91,74.73,2,4,3,0,52.18,8.01,7.22,4.27,4.9,4.96,2.83,Yes,0,4.82,6.26,49.03,0,0.0
STU02285,Male,CSE,6.48,88.23,89.04,0,3,0,0,52.73,5.67,3.93,5.37,6.55,2.2,3.02,Yes,1,7.05,5.64,53.28,1,8.4
STU02286,Male,IT,7.41,93.73,67.36,2,2,0,0,79.02,5.79,6.52,1.3,4.38,2.28,4.52,Yes,1,4.39,5.96,62.14,1,10.29
STU02287,Female,ECE,4.97,73.75,78.45,1,2,4,3,57.9,4.5,2.89,6.15,7.02,6.63,2.11,Yes,1,4.98,3.91,34.96,0,0.0
STU02288,Female,EEE,6.45,72.74,62.94,2,1,0,2,83.91,3.78,3.35,5.74,5.25,6.81,7.2,No,2,9.92,3.94,35.59,0,0.0
STU02289,Male,IT,7.26,75.18,83.92,0,4,4,0,44.62,6.91,5.41,8.01,7.08,0.79,3.15,Yes,1,7.92,4.14,60.51,1,9.77
STU02290,Female,CSE,9.06,85.42,94.76,3,5,0,0,92.13,1.98,2.18,6.13,5.56,4.4,6.14,No,1,7.07,4.18,65.5,1,10.29
STU02291,Male,ECE,5.45,69.28,82.44,1,3,0,3,54.12,5.38,4.85,6.18,5.11,4.22,6.74,Yes,1,9.24,5.11,33.83,0,0.0
STU02292,Male,IT,8.04,71.1,77.15,0,2,5,1,81.63,7.4,8.54,5.6,6.03,9.32,4.79,Yes,3,5.73,7.96,58.4,0,0.0
STU02293,Male,EEE,8.42,75.83,96.59,2,1,0,1,60.13,5.71,5.18,6.44,6.86,4.91,6.26,No,0,4.68,3.92,42.92,1,7.13
STU02294,Male,CSE,9.6,65.81,86.22,0,5,1,2,84.14,5.97,6.95,3.48,4.23,4.32,6.2,No,1,2.14,2.64,51.56,1,9.17
STU02295,Male,CSE,6.15,82.67,71.57,1,3,5,0,82.57,6.65,6.54,4.0,3.67,7.15,5.53,Yes,4,7.03,3.65,61.55,0,0.0
STU02296,Male,IT,7.01,97.55,61.48,0,2,2,0,81.42,6.86,6.58,9.17,7.25,5.63,5.26,Yes,0,7.02,7.17,65.83,1,11.15
STU02297,Male,CSE,6.24,76.01,73.75,1,4,1,1,63.63,9.74,10.0,9.53,8.08,5.04,5.63,Yes,2,6.34,3.27,63.71,1,9.65
STU02298,Female,CIVIL,6.59,78.57,97.33,1,2,0,2,31.88,5.64,4.18,7.15,5.47,5.39,3.3,Yes,2,7.51,2.58,32.05,0,0.0
STU02299,Male,CIVIL,6.67,75.82,65.98,1,3,3,3,42.2,8.98,8.69,5.57,5.14,6.28,3.44,No,3,3.47,3.3,26.99,0,0.0
STU02300,Male,CSE,6.09,87.04,91.54,3,2,1,0,70.34,4.49,5.39,4.96,6.3,7.37,7.45,Yes,2,7.34,1.67,61.39,1,9.61
STU02301,Male,MECH,7.16,76.98,68.32,2,2,1,0,89.19,6.78,7.55,7.78,7.67,3.48,2.65,Yes,0,9.81,3.39,52.12,0,0.0
STU02302,Female,EEE,7.88,75.96,82.84,0,0,1,2,68.1,7.7,7.43,7.29,7.71,8.08,4.55,No,1,4.68,7.28,30.84,0,0.0
STU02303,Male,IT,7.72,77.48,63.01,1,1,0,0,60.56,5.52,4.0,5.53,5.23,5.69,3.77,Yes,1,5.43,6.28,52.44,1,8.98
STU02304,Female,CSE,5.95,71.86,72.91,1,2,3,0,87.35,6.48,6.63,6.32,5.89,5.29,6.24,Yes,1,7.2,4.32,63.54,1,10.35
STU02305,Male,MECH,8.22,71.69,72.29,0,6,3,0,63.17,4.23,2.85,4.65,6.34,6.63,4.24,No,0,0.23,5.81,42.56,0,0.0
STU02306,Male,CSE,7.48,74.15,62.68,3,2,3,1,41.85,4.64,4.19,7.28,7.22,4.35,3.49,No,4,6.35,7.02,55.14,1,9.44
STU02307,Female,IT,6.29,78.04,68.99,3,0,3,0,84.33,6.24,4.14,2.51,4.09,8.43,7.71,Yes,1,4.75,5.48,63.36,0,0.0
STU02308,Female,CSE,7.83,73.53,89.16,1,2,1,0,55.19,4.17,2.93,4.87,6.43,5.37,6.64,Yes,0,3.34,5.37,53.28,0,0.0
STU02309,Male,ECE,6.87,82.66,69.0,1,5,1,0,72.01,3.72,3.97,7.26,7.88,8.38,2.85,Yes,3,7.69,3.37,56.65,1,7.51
STU02310,Male,CSE,4.83,61.8,83.34,1,2,1,1,50.0,7.87,7.2,5.55,5.15,1.36,4.32,No,2,5.32,5.82,41.61,0,0.0
STU02311,Female,EEE,5.38,59.85,71.51,1,4,2,0,67.87,5.54,4.96,6.83,6.97,0.76,0.09,No,0,3.7,1.08,43.8,0,0.0
STU02312,Male,IT,7.25,60.96,66.37,1,1,0,0,35.54,9.66,9.96,6.76,6.43,2.21,4.61,No,1,3.41,3.58,48.85,0,0.0
STU02313,Male,IT,6.41,67.58,83.67,2,5,1,1,66.86,7.93,6.85,2.75,3.82,7.6,2.9,Yes,0,4.66,2.59,54.51,0,0.0
STU02314,Male,CSE,6.77,86.6,66.35,3,3,0,1,44.67,4.73,4.1,5.58,7.76,5.7,8.93,Yes,1,4.58,4.83,55.73,1,9.25
STU02315,Male,IT,7.24,48.34,80.6,2,5,2,2,74.21,5.83,4.95,2.8,4.7,4.12,0.58,Yes,0,4.93,5.12,49.36,1,9.19
STU02316,Female,ECE,6.83,72.52,84.74,0,3,1,0,55.98,8.46,7.99,6.43,6.61,8.49,3.77,Yes,1,6.4,3.76,53.32,1,7.8
STU02317,Female,IT,6.3,77.1,87.27,3,3,1,0,62.92,7.7,8.88,7.26,7.71,2.83,9.95,Yes,3,7.5,4.2,70.96,1,10.94
STU02318,Male,CSE,7.09,75.46,70.06,4,3,5,0,73.32,4.01,2.32,5.63,6.43,4.7,9.47,No,0,3.67,4.55,57.65,1,10.28
STU02319,Male,MECH,4.35,76.22,71.01,2,2,3,0,61.85,7.61,7.67,4.04,4.68,5.23,1.38,Yes,0,9.12,5.85,44.36,0,0.0
STU02320,Male,EEE,9.06,67.45,71.81,0,4,2,1,45.45,7.72,9.68,3.64,5.84,2.72,4.98,Yes,0,5.82,3.03,44.58,0,0.0
STU02321,Female,IT,5.23,69.15,53.19,3,0,0,0,59.97,6.97,6.1,3.99,4.36,2.82,3.65,Yes,1,4.89,7.2,55.67,1,8.8
STU02322,Male,IT,5.98,81.24,94.96,1,3,2,0,28.92,6.75,7.77,7.6,7.66,2.75,6.78,No,1,4.28,3.51,50.6,0,0.0
STU02323,Female,IT,8.0,91.07,70.95,2,5,2,1,53.76,5.51,5.18,6.23,5.36,5.32,8.01,Yes,1,7.88,3.64,55.51,0,0.0
STU02324,Male,CSE,4.54,76.9,79.88,1,3,5,2,69.94,4.73,3.64,6.62,5.85,6.36,0.72,No,3,3.47,3.27,42.79,0,0.0
STU02325,Female,CSE,8.35,65.14,74.28,1,5,1,0,83.53,6.49,6.47,5.98,6.85,7.73,1.92,No,1,7.19,4.84,70.1,1,9.91
STU02326,Female,CIVIL,7.63,85.85,87.35,0,3,2,0,79.47,6.98,5.95,5.11,5.09,2.19,6.1,Yes,2,5.24,4.66,37.89,0,0.0
STU02327,Male,IT,4.25,88.06,77.91,1,2,5,0,58.82,5.21,5.89,6.18,4.8,8.29,7.37,Yes,0,6.88,5.72,48.7,0,0.0
STU02328,Male,ECE,8.16,62.02,100.0,1,3,2,4,81.6,1.51,1.71,4.16,5.43,3.11,8.01,Yes,1,6.06,6.15,28.14,0,0.0
STU02329,Male,IT,7.99,89.19,66.44,2,4,0,0,70.25,6.47,5.76,5.03,4.84,5.43,3.19,Yes,3,6.72,5.53,63.89,1,8.85
STU02330,Male,ECE,8.04,79.6,84.21,1,2,2,3,37.58,6.65,7.77,2.16,3.12,4.06,6.46,No,1,3.53,6.2,35.58,0,0.0
STU02331,Female,IT,8.81,68.21,78.36,1,4,4,0,79.0,5.49,6.8,7.1,6.56,7.49,6.68,No,2,3.62,8.16,67.98,1,10.82
STU02332,Male,ECE,8.14,78.62,77.24,3,3,2,1,55.09,9.06,7.54,5.02,4.4,4.69,7.21,No,1,5.1,4.47,52.91,1,7.03
STU02333,Male,CSE,6.61,71.01,66.29,3,4,0,0,49.23,6.09,4.92,8.83,6.22,4.06,6.91,No,4,4.78,6.55,68.43,1,10.76
STU02334,Male,CSE,7.5,81.39,70.79,1,5,0,3,58.97,5.38,5.19,5.94,5.91,2.66,5.52,No,0,5.81,4.97,40.56,0,0.0
STU02335,Female,ECE,7.08,72.36,99.06,0,1,5,0,82.18,4.12,5.45,3.14,5.43,3.91,1.36,Yes,1,6.78,1.8,41.05,0,0.0
STU02336,Female,EEE,6.66,60.77,79.73,3,2,2,0,80.93,6.72,4.57,10.0,8.48,4.97,6.37,No,1,9.3,4.62,54.96,0,0.0
STU02337,Male,IT,5.66,78.97,69.4,1,2,2,0,42.46,6.46,6.19,8.67,7.34,6.35,6.51,Yes,0,4.57,3.82,54.78,1,8.32
STU02338,Male,EEE,7.5,71.37,97.93,1,4,3,1,58.39,4.25,3.86,6.05,7.33,8.92,4.13,No,0,2.67,7.93,40.2,0,0.0
STU02339,Female,EEE,7.31,69.11,69.9,1,0,1,3,60.17,3.49,1.97,6.69,6.85,4.93,7.05,Yes,2,2.97,2.86,23.33,0,0.0
STU02340,Female,CSE,8.75,73.64,79.37,1,4,0,0,74.71,6.57,5.66,7.12,6.72,2.93,2.3,No,4,5.65,4.34,64.41,1,9.45
STU02341,Male,EEE,7.51,66.52,57.44,0,4,2,1,56.65,4.25,1.52,6.6,7.09,9.6,4.55,Yes,0,8.6,1.87,38.68,0,0.0
STU02342,Female,ECE,6.08,73.88,70.12,1,3,3,0,22.22,7.58,8.75,4.62,4.81,7.85,2.49,No,0,6.29,9.28,43.39,0,0.0
STU02343,Male,ECE,7.97,75.86,81.39,1,1,1,2,92.74,7.38,8.92,4.07,4.71,8.15,4.72,Yes,1,6.93,7.94,46.9,1,7.51
STU02344,Female,CSE,8.41,72.69,77.12,2,6,1,0,73.98,6.54,7.37,6.71,7.11,8.08,3.47,Yes,1,5.63,6.41,73.16,1,9.95
STU02345,Female,CIVIL,4.24,85.67,77.6,1,3,1,3,74.1,4.5,6.37,5.43,5.36,0.0,1.03,Yes,3,7.28,3.27,18.59,0,0.0
STU02346,Male,CSE,6.91,76.95,82.28,0,1,1,1,43.19,7.99,7.37,7.84,7.49,0.57,1.36,No,3,4.9,5.92,43.24,0,0.0
STU02347,Male,CSE,7.13,64.72,63.59,1,2,1,0,55.69,5.11,5.25,7.65,6.63,2.19,0.49,Yes,2,5.22,5.76,59.2,1,8.48
STU02348,Male,CIVIL,6.84,70.25,58.66,2,2,1,0,40.19,4.72,5.96,7.0,6.3,2.02,4.71,No,0,6.76,7.83,29.39,0,0.0
STU02349,Male,IT,6.17,64.73,65.51,1,1,0,0,39.0,5.68,5.08,2.97,4.97,3.9,4.41,No,1,5.1,2.0,40.55,0,0.0
STU02350,Female,IT,8.69,87.05,80.51,1,0,0,1,58.79,6.83,7.81,4.64,4.73,2.53,5.64,Yes,2,3.99,1.67,46.32,0,0.0
STU02351,Female,EEE,4.84,85.74,76.65,4,3,4,0,57.34,5.74,8.0,5.38,5.71,6.45,6.09,Yes,0,6.03,5.56,58.51,0,0.0
STU02352,Male,ECE,6.62,69.8,83.69,1,1,1,1,52.98,4.7,2.01,0.45,3.26,2.6,6.68,Yes,0,3.34,6.35,33.11,0,0.0
STU02353,Female,CSE,6.17,62.63,92.43,4,0,2,0,46.98,5.3,4.12,9.05,7.41,6.0,2.64,No,0,2.95,4.72,58.66,1,9.59
STU02354,Female,CIVIL,8.14,83.72,84.1,2,3,3,0,43.39,7.72,8.2,10.0,8.24,7.01,1.36,No,0,7.04,5.65,52.63,0,0.0
STU02355,Male,MECH,6.64,68.71,72.34,0,3,2,1,71.02,1.93,3.05,6.18,5.95,5.08,4.59,No,2,5.97,4.4,36.19,0,0.0
STU02356,Female,MECH,8.13,76.1,77.11,3,6,2,4,72.46,5.11,5.18,4.02,6.0,8.28,2.33,No,0,7.58,7.23,36.21,0,0.0
STU02357,Male,EEE,4.81,59.64,94.01,2,3,3,0,50.35,5.3,6.04,6.3,7.34,4.92,2.88,Yes,2,4.66,4.03,45.8,0,0.0
STU02358,Male,ECE,6.44,69.25,89.31,1,1,3,0,42.99,9.45,9.55,5.89,4.27,9.17,6.12,Yes,1,3.31,3.21,52.62,0,0.0
STU02359,Female,ECE,6.06,100.0,93.25,3,5,0,0,100.0,7.45,8.78,6.53,4.58,3.34,5.93,Yes,1,5.04,0.0,64.24,1,8.53
STU02360,Female,CIVIL,8.19,74.22,62.38,1,1,2,3,72.89,6.19,5.67,6.49,5.74,6.66,4.26,Yes,1,6.43,3.75,26.62,0,0.0
STU02361,Male,EEE,6.63,92.93,59.94,2,3,1,3,52.09,3.74,4.15,5.91,6.3,6.51,10.0,Yes,1,7.65,5.9,39.2,0,0.0
STU02362,Female,IT,7.55,71.22,59.03,0,3,1,0,47.37,5.4,5.72,5.0,5.25,5.46,4.14,Yes,1,3.36,2.64,49.14,0,0.0
STU02363,Male,ECE,9.19,68.86,79.63,0,2,2,3,40.63,4.29,3.84,4.26,4.9,4.94,2.98,Yes,2,6.67,2.65,34.82,0,0.0
STU02364,Male,IT,7.26,85.54,73.91,1,1,3,0,67.54,4.44,6.32,9.29,8.88,3.47,6.44,Yes,1,5.44,0.81,61.07,0,0.0
STU02365,Female,CSE,6.82,78.44,87.05,1,3,0,0,50.73,7.63,10.0,4.31,5.49,6.15,5.7,Yes,1,7.9,1.7,54.61,0,0.0
STU02366,Male,CSE,6.98,74.03,58.88,0,2,1,3,59.71,6.53,5.39,4.9,5.15,2.64,0.75,Yes,2,5.1,5.49,35.95,0,0.0
STU02367,Female,EEE,5.88,83.56,67.58,1,3,1,0,100.0,7.52,7.61,6.52,6.38,5.46,2.64,No,0,4.78,4.7,53.14,0,0.0
STU02368,Female,CSE,5.66,64.25,60.43,0,3,0,3,71.62,5.61,4.04,5.1,5.02,6.16,7.59,Yes,0,5.99,1.69,32.59,0,0.0
STU02369,Female,EEE,8.14,72.93,61.15,3,4,0,0,62.45,6.83,6.25,6.65,6.61,8.02,4.07,Yes,2,3.45,4.85,64.28,1,8.46
STU02370,Male,IT,7.15,76.82,56.13,3,2,2,0,62.94,2.69,2.24,6.01,6.99,4.65,5.78,No,0,4.19,5.65,58.13,1,9.01
STU02371,Female,CIVIL,5.7,89.74,95.54,0,6,3,0,52.4,7.05,7.82,5.13,7.04,9.82,2.75,Yes,1,5.86,5.06,37.5,0,0.0
STU02372,Male,CIVIL,7.58,77.57,81.12,0,5,2,4,50.8,6.93,5.84,8.05,7.8,4.84,3.76,Yes,1,4.79,5.35,28.67,0,0.0
STU02373,Male,CSE,9.12,100.0,64.06,1,6,1,1,57.96,6.21,4.48,3.13,4.55,8.44,4.23,Yes,3,5.11,6.79,67.45,1,10.71
STU02374,Male,IT,7.33,77.2,56.59,1,3,1,3,43.34,7.57,8.38,5.58,6.58,0.91,4.25,Yes,2,4.56,6.58,42.54,0,0.0
STU02375,Female,MECH,7.16,64.32,80.25,2,2,1,0,47.58,4.05,2.62,5.4,5.01,4.9,6.41,Yes,1,6.65,3.26,45.68,1,6.87
STU02376,Male,CSE,4.3,75.64,51.36,4,4,3,0,48.93,3.87,4.15,5.66,6.2,4.04,1.53,No,4,5.84,4.31,54.64,0,0.0
STU02377,Male,EEE,8.08,81.52,74.66,4,4,4,3,65.39,7.19,7.92,8.81,8.24,5.54,6.41,Yes,1,6.26,5.37,46.9,0,0.0
STU02378,Male,MECH,8.06,89.09,94.82,1,2,3,2,72.97,5.73,5.28,5.59,5.67,5.79,6.19,Yes,3,6.18,4.01,33.53,0,0.0
STU02379,Female,IT,7.62,74.12,81.57,1,6,2,1,50.45,3.05,1.0,6.22,6.55,2.38,5.49,No,0,3.14,3.28,51.71,1,9.16
STU02380,Male,CIVIL,7.0,78.01,68.36,1,2,0,2,94.86,4.21,4.97,9.69,8.18,2.95,7.15,Yes,0,4.52,8.75,33.12,0,0.0
STU02381,Male,IT,8.03,70.62,80.68,3,6,4,0,53.17,4.52,4.32,7.07,8.27,5.34,6.85,No,1,4.05,4.7,71.46,1,10.16
STU02382,Female,EEE,8.23,83.79,82.48,0,3,2,3,85.69,7.68,9.92,4.59,5.37,3.16,4.54,Yes,1,7.13,5.83,38.21,0,0.0
STU02383,Male,IT,8.2,87.37,52.55,0,2,2,0,43.46,6.99,6.43,4.76,5.19,4.72,4.59,No,0,4.08,5.02,49.08,0,0.0
STU02384,Male,IT,6.15,77.78,89.52,2,2,4,3,76.65,4.12,3.05,7.98,7.81,7.29,5.04,Yes,1,5.48,3.45,48.42,0,0.0
STU02385,Male,CSE,9.72,94.73,86.62,2,1,4,0,50.92,6.89,9.18,1.76,4.35,8.4,1.58,No,0,4.2,4.09,60.62,1,9.89
STU02386,Male,ECE,6.43,83.03,94.67,1,0,3,3,66.52,5.42,3.26,6.69,6.8,4.76,10.0,No,0,4.64,5.54,25.73,0,0.0
STU02387,Female,MECH,7.52,67.55,80.2,1,1,1,1,70.21,6.03,6.22,6.16,6.63,7.56,7.78,No,0,7.01,4.73,34.13,0,0.0
STU02388,Female,CSE,7.36,82.55,71.26,0,1,4,2,52.48,4.86,4.07,6.28,6.01,6.61,2.87,Yes,1,5.45,5.71,39.66,0,0.0
STU02389,Female,CSE,6.92,91.06,62.83,4,2,1,2,48.94,9.49,10.0,8.16,5.78,7.83,3.13,Yes,3,5.9,2.46,56.89,1,9.41
STU02390,Female,CSE,6.51,55.63,54.2,3,5,0,1,58.29,6.3,5.43,6.82,7.12,6.78,4.91,No,0,7.99,3.62,56.95,0,0.0
STU02391,Female,MECH,8.47,76.35,65.48,1,5,1,0,61.62,3.41,4.81,8.08,7.07,5.35,2.81,No,2,8.61,6.89,49.04,0,0.0
STU02392,Male,MECH,7.76,81.25,78.03,1,3,4,0,58.95,9.65,8.57,5.01,5.58,6.19,3.82,Yes,1,6.77,4.81,55.62,1,7.61
STU02393,Male,CSE,6.47,76.99,72.29,2,1,2,0,100.0,4.28,5.6,7.74,7.09,2.44,4.88,No,1,3.88,7.66,62.96,1,9.04
STU02394,Male,MECH,7.71,81.65,55.9,1,5,1,0,72.3,7.79,7.92,3.89,5.25,5.45,8.5,No,0,7.64,6.06,47.35,0,0.0
STU02395,Female,CSE,6.83,90.35,62.98,2,4,4,1,48.63,5.16,4.0,6.22,6.01,7.38,5.85,No,3,6.74,4.55,58.52,1,9.91
STU02396,Male,CIVIL,7.42,66.53,64.53,1,1,2,0,57.63,6.29,4.58,5.27,3.99,10.0,0.84,No,1,4.57,5.51,31.82,0,0.0
STU02397,Male,CSE,6.32,69.82,66.24,0,5,1,0,45.62,10.0,10.0,4.74,6.34,2.96,4.7,No,0,3.8,5.3,51.8,1,8.64
STU02398,Female,CSE,7.93,81.34,65.55,1,3,1,1,45.1,7.12,7.54,5.54,5.99,5.58,6.63,No,0,1.97,6.29,52.59,1,9.2
STU02399,Male,ECE,9.4,99.35,64.33,3,3,0,1,83.16,6.5,7.24,8.45,5.82,6.29,2.43,Yes,0,3.69,3.66,57.44,0,0.0
STU02400,Female,ECE,6.55,85.06,66.45,1,3,1,0,59.46,5.45,5.62,6.23,6.07,3.55,7.62,No,3,6.17,0.0,49.67,0,0.0
STU02401,Male,MECH,5.4,88.64,93.77,2,3,0,1,85.11,5.06,4.75,6.09,5.97,4.76,5.48,No,0,8.21,5.49,39.52,0,0.0
STU02402,Female,ECE,4.79,85.63,79.0,2,6,0,0,72.02,7.1,7.91,4.3,4.46,6.96,5.2,No,1,4.13,5.44,53.96,0,0.0
STU02403,Male,CIVIL,6.54,82.38,40.0,0,3,0,2,54.79,5.99,5.33,7.85,7.36,6.16,5.14,Yes,2,4.25,2.3,32.34,0,0.0
STU02404,Male,CSE,8.99,78.97,68.99,1,2,2,1,57.51,10.0,10.0,6.12,7.87,1.0,4.54,No,1,8.67,2.74,59.22,0,0.0
STU02405,Male,EEE,7.59,65.7,88.46,1,6,4,0,59.64,6.15,6.23,1.97,4.64,5.12,6.66,No,2,5.6,4.34,58.88,1,8.59
STU02406,Male,CSE,6.82,86.98,52.99,2,2,0,0,40.37,6.74,7.01,5.87,5.54,3.51,8.14,Yes,2,4.8,6.04,53.26,0,0.0
STU02407,Female,MECH,8.02,69.7,100.0,1,2,3,1,63.73,8.4,7.86,6.87,6.49,4.99,5.27,No,1,3.79,10.0,45.2,0,0.0
STU02408,Female,MECH,7.94,88.83,82.66,0,1,5,1,65.51,8.14,8.07,5.69,6.1,6.55,3.83,No,0,5.37,7.83,40.42,0,0.0
STU02409,Male,CSE,7.18,80.97,73.82,0,2,3,0,44.67,7.19,8.86,4.86,5.07,7.67,7.71,No,1,4.34,6.34,54.45,0,0.0
STU02410,Male,CSE,7.86,80.5,71.0,3,4,3,1,70.56,6.63,6.98,5.93,6.07,7.17,6.09,Yes,0,4.37,7.64,65.84,1,9.31
STU02411,Female,CIVIL,6.71,75.17,61.74,0,5,4,2,29.37,7.12,8.1,6.87,6.53,7.43,8.13,No,0,4.38,5.5,37.79,0,0.0
STU02412,Male,CSE,6.9,87.5,59.15,2,1,0,0,43.09,4.25,4.03,3.65,4.82,8.0,7.31,Yes,4,6.46,5.13,45.36,0,0.0
STU02413,Male,IT,7.07,86.35,77.35,1,2,5,2,63.69,5.74,6.48,4.4,5.86,4.38,4.34,Yes,2,6.98,1.88,52.01,0,0.0
STU02414,Male,IT,6.94,77.88,66.26,2,6,0,2,75.94,4.99,4.05,5.65,6.51,6.04,5.77,No,0,6.73,4.56,54.3,1,9.45
STU02415,Female,CSE,9.31,93.44,82.34,2,2,1,3,40.34,6.95,8.33,8.02,6.29,2.77,5.5,Yes,1,6.77,2.52,54.27,0,0.0
STU02416,Female,CSE,6.05,63.16,81.95,2,4,2,0,71.21,7.83,6.45,5.98,6.17,4.92,9.52,No,0,4.98,4.11,67.4,1,10.34
STU02417,Male,IT,6.8,100.0,84.46,1,6,4,1,89.0,9.15,9.51,5.14,6.31,3.62,5.86,Yes,4,3.87,3.95,68.77,1,9.76
STU02418,Female,IT,6.82,80.33,79.08,0,1,2,0,59.54,9.46,10.0,4.98,5.81,10.0,4.99,Yes,1,7.38,5.64,53.85,0,0.0
STU02419,Male,EEE,7.96,85.77,61.43,3,2,2,1,58.21,7.48,7.78,6.0,6.05,5.66,7.59,No,1,2.97,8.29,53.05,1,7.42
STU02420,Male,EEE,5.67,74.87,81.72,0,1,2,0,46.6,4.69,6.69,9.86,7.07,4.99,4.73,Yes,0,6.83,3.92,37.38,0,0.0
STU02421,Male,CIVIL,5.62,71.67,85.57,0,3,3,1,61.61,10.0,9.82,8.79,8.2,6.09,0.14,Yes,4,4.82,4.22,43.68,0,0.0
STU02422,Female,IT,6.98,75.9,84.4,1,5,1,0,73.87,7.75,7.51,6.83,7.47,9.92,4.13,Yes,2,5.34,0.07,62.92,1,10.08
STU02423,Male,CSE,4.85,100.0,70.66,0,2,3,2,41.61,3.53,4.8,5.09,4.17,5.17,4.12,Yes,0,9.01,5.5,31.89,0,0.0
STU02424,Female,ECE,6.31,65.3,82.27,1,5,4,0,76.92,6.02,5.33,4.77,5.96,4.86,3.8,Yes,2,6.31,3.36,55.57,0,0.0
STU02425,Female,IT,7.24,78.24,82.02,2,2,3,0,59.78,6.29,6.38,6.15,5.69,4.04,5.7,No,0,5.59,3.94,64.81,0,0.0
STU02426,Male,ECE,9.42,86.17,71.23,0,2,2,0,65.39,6.5,7.23,6.39,5.64,4.4,7.03,Yes,0,5.54,4.06,47.95,1,7.88
STU02427,Male,MECH,7.05,74.56,75.71,1,1,1,3,95.22,7.79,5.71,9.4,6.6,3.01,4.01,No,0,6.06,5.26,27.45,0,0.0
STU02428,Female,ECE,7.05,72.73,93.43,1,1,1,1,91.46,9.04,8.48,6.69,5.76,3.68,2.51,Yes,1,8.55,7.39,54.19,0,0.0
STU02429,Male,EEE,8.19,90.52,62.68,2,0,4,2,60.26,7.56,8.54,6.24,7.04,7.63,6.95,No,0,7.67,3.82,45.16,0,0.0
STU02430,Male,CIVIL,8.92,73.19,91.0,1,3,3,4,44.37,6.11,5.37,8.04,6.21,7.86,0.0,Yes,0,4.77,8.19,28.84,0,0.0
STU02431,Male,ECE,7.35,64.3,79.8,2,3,1,2,69.82,5.32,3.57,8.28,7.34,7.31,0.31,Yes,3,6.55,6.2,47.2,0,0.0
STU02432,Male,ECE,6.43,67.36,75.41,1,3,2,0,63.19,5.66,6.12,7.25,8.09,4.47,6.64,No,2,5.17,5.09,49.24,1,6.95
STU02433,Male,IT,8.54,76.98,78.21,0,0,0,0,46.11,2.67,3.82,8.54,8.36,5.43,5.6,Yes,1,7.43,3.69,44.34,0,0.0
STU02434,Female,CIVIL,7.0,66.26,92.78,4,4,1,0,40.76,3.51,3.62,5.6,6.08,6.87,1.3,Yes,2,5.76,5.77,42.1,0,0.0
STU02435,Female,IT,8.65,50.65,95.15,0,4,3,0,70.6,6.59,6.36,4.02,4.98,7.84,3.81,Yes,0,6.58,4.07,64.39,1,10.02
STU02436,Female,CSE,5.42,75.2,93.58,4,0,2,0,51.9,6.59,7.2,6.45,4.61,1.04,0.0,Yes,1,5.26,2.88,54.59,1,9.69
STU02437,Male,IT,7.28,76.69,59.81,0,4,3,1,64.11,7.69,10.0,3.01,4.54,2.55,8.43,Yes,0,5.94,8.07,57.99,0,0.0
STU02438,Female,CSE,6.96,78.42,82.7,2,1,4,2,78.23,5.52,6.44,4.46,5.22,1.48,6.55,No,1,7.01,6.32,58.09,0,0.0
STU02439,Female,IT,6.59,79.1,74.85,1,2,1,0,60.02,4.39,4.3,6.49,4.76,6.22,4.01,No,0,1.32,4.07,45.92,0,0.0
STU02440,Male,ECE,9.22,71.82,84.77,2,2,0,2,59.99,3.08,1.38,9.2,7.28,8.12,4.74,Yes,1,0.93,6.56,44.82,0,0.0
STU02441,Female,EEE,6.38,80.08,68.39,4,1,1,1,49.91,7.99,7.4,7.29,6.35,6.71,1.61,Yes,1,7.79,7.8,47.96,0,0.0
STU02442,Male,IT,9.24,73.61,63.92,1,4,3,2,55.24,5.98,5.53,7.78,5.98,6.39,1.59,No,2,4.75,4.46,56.35,1,8.46
STU02443,Female,CSE,7.12,53.96,75.28,1,3,2,3,59.52,6.89,4.94,4.1,3.55,5.82,4.24,Yes,1,3.32,0.0,39.78,0,0.0
STU02444,Male,CSE,6.48,83.21,79.77,2,3,3,0,43.59,6.12,6.26,8.79,7.83,6.72,4.34,Yes,1,0.0,2.44,67.46,0,0.0
STU02445,Male,CIVIL,8.44,93.04,68.93,3,5,2,0,78.36,8.6,9.49,7.98,6.43,9.28,3.01,Yes,2,7.05,9.01,62.68,0,0.0
STU02446,Female,CSE,7.55,58.31,68.45,3,3,2,2,82.24,6.3,6.55,5.69,5.47,4.22,3.79,No,2,4.29,3.25,56.85,1,8.24
STU02447,Female,CSE,5.8,87.09,65.1,3,0,4,0,59.01,6.08,5.84,7.22,5.74,6.63,7.51,No,4,4.02,5.92,61.24,0,0.0
STU02448,Male,CSE,7.2,71.33,76.04,1,4,4,1,71.43,1.89,1.96,4.32,4.64,5.24,7.1,Yes,0,5.69,5.99,59.93,0,0.0
STU02449,Female,EEE,8.91,82.4,74.79,1,3,0,1,55.84,8.72,5.74,6.3,6.13,6.6,5.58,Yes,1,8.23,5.23,47.28,0,0.0
STU02450,Female,ECE,8.38,86.46,76.68,2,3,0,0,48.93,7.96,9.49,3.07,2.96,4.43,6.04,Yes,0,2.84,3.6,52.23,0,0.0
STU02451,Male,IT,6.26,70.98,73.9,1,5,0,3,59.24,5.84,3.65,7.32,7.15,7.29,10.0,No,0,3.16,4.22,38.75,0,0.0
STU02452,Male,IT,6.06,79.09,73.94,1,2,1,0,53.93,4.5,4.26,7.0,7.23,3.2,4.23,Yes,0,5.02,2.31,51.19,1,8.62
STU02453,Female,ECE,8.09,65.96,61.58,2,0,1,2,82.4,7.54,6.09,4.08,3.75,6.3,5.48,Yes,0,9.85,4.4,49.88,1,7.4
STU02454,Male,IT,7.13,63.99,76.3,1,4,0,0,75.51,6.66,7.59,8.01,5.31,7.84,2.36,Yes,0,6.4,1.98,60.88,0,0.0
STU02455,Female,MECH,7.52,67.17,83.16,3,2,0,1,72.69,5.66,4.18,5.95,5.99,6.81,0.0,No,0,6.2,5.0,39.53,0,0.0
STU02456,Male,CSE,8.14,85.36,88.42,0,2,1,0,57.76,4.83,3.46,5.33,7.18,3.99,0.93,No,2,3.91,6.74,52.76,1,8.81
STU02457,Female,EEE,6.08,83.04,76.42,1,2,2,0,98.04,2.87,4.29,8.06,6.9,3.27,1.65,No,0,4.08,9.39,49.32,1,7.44
STU02458,Male,MECH,6.7,63.96,75.85,3,0,1,0,94.64,5.57,7.56,3.93,4.35,6.99,2.28,No,1,8.64,6.36,45.69,0,0.0
STU02459,Male,ECE,6.55,81.59,84.03,0,1,0,1,65.25,4.02,2.05,6.15,5.86,1.18,8.58,Yes,1,5.69,8.35,31.12,0,0.0
STU02460,Male,MECH,6.87,80.65,62.13,0,1,0,1,57.89,1.98,2.28,6.57,6.88,5.49,2.62,Yes,2,3.75,8.35,32.07,0,0.0
STU02461,Female,CSE,4.16,74.46,97.19,1,1,2,1,33.35,10.0,10.0,5.81,6.56,7.33,6.41,No,1,3.01,6.16,48.56,0,0.0
STU02462,Female,IT,7.5,76.71,69.16,4,1,1,0,41.57,4.93,6.06,8.12,6.38,3.6,3.76,No,0,7.51,3.46,62.95,1,9.94
STU02463,Male,EEE,7.5,91.3,65.88,1,4,4,0,74.43,5.57,5.79,7.34,6.58,5.23,5.59,Yes,0,3.88,4.9,57.21,1,7.99
STU02464,Female,CSE,7.15,83.97,82.71,1,3,1,3,65.74,7.83,7.85,9.74,7.94,7.11,4.56,No,0,6.12,3.59,52.43,0,0.0
STU02465,Male,CSE,5.04,68.65,79.95,0,1,4,1,73.89,5.92,6.18,6.4,5.37,6.11,2.7,Yes,1,6.61,7.25,46.2,0,0.0
STU02466,Female,CSE,7.61,76.33,88.63,0,0,4,3,53.0,7.76,8.67,1.84,2.71,1.71,5.66,No,0,3.53,5.41,32.22,0,0.0
STU02467,Male,CSE,7.83,70.65,67.22,1,0,5,0,67.82,9.35,8.21,6.42,6.83,3.94,0.03,Yes,1,2.06,6.41,67.24,1,10.3
STU02468,Female,ECE,8.7,94.23,73.33,2,2,3,0,51.88,6.18,6.57,4.31,4.28,3.56,4.72,No,1,6.28,5.41,51.38,0,0.0
STU02469,Male,IT,7.91,74.5,69.45,0,5,3,2,51.43,0.75,0.0,5.35,6.46,4.07,5.82,No,3,4.51,2.36,32.76,0,0.0
STU02470,Female,CSE,10.0,94.69,78.79,1,3,0,0,55.74,1.83,1.98,7.2,7.17,3.61,3.61,Yes,1,5.33,3.57,55.69,1,9.33
STU02471,Female,IT,6.39,86.39,82.99,0,2,2,0,68.01,6.8,6.76,5.04,5.05,6.64,3.57,No,3,6.51,6.36,54.97,0,0.0
STU02472,Male,CSE,9.04,68.67,77.57,2,2,3,0,39.67,5.26,4.71,4.91,5.06,6.86,5.19,No,1,6.49,4.36,63.39,1,8.98
STU02473,Male,CIVIL,6.82,87.21,77.21,4,4,5,0,77.31,7.98,8.09,8.46,7.51,3.89,4.22,Yes,2,6.93,4.16,53.43,0,0.0
STU02474,Female,CSE,7.43,83.92,80.52,0,3,3,1,40.26,6.33,4.99,5.74,5.84,4.11,3.35,No,0,5.96,9.01,41.98,0,0.0
STU02475,Female,IT,8.37,64.93,73.09,0,4,2,2,65.14,6.98,6.42,6.65,7.34,1.94,7.5,Yes,1,5.02,7.97,51.42,0,0.0
STU02476,Female,IT,7.53,70.53,72.85,0,4,1,2,24.84,5.63,5.06,8.73,8.08,7.69,6.55,No,2,6.29,6.33,39.97,0,0.0
STU02477,Male,IT,6.84,75.72,78.26,2,4,1,3,37.73,4.67,4.28,6.3,6.68,5.32,5.79,No,0,5.05,5.62,34.97,0,0.0
STU02478,Female,MECH,7.74,78.86,75.75,3,5,5,0,73.13,3.82,3.49,5.58,6.32,8.16,5.94,No,1,5.76,2.88,48.33,0,0.0
STU02479,Male,CSE,7.77,85.56,83.78,0,3,0,2,66.35,3.68,3.43,7.22,6.25,2.51,3.48,Yes,1,9.5,7.84,34.78,0,0.0
STU02480,Male,IT,5.09,67.97,77.92,2,4,1,0,62.93,8.47,10.0,7.87,5.84,5.07,5.51,No,1,6.21,8.03,63.54,1,8.98
STU02481,Male,ECE,8.39,89.34,76.97,1,1,0,1,37.07,5.36,5.25,3.75,4.14,3.92,0.91,Yes,2,5.73,1.85,38.7,0,0.0
STU02482,Female,CIVIL,6.18,78.73,70.02,1,5,2,1,61.28,6.97,4.97,4.75,6.05,0.97,5.65,Yes,0,4.37,5.03,40.58,1,7.29
STU02483,Male,ECE,9.5,75.97,84.68,0,4,4,0,24.15,5.56,3.62,8.8,6.24,3.65,5.28,Yes,0,5.75,5.98,53.04,0,0.0
STU02484,Male,ECE,8.46,60.53,61.24,2,3,0,2,72.31,9.92,9.14,6.99,6.33,6.31,6.71,Yes,3,4.44,6.32,49.33,0,0.0
STU02485,Male,EEE,6.92,85.98,70.22,4,4,1,3,61.53,6.1,7.02,6.07,4.77,4.24,0.77,No,0,5.72,8.21,44.84,0,0.0
STU02486,Male,EEE,7.48,91.95,69.09,0,5,3,1,35.36,6.21,7.97,7.49,7.09,7.87,2.06,No,2,6.52,2.2,42.74,0,0.0
STU02487,Female,ECE,6.9,66.2,62.16,0,3,3,1,66.19,7.14,9.12,6.8,6.69,6.26,7.99,No,0,6.47,3.78,49.72,1,7.74
STU02488,Female,IT,5.86,80.06,65.12,0,1,0,1,80.7,6.75,6.73,8.21,6.94,4.85,3.32,No,3,3.37,3.79,45.4,0,0.0
STU02489,Female,EEE,8.61,81.3,88.68,4,5,0,1,47.85,6.56,6.73,4.77,6.22,0.55,5.74,Yes,3,2.72,6.72,51.14,0,0.0
STU02490,Male,ECE,7.66,81.75,80.65,1,3,5,1,82.43,5.88,6.07,7.01,7.11,6.75,6.9,Yes,2,5.26,6.62,55.86,0,0.0
STU02491,Female,CSE,6.83,60.04,79.43,0,0,2,0,63.88,8.4,6.73,6.37,6.51,5.79,5.51,Yes,3,3.0,5.73,50.53,0,0.0
STU02492,Male,CSE,7.15,82.63,70.89,0,4,0,1,79.04,6.73,5.7,10.0,9.62,5.33,6.25,No,2,6.73,6.74,57.76,1,8.93
STU02493,Male,EEE,6.51,80.81,76.42,2,6,0,1,64.01,3.9,4.0,8.07,7.5,6.48,3.88,Yes,1,4.74,5.82,40.3,0,0.0
STU02494,Male,IT,9.1,83.93,70.6,0,1,0,0,50.91,4.52,6.64,6.77,7.1,10.0,9.46,No,2,3.88,5.25,45.92,0,0.0
STU02495,Male,IT,6.97,78.78,89.78,1,0,3,3,60.49,5.31,6.49,10.0,8.73,7.59,7.72,Yes,3,4.96,7.52,46.48,0,0.0
STU02496,Male,EEE,6.12,84.14,70.64,1,1,3,1,72.17,5.71,6.69,3.58,4.99,5.52,2.31,No,0,4.87,8.89,39.81,0,0.0
STU02497,Female,MECH,5.41,68.24,78.28,1,2,5,0,47.16,5.42,5.92,9.12,6.72,3.3,1.81,No,4,3.76,3.09,39.68,0,0.0
STU02498,Male,CSE,7.13,72.16,71.96,2,2,3,0,8.44,6.0,3.49,8.3,8.77,5.42,8.79,No,2,4.07,4.65,54.01,1,9.21
STU02499,Male,ECE,7.96,77.35,80.61,1,4,3,1,100.0,4.32,5.16,6.98,6.18,4.08,8.63,Yes,0,3.66,0.9,53.09,0,0.0
STU02500,Male,CSE,8.12,86.88,72.97,1,5,0,1,89.73,5.4,6.13,6.3,5.02,6.42,4.3,Yes,1,5.15,5.59,60.92,0,0.0
STU02501,Male,IT,7.54,55.31,70.65,0,2,3,2,71.97,7.24,7.24,6.18,6.75,6.97,7.26,Yes,0,5.42,2.73,52.11,0,0.0
STU02502,Female,CSE,6.97,83.47,79.91,4,5,1,0,36.42,6.36,7.93,5.38,4.94,3.44,5.96,No,2,4.29,1.51,64.37,1,10.88
STU02503,Female,ECE,4.32,67.29,85.95,1,3,3,0,51.97,5.57,4.83,4.49,5.85,4.17,4.12,Yes,0,4.23,0.44,42.08,0,0.0
STU02504,Female,EEE,8.02,57.93,93.7,2,3,0,0,62.39,6.13,6.31,6.08,4.83,2.12,7.56,Yes,1,9.04,7.77,48.0,0,0.0
STU02505,Male,EEE,6.03,65.58,75.21,2,3,5,0,63.9,8.31,8.85,7.58,7.0,8.09,5.8,Yes,0,7.57,4.58,65.83,1,8.26
STU02506,Male,EEE,8.87,96.28,92.69,0,5,1,2,48.34,4.31,3.61,8.35,6.8,3.79,8.52,No,1,3.81,4.09,36.05,0,0.0
STU02507,Female,IT,6.56,56.93,46.5,0,1,1,1,37.11,6.82,8.42,2.86,3.82,7.94,7.05,Yes,3,3.83,6.52,38.27,0,0.0
STU02508,Male,ECE,7.47,69.75,40.0,1,2,3,0,91.26,7.11,9.09,4.36,5.15,3.38,2.7,Yes,4,5.67,6.93,66.34,1,8.84
STU02509,Male,CSE,6.88,93.39,96.67,1,0,3,0,58.04,8.04,7.99,6.8,5.88,2.93,6.68,No,2,2.42,9.22,56.37,1,8.19
STU02510,Male,MECH,8.57,79.11,76.34,1,6,2,1,51.62,8.8,10.0,7.31,6.93,5.47,5.82,No,1,5.18,2.59,48.37,0,0.0
STU02511,Male,IT,6.18,67.05,75.55,0,2,4,2,61.11,7.02,6.53,6.88,6.41,3.3,3.24,No,2,7.6,3.66,49.15,1,8.78
STU02512,Male,MECH,7.74,66.18,82.92,2,3,2,1,89.69,6.55,6.94,6.87,5.37,8.0,1.95,Yes,1,6.41,4.98,51.2,0,0.0
STU02513,Male,EEE,7.87,71.13,72.9,0,0,1,0,81.88,7.58,8.92,5.17,5.98,5.41,3.7,Yes,2,6.86,5.16,45.25,0,0.0
STU02514,Female,CSE,6.59,77.27,66.98,0,1,3,2,51.08,8.72,8.8,6.76,5.85,3.88,8.37,Yes,2,5.71,5.63,48.36,0,0.0
STU02515,Male,IT,6.1,79.1,73.01,3,2,1,0,66.89,6.41,8.63,3.61,3.89,6.01,7.48,Yes,0,6.05,3.6,63.26,1,10.2
STU02516,Female,CSE,6.91,73.36,67.61,1,2,2,1,61.88,6.28,8.11,6.85,6.45,2.52,4.39,No,3,9.02,5.06,43.34,0,0.0
STU02517,Male,CSE,7.62,89.06,71.33,0,0,0,1,93.05,8.22,8.29,4.12,5.65,7.88,2.96,No,1,5.24,4.65,51.36,0,0.0
STU02518,Male,IT,8.68,83.73,67.19,0,5,0,0,51.47,10.0,9.14,5.65,5.28,1.56,2.29,Yes,3,6.25,6.05,64.39,1,9.58
STU02519,Female,ECE,7.46,85.21,70.48,1,4,1,0,58.02,5.01,4.45,6.61,6.53,7.5,9.81,No,0,4.84,4.85,43.29,1,6.12
STU02520,Female,IT,6.58,82.23,76.18,1,0,3,0,68.84,8.23,7.61,5.17,5.84,5.09,8.11,Yes,0,6.76,6.97,60.71,0,0.0
STU02521,Male,ECE,6.48,78.98,75.0,3,6,3,0,69.17,5.07,5.47,9.31,7.73,8.87,2.47,Yes,1,3.97,1.09,66.76,1,9.65
STU02522,Female,ECE,7.82,81.54,71.4,1,3,3,0,47.18,4.07,4.14,6.91,7.86,7.71,5.62,No,2,5.39,5.79,48.12,0,0.0
STU02523,Male,ECE,6.57,67.5,69.98,0,5,0,1,100.0,4.58,2.48,7.12,5.56,7.93,6.74,No,1,7.17,5.36,41.34,0,0.0
STU02524,Female,CSE,7.65,83.45,80.23,0,6,2,2,27.8,7.42,6.94,5.88,5.02,5.8,9.34,Yes,0,7.42,7.32,49.43,0,0.0
STU02525,Female,IT,6.36,80.23,74.63,1,2,1,0,33.2,8.15,7.35,8.04,7.04,5.1,1.34,Yes,3,2.62,5.88,52.75,1,8.98
STU02526,Female,ECE,7.5,64.18,100.0,3,4,2,2,72.56,5.79,3.1,4.87,7.02,3.67,4.35,No,0,5.04,4.33,46.39,1,7.43
STU02527,Male,EEE,6.67,85.26,75.15,1,3,4,2,61.58,7.53,7.08,6.2,4.14,4.03,5.39,No,1,4.88,7.01,40.79,0,0.0
STU02528,Male,ECE,5.42,72.69,72.96,2,5,0,0,29.95,9.46,10.0,6.24,6.79,5.43,3.3,No,0,5.63,5.32,59.34,0,0.0
STU02529,Male,ECE,8.77,63.21,77.97,1,2,0,2,63.33,6.46,7.52,8.13,7.02,4.28,1.87,Yes,0,3.77,6.34,42.59,0,0.0
STU02530,Male,CSE,5.26,67.43,83.44,0,4,0,3,45.43,6.94,7.47,5.95,7.13,8.96,3.88,Yes,0,9.26,6.64,40.6,0,0.0
STU02531,Female,ECE,6.48,63.54,71.56,1,1,0,1,60.36,6.73,7.06,5.68,5.51,4.77,3.12,Yes,2,4.09,6.14,40.84,0,0.0
STU02532,Female,CSE,7.27,76.46,83.69,1,3,3,0,59.54,4.71,7.32,9.19,7.37,3.91,1.13,Yes,1,7.76,2.94,67.97,1,10.58
STU02533,Male,ECE,7.28,70.2,55.65,2,2,2,2,66.39,5.35,6.23,7.16,6.51,5.94,1.47,Yes,1,4.64,6.08,42.54,0,0.0
STU02534,Male,ECE,5.74,76.06,76.58,2,2,3,0,55.08,7.98,8.57,4.15,5.17,7.47,4.36,Yes,0,3.96,2.96,56.08,1,7.85
STU02535,Male,IT,8.3,87.23,88.63,0,3,2,0,73.46,3.41,6.37,4.45,5.16,8.81,4.19,Yes,1,3.14,6.29,60.62,1,9.12
STU02536,Female,ECE,8.25,83.44,76.9,1,1,1,0,68.34,7.04,7.88,1.89,3.93,4.75,3.63,Yes,3,2.53,5.14,49.1,1,7.19
STU02537,Male,EEE,7.21,78.38,63.65,0,3,3,0,32.89,5.87,7.2,6.7,6.82,4.29,7.54,Yes,3,6.06,3.35,44.1,0,0.0
STU02538,Female,IT,7.14,73.44,74.66,2,4,0,2,56.49,3.73,1.38,6.69,7.8,5.51,5.91,No,4,5.88,1.23,49.94,0,0.0
STU02539,Male,CSE,8.16,90.82,81.72,1,0,0,0,56.18,6.53,6.27,5.08,6.03,7.07,2.11,No,1,7.28,5.15,50.42,0,0.0
STU02540,Male,ECE,7.48,62.75,84.95,2,1,2,1,69.75,7.48,9.27,6.4,6.98,2.91,3.41,No,1,8.21,4.43,49.36,0,0.0
STU02541,Male,IT,8.81,74.81,76.16,0,5,4,0,48.94,6.88,8.58,4.14,4.47,4.59,8.35,No,4,6.04,1.74,65.03,1,10.12
STU02542,Female,ECE,7.7,76.91,62.52,1,0,2,0,57.01,5.53,3.86,6.89,7.19,5.49,2.27,No,1,6.76,4.89,45.28,0,0.0
STU02543,Male,MECH,6.5,87.63,66.24,3,1,4,0,59.51,7.69,7.57,7.02,6.25,3.78,7.56,Yes,0,2.8,6.97,48.85,0,0.0
STU02544,Female,ECE,6.85,78.32,65.48,1,3,2,0,25.53,4.81,5.4,8.92,7.25,4.16,8.89,No,2,7.02,4.43,44.55,0,0.0
STU02545,Male,MECH,6.15,75.48,75.35,1,2,4,0,60.35,4.74,3.36,5.67,5.13,5.56,7.18,No,1,4.96,6.69,41.46,0,0.0
STU02546,Male,IT,6.19,65.46,77.48,0,1,2,1,85.95,6.91,7.56,5.85,6.95,5.14,7.39,Yes,1,3.54,1.28,55.09,1,9.92
STU02547,Female,IT,7.47,72.52,78.64,1,1,2,1,56.55,6.7,6.23,4.19,4.97,4.67,5.67,No,1,4.85,8.93,48.55,0,0.0
STU02548,Male,ECE,6.42,75.4,57.57,2,3,0,1,95.46,8.16,9.09,2.78,3.83,5.03,6.02,No,0,7.11,2.32,53.41,1,7.24
STU02549,Male,MECH,6.7,74.34,77.65,2,1,2,0,57.1,7.82,9.16,5.91,4.39,2.26,7.47,No,2,5.24,5.59,44.54,0,0.0
STU02550,Male,CIVIL,6.5,71.88,77.41,2,0,1,1,66.27,7.21,5.57,3.34,4.91,5.36,5.25,No,1,6.46,6.08,37.45,0,0.0
STU02551,Male,CSE,8.19,65.34,77.7,0,2,3,2,69.66,7.0,7.15,5.78,7.31,5.83,0.0,Yes,3,1.13,7.77,45.65,0,0.0
STU02552,Female,IT,6.52,71.86,80.44,1,1,3,3,33.46,7.08,5.83,3.23,5.32,2.71,6.13,No,0,2.21,6.56,33.69,0,0.0
STU02553,Male,CIVIL,8.34,81.57,81.6,0,1,3,0,79.82,5.98,6.97,5.75,6.33,7.32,5.55,No,0,4.02,3.34,44.2,0,0.0
STU02554,Male,IT,5.08,80.47,65.96,0,6,0,0,66.41,4.2,4.14,7.43,7.27,6.15,6.26,Yes,1,8.03,3.49,56.01,1,9.62
STU02555,Male,IT,6.94,72.21,86.52,2,4,1,1,83.21,8.52,10.0,3.85,5.3,4.3,9.07,Yes,0,5.83,4.88,73.12,1,11.8
STU02556,Male,MECH,6.57,74.55,64.93,1,2,0,3,61.77,7.43,6.25,8.3,6.94,3.96,5.82,Yes,0,6.17,9.1,26.07,0,0.0
STU02557,Female,CSE,5.89,61.98,88.41,2,3,3,2,64.94,6.29,7.65,7.58,6.32,6.58,3.64,Yes,2,4.94,5.34,59.25,0,0.0
STU02558,Female,IT,8.02,74.97,70.98,0,5,2,2,83.12,5.38,5.28,6.45,5.92,6.21,3.89,Yes,1,4.36,6.78,59.35,0,0.0
STU02559,Female,CSE,6.54,79.42,79.72,3,5,4,1,45.76,6.21,5.34,4.8,4.97,4.91,7.73,No,3,4.92,3.05,65.44,1,10.25
STU02560,Male,EEE,8.97,72.68,100.0,2,1,1,1,47.61,7.19,6.91,4.72,6.33,6.18,4.69,Yes,0,9.61,4.08,47.02,0,0.0
STU02561,Female,EEE,7.5,68.68,75.36,0,5,2,1,85.0,3.7,3.33,3.12,4.32,7.62,2.0,Yes,1,8.73,5.92,44.64,1,7.19
STU02562,Female,CIVIL,9.46,82.2,55.44,1,5,1,0,37.81,4.06,4.69,7.01,7.28,8.4,3.07,Yes,2,5.28,3.32,47.22,0,0.0
STU02563,Female,MECH,6.56,75.11,90.32,2,0,4,1,68.54,6.88,5.68,4.6,4.87,6.63,3.71,No,1,4.97,6.39,33.32,0,0.0
STU02564,Male,EEE,6.39,83.92,60.13,0,6,0,0,44.38,6.79,6.75,7.6,5.98,5.89,3.36,Yes,2,2.34,3.65,41.6,0,0.0
STU02565,Male,EEE,7.36,85.05,72.52,2,2,3,1,59.43,6.53,6.24,6.35,4.96,6.2,5.84,No,2,4.59,8.22,42.45,0,0.0
STU02566,Female,ECE,8.67,54.84,73.72,1,3,1,0,49.51,5.05,4.6,7.74,8.05,7.63,10.0,Yes,2,5.3,6.82,49.15,0,0.0
STU02567,Female,ECE,6.86,61.52,82.23,1,6,3,0,38.71,4.19,4.57,7.95,6.59,6.51,5.45,Yes,0,6.25,4.91,58.18,1,8.29
STU02568,Female,ECE,4.72,85.31,83.18,2,4,3,2,79.8,10.0,8.98,7.07,7.21,2.11,9.16,Yes,3,6.67,6.94,52.08,0,0.0
STU02569,Male,ECE,8.08,84.59,47.63,1,5,3,1,49.63,5.62,6.34,8.68,8.15,3.8,4.59,Yes,1,7.43,3.52,55.15,1,8.61
STU02570,Male,CSE,6.66,90.51,79.16,1,1,1,2,96.04,6.74,6.05,8.24,6.02,9.79,6.77,Yes,4,6.46,5.98,51.12,1,9.25
STU02571,Male,CSE,6.37,77.36,91.68,4,3,1,2,98.7,6.73,4.28,5.94,5.66,9.62,5.57,Yes,2,4.98,6.22,59.34,1,9.87
STU02572,Male,EEE,7.24,73.52,66.29,0,1,2,1,37.55,5.26,3.1,8.84,6.71,6.35,6.17,Yes,0,7.53,4.48,36.93,0,0.0
STU02573,Female,CSE,6.84,76.68,61.41,1,1,2,3,39.56,8.42,7.53,6.95,5.72,10.0,7.92,Yes,1,4.11,4.18,46.88,0,0.0
STU02574,Female,ECE,6.23,64.34,65.27,2,1,1,1,79.8,5.32,5.28,3.47,4.17,5.89,2.86,Yes,0,9.35,3.87,43.27,0,0.0
STU02575,Male,IT,6.57,86.6,54.84,1,2,1,0,86.07,4.85,6.31,4.64,4.01,4.79,2.34,No,2,6.23,4.28,55.86,0,0.0
STU02576,Female,CSE,9.54,47.65,79.81,1,2,1,0,72.03,6.74,5.56,6.33,6.16,6.68,2.65,No,2,7.17,0.0,65.65,0,0.0
STU02577,Male,CSE,6.92,93.33,87.86,0,4,1,0,42.07,9.18,9.8,2.89,3.78,1.26,3.28,No,0,5.2,8.68,55.23,1,8.51
STU02578,Male,ECE,5.82,77.01,74.44,2,5,1,0,58.08,4.26,3.73,5.85,4.79,5.03,5.43,No,3,4.54,3.25,47.4,0,0.0
STU02579,Male,EEE,6.49,73.54,62.42,2,3,3,2,73.41,7.05,6.74,6.39,6.94,3.7,8.74,No,1,3.38,2.3,46.3,0,0.0
STU02580,Female,IT,7.34,84.1,77.91,2,4,0,0,68.2,5.5,4.67,6.74,5.89,5.07,3.83,Yes,1,8.31,7.87,55.11,1,8.4
STU02581,Male,CSE,8.2,77.22,59.66,0,2,0,1,49.67,4.09,5.31,5.93,6.13,5.89,5.24,No,1,4.91,8.33,41.29,1,8.0
STU02582,Female,IT,7.34,59.89,62.96,3,5,3,2,45.28,2.48,2.02,8.24,7.03,4.72,2.58,Yes,4,4.92,4.61,59.92,0,0.0
STU02583,Female,CSE,9.16,76.06,61.32,2,3,3,0,74.06,3.29,4.29,6.31,6.05,5.0,4.38,Yes,2,6.84,1.31,59.76,1,10.42
STU02584,Female,CSE,7.55,75.53,100.0,0,1,2,0,69.07,3.17,0.75,4.62,4.49,5.66,5.85,No,0,5.51,4.74,42.76,0,0.0
STU02585,Female,CSE,8.47,68.5,75.78,1,0,1,1,40.65,3.98,3.51,10.0,9.18,0.0,4.92,No,2,4.37,7.27,39.55,0,0.0
STU02586,Female,CSE,7.68,74.44,90.03,0,3,1,0,50.55,6.61,6.97,7.28,7.03,4.83,0.73,Yes,1,5.02,7.61,53.53,1,8.78
STU02587,Male,CSE,8.48,88.85,82.34,2,2,2,2,80.56,3.07,0.23,7.88,5.65,3.47,6.05,No,1,5.93,8.4,52.22,0,0.0
STU02588,Male,CIVIL,4.41,78.93,72.08,1,5,0,0,59.32,3.88,4.37,6.78,6.53,8.23,6.77,No,3,9.25,4.32,30.8,0,0.0
STU02589,Female,EEE,6.9,74.2,72.32,0,1,5,0,74.64,8.65,9.54,4.06,6.24,8.12,4.46,No,0,4.32,2.91,51.38,0,0.0
STU02590,Male,MECH,5.13,50.23,75.92,1,4,1,1,44.93,6.13,5.4,8.53,7.27,8.59,6.48,No,3,3.86,5.51,33.25,0,0.0
STU02591,Male,ECE,8.3,65.72,80.92,1,1,2,0,91.22,8.04,9.65,5.89,6.47,2.19,1.15,Yes,1,4.26,6.56,59.37,1,6.64
STU02592,Male,EEE,5.74,81.83,89.09,1,5,4,0,56.85,5.16,4.41,8.04,5.56,5.7,2.67,No,2,7.8,5.45,50.77,1,7.7
STU02593,Male,IT,6.58,71.85,67.59,1,0,2,1,87.76,6.01,7.28,5.06,5.19,4.7,5.55,Yes,2,6.23,6.39,49.16,0,0.0
STU02594,Male,IT,7.02,81.5,66.31,0,4,2,3,53.89,6.69,8.61,8.16,7.37,7.56,4.07,No,3,4.37,4.33,47.94,1,6.67
STU02595,Female,IT,8.27,61.29,89.61,2,2,2,0,81.32,6.97,4.57,5.58,6.6,1.79,3.85,No,1,6.21,7.54,62.39,1,10.48
STU02596,Female,ECE,5.62,91.36,61.79,1,3,2,0,55.2,3.59,6.42,3.32,3.27,6.22,4.88,Yes,2,2.87,3.69,44.08,0,0.0
STU02597,Female,CSE,6.13,73.19,51.67,2,3,0,0,61.84,6.4,6.31,7.53,6.73,7.46,4.42,Yes,3,4.42,4.23,63.85,0,0.0
STU02598,Male,IT,5.8,66.38,80.8,1,1,3,2,52.15,6.09,5.25,5.48,4.98,5.62,6.05,No,1,3.98,3.07,42.15,0,0.0
STU02599,Female,MECH,7.26,79.76,84.29,1,6,2,3,54.01,4.37,5.45,8.58,8.22,7.48,6.12,Yes,0,6.15,4.78,33.03,0,0.0
STU02600,Female,MECH,4.93,78.1,89.36,0,3,0,0,61.45,7.51,10.0,6.52,4.59,1.49,3.49,No,1,3.79,6.78,40.05,0,0.0
STU02601,Female,MECH,7.77,74.43,82.13,2,0,3,0,57.33,5.94,6.43,5.9,5.66,9.74,1.78,Yes,1,7.76,4.86,43.69,0,0.0
STU02602,Female,ECE,5.18,74.04,96.86,2,2,0,0,26.6,2.72,2.89,6.33,5.56,5.05,4.67,No,0,4.65,7.86,36.88,0,0.0
STU02603,Male,EEE,7.48,77.18,72.75,1,1,1,0,37.44,5.86,5.97,7.15,6.7,5.76,6.18,Yes,0,4.83,3.4,37.06,0,0.0
STU02604,Male,IT,7.83,73.67,75.31,2,3,5,0,45.58,7.92,6.14,4.1,4.3,1.25,5.98,Yes,2,7.7,10.0,64.39,1,10.44
STU02605,Male,ECE,5.04,60.52,65.14,1,2,1,2,89.22,8.26,9.84,5.25,5.38,3.09,4.75,No,1,4.04,6.54,38.94,0,0.0
STU02606,Female,IT,7.6,83.37,94.2,1,4,3,4,54.76,5.46,4.57,7.04,5.59,3.1,6.33,Yes,2,4.18,5.67,41.74,0,0.0
STU02607,Male,CSE,5.13,81.55,59.6,0,3,1,0,38.11,7.3,8.17,5.92,5.46,8.54,6.53,No,3,3.38,6.65,57.3,0,0.0
STU02608,Female,CSE,7.39,70.95,56.46,0,4,0,0,76.38,7.26,7.34,6.41,5.65,8.15,2.33,No,0,8.04,6.34,58.32,1,9.66
STU02609,Male,EEE,6.77,83.89,94.4,1,4,4,0,73.89,6.17,5.75,3.38,5.54,6.75,6.1,Yes,2,3.02,7.86,52.04,0,0.0
STU02610,Male,IT,7.44,76.31,72.17,2,2,2,3,34.53,3.96,4.93,6.63,7.3,3.93,5.09,No,1,5.2,3.71,32.14,0,0.0
STU02611,Male,MECH,8.37,73.0,60.49,0,3,1,1,31.16,8.9,8.5,4.84,4.99,3.6,8.33,No,4,3.33,4.87,33.23,0,0.0
STU02612,Male,CSE,4.31,78.96,72.66,2,3,2,1,74.37,3.32,3.43,6.66,6.15,4.54,3.26,No,2,5.56,5.0,51.3,1,8.16
STU02613,Male,ECE,4.46,84.33,68.34,1,0,4,1,51.42,4.66,7.09,9.23,7.19,8.01,9.85,No,0,7.87,0.97,36.64,1,4.83
STU02614,Female,IT,5.77,62.83,91.78,3,5,1,0,62.81,6.92,5.31,5.69,7.08,2.52,5.77,Yes,2,4.93,5.54,63.16,1,10.53
STU02615,Female,CSE,6.9,83.62,84.3,4,0,4,1,61.87,5.82,5.03,7.15,5.9,6.41,5.67,Yes,0,7.92,6.34,54.04,0,0.0
STU02616,Female,CSE,7.4,90.5,83.3,2,3,4,1,59.6,7.43,7.55,8.39,6.39,6.44,3.78,Yes,3,7.22,6.76,66.37,1,10.5
STU02617,Male,CSE,7.12,71.47,78.21,0,2,2,2,47.77,6.03,6.74,9.22,7.67,2.22,7.6,Yes,0,7.65,4.23,44.79,0,0.0
STU02618,Female,ECE,7.51,86.63,79.29,0,3,3,3,57.69,5.34,6.05,2.62,5.15,4.91,3.53,No,0,6.12,4.95,32.25,0,0.0
STU02619,Male,ECE,7.9,64.94,92.99,2,5,0,0,49.0,6.06,5.73,6.62,6.54,4.35,7.42,Yes,0,3.99,5.9,56.05,1,7.52
STU02620,Female,IT,7.18,79.35,72.42,2,0,5,0,49.71,7.55,5.16,4.51,6.01,4.88,0.96,No,2,3.37,2.3,64.92,1,9.49
STU02621,Male,ECE,6.05,66.92,65.19,0,0,0,2,96.91,9.68,9.02,9.1,5.72,7.51,8.0,No,3,8.21,5.18,43.19,0,0.0
STU02622,Female,ECE,6.41,94.05,69.94,1,3,2,0,44.87,6.38,6.99,6.32,6.07,4.09,3.87,Yes,0,7.64,6.63,46.5,1,7.8
STU02623,Female,ECE,7.69,64.24,74.01,1,3,2,0,57.06,5.81,3.2,3.91,5.34,4.48,2.56,No,4,7.84,3.39,41.48,1,5.13
STU02624,Male,CSE,9.16,90.4,71.57,2,5,1,0,58.0,5.97,5.22,5.13,5.51,3.95,6.96,Yes,3,6.04,3.79,70.13,1,10.4
STU02625,Male,MECH,7.36,82.38,87.94,1,3,2,1,70.79,7.78,7.46,7.22,5.77,2.39,6.17,Yes,1,5.37,5.9,43.14,0,0.0
STU02626,Male,IT,6.95,70.34,71.32,4,0,1,2,67.14,5.45,2.8,7.21,5.91,6.25,4.31,Yes,1,6.63,5.98,49.71,0,0.0
STU02627,Male,CSE,6.69,80.97,80.38,0,2,2,0,49.23,10.0,10.0,6.74,7.14,4.93,4.14,Yes,0,4.98,4.96,60.15,1,9.31
STU02628,Male,CSE,9.21,84.15,74.61,1,6,2,0,84.81,5.1,4.04,5.91,5.79,4.79,7.72,Yes,2,5.94,5.83,76.03,1,10.83
STU02629,Male,CSE,7.85,77.97,64.86,1,3,2,0,78.28,4.95,3.21,6.49,6.95,8.05,7.48,Yes,1,3.95,5.18,62.7,1,11.02
STU02630,Female,IT,6.69,67.03,66.56,0,1,5,0,35.71,4.73,4.77,4.06,5.34,9.29,4.78,Yes,0,6.82,7.29,40.89,0,0.0
STU02631,Male,IT,5.81,76.13,77.2,1,1,4,0,69.49,7.39,5.67,3.0,4.41,4.1,2.89,No,0,2.79,9.25,48.49,0,0.0
STU02632,Male,IT,7.9,54.42,63.01,4,3,0,0,89.25,7.56,7.44,6.0,5.62,4.09,4.66,No,1,7.2,3.5,73.48,1,10.97
STU02633,Female,ECE,4.97,88.17,59.85,0,5,0,2,42.96,8.31,8.49,6.11,6.55,3.62,5.35,No,1,5.66,4.02,35.06,0,0.0
STU02634,Male,CSE,7.78,63.67,70.48,1,2,1,1,75.35,7.74,8.27,3.92,5.1,6.5,1.93,No,1,5.35,5.34,53.5,0,0.0
STU02635,Male,CSE,8.33,62.79,71.16,1,3,2,1,45.06,8.92,7.51,3.73,4.7,4.41,3.59,No,4,3.85,4.57,60.31,1,8.96
STU02636,Female,EEE,5.31,76.96,78.55,4,4,0,1,55.96,5.83,8.77,7.75,5.94,6.37,4.98,Yes,3,8.75,4.93,45.78,0,0.0
STU02637,Male,ECE,7.96,81.77,59.77,1,4,5,2,38.78,6.66,5.44,7.47,6.93,4.84,6.47,Yes,2,5.52,6.54,52.73,0,0.0
STU02638,Male,ECE,7.06,66.24,69.91,0,5,0,0,84.68,10.0,8.59,10.0,6.1,7.16,8.88,Yes,2,3.64,3.28,57.39,0,0.0
STU02639,Female,CSE,6.68,55.83,76.07,1,3,3,2,47.74,5.86,7.05,6.26,6.51,10.0,5.42,Yes,0,5.35,5.27,52.18,1,7.95
STU02640,Male,CSE,8.31,75.2,79.76,3,1,1,1,71.3,6.41,7.09,7.56,7.55,7.09,7.63,Yes,0,4.77,8.35,65.95,1,10.66
STU02641,Male,CSE,7.67,95.16,69.43,1,3,0,1,71.91,4.26,3.91,4.81,5.22,5.26,7.18,Yes,0,7.1,6.6,49.3,0,0.0
STU02642,Male,CSE,7.86,79.21,92.12,0,3,1,1,71.55,6.05,8.08,8.33,5.6,5.96,1.79,No,0,7.55,7.65,46.66,0,0.0
STU02643,Female,ECE,7.96,74.8,77.27,0,1,2,1,52.71,7.8,10.0,7.53,6.13,3.88,5.26,Yes,2,9.56,8.27,49.1,0,0.0
STU02644,Male,CIVIL,6.98,96.18,87.18,0,2,1,4,27.51,6.81,8.29,8.36,6.86,8.25,7.8,Yes,3,7.24,6.23,23.72,0,0.0
STU02645,Male,CSE,5.96,85.91,71.02,1,4,1,0,61.19,5.06,6.6,3.58,4.98,9.03,6.21,Yes,1,2.03,8.59,54.14,0,0.0
STU02646,Female,IT,5.22,98.13,72.13,2,6,0,1,80.75,6.42,6.73,6.86,5.39,6.4,6.55,Yes,0,2.74,5.1,62.42,1,9.52
STU02647,Male,ECE,8.11,91.83,76.13,0,3,4,3,62.82,7.75,7.39,8.79,5.97,4.78,0.77,Yes,0,6.07,6.7,44.2,0,0.0
STU02648,Male,ECE,9.48,80.45,86.99,1,4,5,0,53.49,7.08,8.38,8.82,7.51,4.91,1.96,No,1,6.76,4.96,63.67,1,9.73
STU02649,Male,MECH,7.61,76.52,100.0,1,2,2,1,61.38,8.12,6.0,6.36,5.52,6.65,8.34,No,0,3.92,4.96,38.11,0,0.0
STU02650,Female,CSE,9.18,72.93,90.27,1,3,5,1,74.05,2.9,1.63,7.78,5.86,4.98,4.32,Yes,0,6.25,6.54,49.41,0,0.0
STU02651,Male,CSE,5.85,88.36,66.6,3,2,3,2,64.02,3.9,3.67,8.92,7.19,7.81,4.98,No,0,4.0,7.07,49.45,0,0.0
STU02652,Female,CSE,7.81,82.48,86.53,0,6,1,0,77.22,4.84,5.73,9.11,6.38,2.07,6.77,Yes,2,7.86,8.94,65.07,1,10.21
STU02653,Male,ECE,6.7,66.56,83.05,1,2,0,0,57.02,0.81,0.28,4.72,4.68,10.0,1.94,No,2,6.21,3.17,30.63,0,0.0
STU02654,Male,IT,6.41,86.63,78.93,0,1,5,0,65.03,4.23,2.96,6.33,6.12,6.58,8.05,Yes,0,5.7,5.44,49.27,1,8.61
STU02655,Female,ECE,7.86,69.95,80.1,3,3,3,0,46.87,4.96,5.17,6.38,5.9,1.47,6.72,Yes,2,4.4,5.48,62.35,1,9.38
STU02656,Male,MECH,6.4,90.92,78.01,0,1,4,1,56.51,6.56,8.76,8.26,6.19,7.53,7.21,Yes,2,7.51,5.6,35.69,0,0.0
STU02657,Female,EEE,7.59,71.65,61.67,0,2,0,2,64.22,6.08,6.36,7.71,7.68,5.52,2.81,Yes,0,4.19,3.82,35.17,0,0.0
STU02658,Female,ECE,6.36,78.66,65.13,2,4,0,0,57.64,3.04,2.1,4.8,4.85,6.15,7.3,No,0,4.9,3.56,46.79,0,0.0
STU02659,Female,CSE,7.55,94.53,66.72,1,1,3,0,71.76,5.49,5.15,5.98,4.53,5.59,3.93,No,0,6.64,6.25,55.01,1,8.32
STU02660,Female,CIVIL,9.64,100.0,69.5,0,4,2,0,76.29,6.28,7.19,5.07,5.62,6.04,1.83,Yes,1,7.58,8.89,51.1,0,0.0
STU02661,Male,IT,7.27,83.54,91.17,1,2,2,2,70.04,3.97,4.57,6.72,4.37,0.88,5.68,Yes,2,1.09,1.29,47.32,0,0.0
STU02662,Male,CIVIL,8.01,76.08,74.21,2,4,3,0,45.02,8.44,8.1,6.79,4.14,7.47,7.27,Yes,1,4.67,5.13,47.94,1,8.23
STU02663,Male,ECE,7.03,82.58,79.6,0,6,3,1,64.23,8.1,8.7,8.56,6.12,5.98,7.23,No,2,3.45,8.97,52.22,0,0.0
STU02664,Male,ECE,6.42,77.64,66.98,1,1,1,0,61.46,4.5,4.17,2.03,4.6,6.25,5.78,No,1,4.3,1.2,38.9,0,0.0
STU02665,Female,ECE,9.34,88.46,87.12,0,3,2,0,63.18,4.48,3.78,6.08,5.26,5.61,1.44,No,0,4.54,2.33,47.48,0,0.0
STU02666,Female,CSE,7.25,73.0,89.96,2,2,2,4,71.72,5.72,7.13,4.32,5.11,1.81,6.17,Yes,1,5.83,8.14,45.17,0,0.0
STU02667,Female,CSE,5.47,100.0,68.75,1,0,4,0,22.57,5.18,7.18,5.36,6.42,6.83,4.84,Yes,1,6.07,6.06,45.6,0,0.0
STU02668,Female,CSE,6.78,78.98,76.74,1,6,2,0,59.79,4.43,4.67,7.03,7.46,5.43,3.6,Yes,3,9.03,1.74,59.0,1,9.08
STU02669,Male,ECE,5.45,73.61,73.18,1,0,5,0,62.08,7.52,8.05,6.6,5.05,5.75,7.45,Yes,1,8.19,1.55,50.02,0,0.0
STU02670,Male,EEE,6.59,76.98,83.48,2,0,1,2,72.93,6.21,5.83,8.91,7.32,8.82,4.25,No,1,5.27,3.01,40.17,0,0.0
STU02671,Male,MECH,7.48,98.42,85.74,4,2,1,0,64.36,7.36,8.47,3.95,5.66,5.11,3.17,No,1,6.6,5.68,49.21,1,6.74
STU02672,Female,CSE,5.84,72.1,73.7,2,3,2,0,84.31,8.38,6.87,8.24,6.6,4.99,5.55,No,4,4.05,10.0,67.61,1,10.37
STU02673,Male,IT,5.55,90.41,71.41,4,0,1,0,76.12,7.56,6.49,7.19,7.33,5.4,6.04,No,0,2.94,10.0,60.22,1,10.09
STU02674,Female,MECH,8.56,78.97,71.14,2,2,2,1,56.23,8.79,9.83,3.7,6.02,5.01,5.48,Yes,1,4.38,5.63,47.5,0,0.0
STU02675,Female,CIVIL,8.08,93.23,46.13,2,6,4,1,51.01,3.93,2.27,4.66,5.88,6.61,6.94,No,1,4.67,7.35,43.01,0,0.0
STU02676,Male,IT,8.15,65.68,77.53,2,2,3,2,56.82,7.27,6.79,6.29,5.49,7.2,3.01,Yes,1,5.89,4.4,58.56,0,0.0
STU02677,Male,CSE,6.47,100.0,74.06,3,1,3,2,68.37,4.48,5.0,9.3,6.04,5.57,2.53,Yes,3,7.28,5.14,53.12,0,0.0
STU02678,Female,IT,7.19,74.44,100.0,0,1,2,0,19.61,7.6,6.97,6.07,5.27,3.58,5.9,Yes,1,4.19,4.26,45.79,1,8.16
STU02679,Male,CSE,9.15,59.79,94.54,3,2,0,4,61.73,5.38,6.49,6.72,6.93,7.79,4.62,No,3,7.9,4.16,52.74,0,0.0
STU02680,Female,IT,6.35,100.0,76.6,1,3,3,2,55.04,7.73,9.3,7.12,6.88,6.09,6.16,No,3,6.95,3.98,55.81,0,0.0
STU02681,Male,CIVIL,7.6,72.47,73.33,1,1,1,0,13.9,3.87,3.47,8.05,6.78,8.36,7.71,No,0,4.44,6.31,26.84,0,0.0
STU02682,Female,CSE,6.04,71.7,100.0,2,4,0,1,64.48,7.25,8.41,6.71,6.96,4.44,1.54,No,4,7.87,3.63,55.44,1,9.25
STU02683,Female,CSE,7.38,81.37,69.4,1,0,3,1,74.78,8.0,10.0,5.2,6.17,7.15,5.56,No,1,7.11,1.74,55.75,0,0.0
STU02684,Male,ECE,6.89,69.27,76.34,3,5,2,1,59.92,5.61,6.7,6.12,5.48,9.63,9.49,Yes,2,3.91,6.75,64.36,1,8.94
STU02685,Male,CSE,7.63,82.56,73.61,1,2,2,0,40.71,5.82,5.31,6.57,5.36,3.05,3.64,No,1,7.09,5.77,51.01,1,9.24
STU02686,Female,EEE,6.09,91.94,95.08,1,4,1,2,33.21,5.25,4.63,4.79,6.1,6.86,6.42,Yes,0,6.42,3.45,32.69,0,0.0
STU02687,Male,CSE,8.36,84.89,100.0,1,4,3,0,72.81,5.16,5.31,4.08,5.85,8.58,8.39,No,1,7.53,8.36,65.32,1,10.24
STU02688,Female,IT,7.99,100.0,63.07,1,2,3,0,68.77,6.98,5.52,5.09,6.53,4.5,4.92,Yes,3,4.6,8.87,58.17,1,8.71
STU02689,Female,ECE,5.9,83.8,62.07,0,3,2,0,80.84,5.99,3.57,5.42,6.07,4.49,8.43,Yes,1,6.63,7.01,50.16,0,0.0
STU02690,Female,ECE,6.01,83.39,75.2,3,4,0,0,69.72,6.55,7.73,5.98,5.63,6.1,5.96,Yes,0,3.58,5.91,58.62,0,0.0
STU02691,Male,EEE,8.78,80.34,100.0,0,5,1,1,53.32,5.0,4.99,6.79,6.74,6.42,6.39,Yes,2,5.39,0.0,47.24,0,0.0
STU02692,Female,IT,7.69,81.99,80.03,0,4,0,2,33.71,3.89,3.5,5.2,6.06,8.27,0.62,Yes,0,3.57,4.35,34.71,0,0.0
STU02693,Female,ECE,7.79,83.0,70.3,0,6,3,0,66.45,3.38,6.11,6.91,7.82,4.91,2.69,Yes,1,4.62,9.28,50.89,1,7.56
STU02694,Female,CSE,5.42,91.52,87.34,1,2,1,1,80.59,10.0,10.0,9.23,8.36,3.07,6.91,Yes,0,3.18,4.19,59.7,1,9.66
STU02695,Female,EEE,6.53,72.46,58.17,3,2,2,1,74.33,2.96,2.93,5.09,4.34,2.7,6.47,No,3,4.5,1.61,38.96,0,0.0
STU02696,Male,ECE,6.31,63.89,61.64,4,4,0,0,65.54,7.81,6.63,7.04,6.6,6.4,5.25,Yes,1,6.96,4.98,61.62,1,8.53
STU02697,Male,CSE,7.39,97.44,84.27,3,1,0,0,74.78,8.21,9.29,6.82,6.38,6.7,4.49,Yes,2,2.06,2.24,69.82,1,10.3
STU02698,Male,IT,5.68,83.37,81.5,3,1,0,0,64.25,5.05,5.88,4.6,4.7,7.02,6.2,No,1,5.81,4.08,51.15,1,7.54
STU02699,Female,ECE,5.37,71.69,69.44,0,0,1,0,55.45,8.42,6.34,4.97,5.98,4.27,5.88,No,0,4.78,6.01,34.21,0,0.0
STU02700,Male,CSE,5.16,66.83,73.39,1,3,1,0,53.63,6.08,6.52,2.64,3.34,2.64,7.24,No,0,3.67,5.64,48.17,1,8.41
STU02701,Female,IT,6.31,85.01,77.92,2,0,2,0,41.25,7.76,6.24,7.04,7.32,6.12,5.01,No,0,4.79,4.72,48.21,1,8.78
STU02702,Female,CSE,10.0,65.49,66.52,1,2,2,1,14.59,5.49,4.9,4.42,4.86,5.85,4.1,No,0,7.03,4.56,42.09,0,0.0
STU02703,Female,CSE,7.02,76.65,81.66,4,2,1,0,26.69,4.8,5.47,6.82,6.58,6.96,7.74,No,1,6.21,3.85,63.71,1,9.69
STU02704,Female,CSE,8.16,74.25,57.22,0,2,0,0,64.18,4.58,5.32,6.17,5.71,4.17,3.99,Yes,0,6.81,4.15,51.04,0,0.0
STU02705,Female,CSE,6.78,74.0,59.9,2,2,4,2,57.0,3.51,1.17,3.7,4.21,5.51,4.13,Yes,2,6.76,2.85,49.72,1,9.34
STU02706,Male,IT,6.69,69.72,89.21,1,4,1,0,83.64,5.36,5.55,4.39,6.41,2.93,4.09,Yes,3,2.43,9.09,54.91,1,9.22
STU02707,Male,MECH,6.66,76.43,59.19,4,4,1,0,26.17,7.34,7.34,3.88,4.7,5.27,7.08,No,3,7.15,3.5,41.77,0,0.0
STU02708,Female,CSE,4.95,76.91,52.71,0,2,2,0,57.4,8.64,8.94,4.93,4.81,6.23,5.15,Yes,2,6.67,9.01,56.9,0,0.0
STU02709,Male,CSE,8.37,100.0,65.08,1,4,1,0,52.78,6.85,7.14,2.79,4.07,8.75,7.26,Yes,1,7.23,4.09,61.01,1,9.72
STU02710,Male,MECH,6.35,86.82,71.79,3,2,2,4,51.98,4.4,3.32,5.93,6.23,1.72,6.61,Yes,0,3.58,5.88,32.09,0,0.0
STU02711,Male,IT,7.58,77.35,71.55,1,3,0,0,69.28,9.36,8.15,6.53,4.89,8.78,1.96,Yes,3,5.21,2.1,67.72,1,10.21
STU02712,Female,ECE,7.36,68.28,66.59,0,1,0,1,50.13,6.29,6.74,4.34,4.17,7.91,5.27,Yes,1,6.88,5.0,42.33,0,0.0
STU02713,Female,IT,7.41,85.36,78.74,1,2,2,1,71.98,4.08,3.34,4.47,5.55,4.36,3.72,Yes,2,6.77,1.38,48.38,1,8.97
STU02714,Female,MECH,7.36,73.78,85.06,3,4,3,0,58.42,5.82,6.78,5.34,7.53,4.2,3.66,Yes,1,7.36,4.95,55.58,0,0.0
STU02715,Male,EEE,6.2,88.49,58.82,0,2,0,2,49.15,7.87,6.3,4.56,4.74,7.35,8.2,Yes,2,4.38,8.62,31.56,0,0.0
STU02716,Male,ECE,5.61,95.92,70.68,1,5,3,0,52.01,6.99,7.36,6.91,6.96,6.64,3.76,Yes,1,4.72,5.84,54.56,0,0.0
STU02717,Female,ECE,7.47,78.19,100.0,0,1,0,1,97.32,2.76,1.15,5.69,5.09,8.7,1.77,Yes,1,4.34,4.08,36.26,0,0.0
STU02718,Male,IT,7.16,65.62,85.25,1,3,1,0,33.74,6.97,6.34,10.0,8.02,7.85,7.39,No,2,3.7,3.07,61.76,1,10.29
STU02719,Male,MECH,6.21,72.39,63.2,0,3,3,2,52.11,5.11,3.93,5.55,5.61,4.8,8.19,No,0,2.35,9.73,24.54,0,0.0
STU02720,Female,ECE,7.23,69.14,78.67,0,2,1,0,44.48,7.31,6.1,6.18,6.57,8.17,5.84,Yes,1,6.79,2.74,50.96,1,8.37
STU02721,Male,ECE,6.68,84.98,87.92,3,6,2,0,80.8,9.01,10.0,4.49,6.03,0.41,4.49,Yes,2,8.35,5.24,65.29,1,9.33
STU02722,Male,EEE,8.63,100.0,80.46,3,4,5,2,81.63,7.97,6.02,6.7,6.61,4.17,1.62,No,0,5.12,5.65,52.36,0,0.0
STU02723,Female,ECE,7.37,72.16,71.12,1,5,1,1,72.38,5.73,6.09,5.52,5.59,5.73,3.71,No,0,9.58,5.7,51.52,0,0.0
STU02724,Female,IT,6.34,73.85,97.37,3,4,2,2,63.62,6.58,7.29,6.0,5.79,8.98,4.52,No,2,6.53,6.75,52.21,0,0.0
STU02725,Female,CSE,7.46,84.88,75.79,4,3,4,2,54.99,8.83,7.07,5.03,5.08,3.91,1.16,Yes,2,8.46,6.6,63.85,0,0.0
STU02726,Male,CSE,7.93,76.25,94.87,0,4,1,0,63.82,6.97,6.81,5.91,6.14,5.84,7.7,Yes,1,8.44,3.93,64.45,1,10.24
STU02727,Female,EEE,7.01,72.04,78.79,1,1,0,0,73.66,4.78,3.19,5.68,5.62,4.46,6.43,No,0,2.27,4.85,30.61,0,0.0
STU02728,Female,IT,6.22,76.07,53.84,0,3,3,0,17.34,6.79,7.31,3.46,3.6,3.78,9.27,No,2,6.0,8.5,44.86,0,0.0
STU02729,Male,CIVIL,6.59,59.15,54.91,0,2,4,0,60.48,8.32,7.49,6.87,7.83,7.15,3.31,No,2,6.65,5.09,43.47,0,0.0
STU02730,Male,CSE,8.32,66.42,57.41,3,4,3,0,47.58,5.38,3.68,5.82,5.04,4.74,4.22,Yes,3,5.28,7.55,74.49,1,11.47
STU02731,Male,CIVIL,8.19,77.18,71.62,1,4,0,1,71.72,7.6,8.88,5.68,5.99,6.23,8.22,Yes,0,2.28,5.03,41.55,0,0.0
STU02732,Male,CSE,5.2,79.87,49.7,0,5,1,1,56.73,3.57,3.94,1.68,3.78,4.41,8.16,No,2,4.23,5.17,40.69,0,0.0
STU02733,Male,IT,7.97,86.42,78.5,2,4,4,0,38.25,2.37,1.64,6.34,5.52,5.88,5.13,No,1,2.15,6.12,52.84,1,9.34
STU02734,Female,CIVIL,7.31,68.23,66.9,2,3,1,0,58.15,6.4,6.59,7.1,6.11,8.2,8.31,Yes,1,6.44,3.45,47.11,1,7.0
STU02735,Female,MECH,7.95,56.38,72.37,1,3,1,0,73.71,4.33,2.89,6.29,5.15,6.49,10.0,Yes,1,4.84,6.13,44.58,0,0.0
STU02736,Male,EEE,5.47,77.27,66.14,1,6,3,2,66.57,3.94,3.81,6.01,5.96,10.0,5.06,Yes,1,4.44,4.41,45.56,1,5.79
STU02737,Female,IT,6.63,88.12,72.75,4,0,2,2,71.84,4.9,4.48,8.28,7.26,5.05,5.84,Yes,0,5.36,4.78,50.89,1,8.59
STU02738,Male,IT,5.83,72.6,79.01,0,2,2,0,56.11,4.09,4.78,8.87,7.55,6.24,4.82,No,2,7.55,4.7,48.53,0,0.0
STU02739,Female,MECH,7.12,85.39,69.79,1,4,5,0,40.7,5.48,5.95,4.46,5.17,2.45,4.41,Yes,1,7.25,5.87,41.37,0,0.0
STU02740,Male,ECE,6.1,82.59,67.99,1,3,4,2,66.17,7.84,7.93,10.0,8.95,6.89,5.81,No,4,5.76,1.51,52.39,0,0.0
STU02741,Male,CIVIL,7.83,83.72,84.43,3,1,0,3,74.58,6.37,6.69,7.39,5.54,8.43,5.99,No,1,3.98,5.67,30.57,0,0.0
STU02742,Male,IT,8.14,71.74,87.69,1,0,1,3,37.33,7.21,6.76,4.96,4.11,4.04,6.49,Yes,2,3.79,3.31,37.09,0,0.0
STU02743,Male,EEE,7.41,68.19,73.62,0,3,1,0,60.41,6.8,5.8,6.56,6.4,5.93,2.04,Yes,0,5.67,4.99,46.47,0,0.0
STU02744,Male,CSE,7.53,96.16,59.89,0,0,5,1,44.71,5.73,6.6,5.55,6.24,2.33,5.1,No,1,7.54,5.26,39.86,0,0.0
STU02745,Male,IT,4.63,87.97,69.73,1,3,1,0,53.97,2.28,2.62,7.38,5.92,2.09,3.0,No,3,7.3,8.78,35.39,0,0.0
STU02746,Female,IT,7.3,78.52,79.62,2,2,3,0,72.9,9.15,8.55,4.6,6.63,5.35,2.04,Yes,0,7.67,2.67,60.14,0,0.0
STU02747,Male,EEE,7.14,90.59,71.58,0,3,0,0,62.45,7.38,8.6,5.11,6.36,5.83,4.37,Yes,1,8.94,3.45,48.46,0,0.0
STU02748,Male,CSE,7.1,69.53,87.53,1,2,1,1,98.5,5.84,7.64,8.81,6.36,9.74,6.46,Yes,2,4.1,0.98,57.22,0,0.0
STU02749,Male,EEE,7.95,80.77,69.77,2,0,3,2,37.64,6.88,5.07,5.1,4.76,5.22,4.04,Yes,0,5.14,2.47,45.85,0,0.0
STU02750,Female,CSE,6.84,78.93,80.47,3,3,4,0,54.31,3.54,5.05,8.22,6.44,6.65,1.63,No,1,3.62,3.25,65.48,1,9.88
STU02751,Male,ECE,9.39,67.01,72.8,0,3,2,0,50.91,6.43,5.01,6.08,5.02,7.53,5.61,Yes,0,4.67,2.53,56.23,1,8.76
STU02752,Male,CSE,7.52,74.66,76.88,0,4,2,0,56.91,9.05,7.94,8.94,7.38,0.0,5.94,Yes,1,6.77,6.09,62.39,1,10.19
STU02753,Male,CSE,7.86,85.71,72.25,0,3,2,1,51.26,5.71,6.71,7.27,6.82,1.34,5.9,Yes,2,7.23,6.95,53.36,1,9.1
STU02754,Male,MECH,7.51,78.86,78.67,2,2,2,0,70.03,4.31,4.07,7.11,6.81,4.32,3.49,No,1,8.08,9.63,40.95,1,6.22
STU02755,Male,EEE,7.85,65.21,64.29,0,1,2,3,46.72,4.43,4.05,2.17,5.7,5.54,7.18,Yes,4,1.21,3.72,25.24,0,0.0
STU02756,Male,EEE,7.27,75.94,85.74,2,1,2,0,53.86,8.57,10.0,5.17,6.93,4.21,6.49,No,4,5.44,4.03,53.45,0,0.0
STU02757,Male,CSE,6.15,78.06,66.74,0,1,2,2,82.37,6.87,5.01,10.0,7.77,7.25,6.83,Yes,0,6.22,1.44,48.63,1,7.14
STU02758,Female,ECE,6.0,84.2,90.04,0,4,0,3,61.96,4.26,4.82,8.79,6.91,5.1,6.16,No,0,3.79,6.0,29.77,0,0.0
STU02759,Male,CSE,5.44,91.04,90.16,3,2,4,1,44.09,6.29,8.54,8.71,8.0,7.59,10.0,No,1,6.91,4.83,63.64,0,0.0
STU02760,Male,IT,8.36,80.07,69.82,1,6,2,0,73.84,5.98,7.04,4.98,5.27,8.88,4.48,No,1,3.89,8.03,62.54,1,9.96
STU02761,Male,MECH,6.48,76.38,84.24,2,0,1,0,61.89,5.51,6.21,5.65,3.86,7.23,6.42,No,0,3.58,2.39,42.87,0,0.0
STU02762,Male,EEE,6.94,87.16,82.08,3,3,1,2,46.41,5.21,4.83,8.19,7.73,5.8,5.38,No,3,3.54,2.59,35.99,0,0.0
STU02763,Male,CSE,5.71,75.14,72.23,1,1,0,3,83.88,8.46,8.24,5.33,6.35,6.67,5.22,Yes,2,4.45,9.6,34.34,0,0.0
STU02764,Female,CSE,6.46,71.99,70.25,1,3,1,0,52.93,6.29,7.34,4.95,6.91,3.53,3.09,No,0,7.35,3.88,51.68,1,9.19
STU02765,Male,ECE,7.32,72.89,83.65,0,0,1,0,45.28,3.42,1.73,6.85,5.68,6.26,5.22,No,0,7.08,2.92,23.4,0,0.0
STU02766,Male,IT,8.68,99.28,87.13,1,4,0,0,44.79,6.2,5.26,8.54,9.3,5.5,6.05,No,0,4.44,5.72,59.75,1,9.76
STU02767,Male,MECH,5.12,93.23,84.85,3,2,2,0,61.07,6.28,3.83,6.79,5.31,7.88,7.94,Yes,2,4.89,0.45,48.36,0,0.0
STU02768,Male,CSE,5.54,82.65,72.25,1,3,5,0,63.18,7.3,7.03,6.6,5.63,4.13,2.99,No,0,6.2,3.01,55.58,0,0.0
STU02769,Female,CIVIL,6.89,73.31,86.65,1,5,0,1,89.69,6.38,4.27,6.6,6.26,6.47,4.97,Yes,2,6.86,6.09,45.68,0,0.0
STU02770,Male,CIVIL,8.47,83.19,64.58,1,0,3,0,49.76,3.94,5.05,6.71,5.82,5.58,5.66,Yes,0,3.42,4.64,32.97,0,0.0
STU02771,Male,CIVIL,7.3,55.6,78.73,1,3,2,0,49.42,4.25,3.69,2.32,4.5,4.24,4.19,Yes,0,5.33,1.21,38.77,0,0.0
STU02772,Male,ECE,6.58,95.85,58.98,1,2,3,2,79.16,6.14,8.3,7.12,7.57,5.84,4.15,No,2,5.18,6.69,48.81,0,0.0
STU02773,Female,ECE,7.08,63.73,91.87,0,2,2,0,60.69,7.62,5.83,3.74,4.97,3.26,4.45,No,2,2.42,2.67,44.46,0,0.0
STU02774,Female,CSE,8.44,57.42,65.59,3,0,0,0,64.23,2.33,3.93,5.42,6.3,7.1,2.28,No,0,2.37,5.31,56.4,0,0.0
STU02775,Male,EEE,5.87,63.15,70.64,0,2,2,0,57.89,4.6,3.02,7.3,6.31,7.83,6.01,No,1,6.26,4.95,38.95,0,0.0
STU02776,Female,IT,7.8,78.77,90.44,0,1,2,0,53.0,5.46,6.28,4.92,5.86,6.71,4.21,No,0,7.01,4.76,49.19,0,0.0
STU02777,Female,EEE,7.76,73.25,72.62,2,2,0,3,58.17,2.69,5.11,9.73,7.9,6.39,6.87,No,0,7.87,0.85,28.18,0,0.0
STU02778,Male,CSE,8.03,85.46,66.24,0,6,5,0,38.56,5.22,6.25,2.11,3.47,10.0,4.22,No,1,5.57,4.26,47.92,0,0.0
STU02779,Female,ECE,5.48,68.57,79.0,2,3,0,0,75.57,7.31,7.17,8.01,7.06,6.1,3.91,Yes,1,7.36,2.68,53.11,0,0.0
STU02780,Male,CSE,4.64,66.62,76.9,0,3,1,1,62.53,9.17,8.14,5.69,5.21,4.02,5.68,No,1,8.4,3.33,50.75,0,0.0
STU02781,Female,ECE,6.49,86.65,61.06,2,2,1,2,53.05,3.71,2.54,6.36,6.2,4.75,3.17,Yes,2,4.0,7.64,36.57,0,0.0
STU02782,Female,CSE,7.76,86.7,79.76,4,1,1,2,93.57,4.71,7.45,6.96,7.4,8.7,6.71,No,2,8.88,6.08,59.62,1,10.32
STU02783,Male,CSE,6.54,91.57,72.39,1,2,1,0,36.82,7.09,6.86,7.11,4.72,7.86,4.82,No,2,6.4,9.86,44.78,0,0.0
STU02784,Female,IT,7.28,81.52,70.6,1,2,2,2,61.23,6.99,7.51,4.58,4.24,4.14,5.49,Yes,0,1.88,4.91,48.97,0,0.0
STU02785,Male,CSE,7.2,83.28,66.96,1,3,2,0,70.82,9.88,7.52,4.91,7.05,3.47,5.97,No,0,3.81,1.79,60.36,1,8.91
STU02786,Female,CSE,7.69,73.94,96.18,1,2,1,0,69.51,9.05,9.8,8.86,5.88,6.58,6.99,No,1,5.06,5.35,63.38,1,9.56
STU02787,Male,IT,7.5,91.58,51.53,0,0,0,1,71.88,4.77,6.14,5.82,7.07,5.98,2.69,Yes,4,6.48,3.28,45.5,0,0.0
STU02788,Male,CSE,7.07,85.47,60.78,3,6,1,1,49.89,6.0,6.71,9.75,5.98,2.6,5.64,Yes,1,4.7,2.91,61.5,1,9.51
STU02789,Female,CSE,8.76,99.6,66.85,2,4,1,0,50.95,5.22,4.2,7.75,7.0,3.9,5.14,No,1,5.05,6.7,63.6,1,9.83
STU02790,Male,CIVIL,7.65,100.0,100.0,0,1,1,0,49.33,8.9,8.38,6.63,5.35,5.77,1.11,No,1,6.76,2.82,39.23,0,0.0
STU02791,Female,EEE,7.42,81.18,67.97,1,4,2,1,76.45,3.7,3.13,5.2,4.51,4.24,5.79,Yes,2,5.05,6.6,41.18,0,0.0
STU02792,Male,EEE,6.87,86.97,93.41,4,1,0,0,83.7,4.28,3.09,5.03,5.49,6.92,6.71,No,2,5.28,6.5,44.45,0,0.0
STU02793,Male,CSE,7.53,86.79,74.01,1,4,4,0,67.87,3.87,4.98,3.98,5.65,3.34,7.67,Yes,4,5.7,5.2,61.37,0,0.0
STU02794,Male,MECH,7.03,84.0,85.28,2,4,0,1,80.28,6.05,5.54,6.76,6.65,6.24,7.45,Yes,1,1.84,5.43,48.94,0,0.0
STU02795,Male,EEE,6.97,70.2,77.47,3,2,3,1,59.77,8.26,8.68,8.51,8.46,5.54,3.52,Yes,2,5.87,3.86,59.13,1,7.26
STU02796,Male,CSE,5.08,81.58,63.36,1,2,1,0,50.18,6.91,7.11,5.38,6.22,2.77,3.95,Yes,1,4.08,10.0,52.66,0,0.0
STU02797,Female,ECE,6.66,73.93,71.73,3,2,0,0,82.46,4.16,6.74,6.23,6.11,9.59,5.92,No,0,6.45,5.14,51.14,0,0.0
STU02798,Female,IT,8.54,75.13,68.95,1,3,2,2,53.49,4.96,5.05,6.35,5.77,6.73,5.08,No,0,4.24,2.57,43.55,0,0.0
STU02799,Male,MECH,6.78,74.67,71.78,0,0,0,4,61.14,9.06,8.6,7.15,6.86,5.64,2.89,Yes,1,3.66,3.75,21.98,0,0.0
STU02800,Female,CSE,7.29,76.67,75.87,3,2,5,0,47.88,6.9,5.43,2.62,2.94,3.32,6.44,Yes,1,6.48,9.19,58.15,1,9.77
STU02801,Female,ECE,7.83,80.49,100.0,1,3,2,1,49.27,4.82,4.47,8.23,5.14,9.92,5.0,No,0,7.62,2.17,47.65,1,7.02
STU02802,Male,CSE,7.52,81.7,68.67,4,3,1,1,62.16,5.66,2.97,4.11,3.01,5.72,3.25,Yes,3,4.92,5.67,55.48,1,9.91
STU02803,Male,ECE,8.24,73.21,96.59,2,3,3,2,55.37,8.17,9.29,5.64,5.47,3.93,6.8,Yes,2,5.93,8.35,49.0,1,6.97
STU02804,Female,CSE,7.66,90.8,72.29,1,3,3,2,68.25,7.14,7.64,4.12,6.12,5.69,10.0,No,0,10.0,4.01,50.21,1,8.6
STU02805,Male,IT,6.61,95.99,71.65,2,5,0,0,45.55,5.58,5.01,4.54,4.72,6.51,6.93,No,0,3.4,4.62,53.42,0,0.0
STU02806,Male,CSE,6.96,86.92,80.78,0,3,1,0,57.49,8.06,5.35,6.67,6.32,5.29,3.65,Yes,4,4.97,9.05,55.96,1,9.33
STU02807,Female,ECE,7.9,71.74,72.79,0,2,3,0,38.14,7.9,6.14,5.39,5.28,6.98,2.19,No,1,7.16,3.03,41.26,0,0.0
STU02808,Female,CSE,7.72,71.77,53.19,0,1,2,2,83.44,4.87,4.55,4.49,5.03,7.32,6.88,Yes,1,5.9,4.43,41.59,0,0.0
STU02809,Female,MECH,7.28,78.4,63.73,0,5,0,0,75.16,3.74,4.21,5.32,5.34,5.06,6.1,No,4,8.31,5.26,35.7,0,0.0
STU02810,Female,MECH,5.62,74.16,80.94,1,2,0,0,68.41,6.58,8.7,7.56,6.3,5.6,5.48,Yes,1,6.45,7.4,44.06,0,0.0
STU02811,Female,ECE,7.34,83.18,64.45,0,1,1,2,65.54,6.18,6.57,7.8,7.92,5.53,4.17,Yes,1,7.06,4.67,41.09,0,0.0
STU02812,Male,EEE,7.24,62.9,63.31,0,5,1,0,64.99,8.89,9.91,5.68,6.95,7.77,3.52,Yes,2,4.97,2.72,56.63,1,8.61
STU02813,Female,MECH,7.81,81.42,70.93,2,5,0,1,44.38,7.58,7.41,2.9,3.35,2.6,7.35,Yes,1,5.41,2.56,45.53,0,0.0
STU02814,Male,CSE,7.87,91.09,66.6,0,4,0,0,86.82,4.4,3.15,4.26,5.41,10.0,3.24,No,1,3.6,1.67,44.64,0,0.0
STU02815,Female,IT,7.21,84.59,69.8,0,3,5,3,48.98,5.8,6.02,6.75,6.53,6.61,4.97,Yes,1,5.81,2.43,38.22,0,0.0
STU02816,Female,ECE,6.35,73.05,81.16,1,3,1,0,70.27,7.05,7.9,1.23,2.84,6.54,2.57,No,2,4.48,5.02,45.51,0,0.0
STU02817,Male,IT,7.69,71.35,78.52,0,4,3,0,58.63,6.93,8.28,4.62,4.4,9.07,6.27,Yes,0,3.11,8.21,64.13,1,10.33
STU02818,Male,CSE,7.19,63.74,66.8,0,6,1,0,59.86,7.66,6.74,8.52,7.13,6.21,7.23,Yes,3,6.41,4.57,65.96,1,9.38
STU02819,Female,EEE,7.82,100.0,64.93,1,6,4,4,73.18,6.68,6.06,6.86,6.5,5.78,7.49,No,1,9.97,6.48,36.96,0,0.0
STU02820,Male,IT,6.8,82.62,71.47,3,2,0,3,58.34,8.16,7.2,7.5,6.02,6.93,2.21,Yes,2,5.89,5.26,57.16,0,0.0
STU02821,Male,IT,6.47,74.93,91.7,1,3,5,0,44.25,5.84,7.35,6.62,4.28,2.92,6.58,No,1,5.87,4.2,57.6,1,9.49
STU02822,Male,EEE,5.56,74.78,63.41,1,4,0,2,78.63,6.01,4.0,9.73,7.4,4.8,2.34,No,3,2.27,0.55,36.59,0,0.0
STU02823,Male,EEE,6.63,69.69,86.0,2,1,1,4,67.53,6.28,3.68,6.02,5.5,3.74,3.49,Yes,0,5.8,3.31,30.77,0,0.0
STU02824,Female,CIVIL,8.01,68.14,87.03,0,1,3,0,53.42,8.03,7.57,4.04,4.18,7.59,6.2,No,1,4.16,8.75,38.5,0,0.0
STU02825,Male,CSE,10.0,82.9,70.69,1,3,1,0,56.55,7.48,8.19,5.93,6.82,6.84,5.76,No,1,6.86,4.37,67.2,0,0.0
STU02826,Female,EEE,6.48,89.12,82.14,0,0,1,1,57.37,6.01,6.56,5.13,5.03,4.72,5.96,Yes,1,0.0,3.02,34.36,0,0.0
STU02827,Female,EEE,4.97,82.46,61.39,0,3,2,0,73.39,10.0,10.0,6.81,6.82,6.82,3.82,No,2,4.25,6.96,46.39,0,0.0
STU02828,Male,CSE,8.78,96.02,64.05,2,1,5,0,81.83,6.88,7.12,10.0,9.29,6.37,5.64,Yes,3,5.26,3.3,80.4,1,11.38
STU02829,Male,CSE,7.82,81.77,64.63,3,5,2,0,72.46,6.92,6.56,8.06,6.13,4.85,6.65,Yes,0,7.05,3.22,85.36,1,12.04
STU02830,Female,ECE,6.55,95.61,76.57,1,6,2,1,60.53,4.39,1.74,6.36,5.94,0.0,4.1,No,3,3.63,8.83,42.32,0,0.0
STU02831,Female,CSE,7.64,90.83,94.88,1,4,2,0,100.0,7.97,4.91,3.69,4.48,3.81,1.46,No,4,6.18,7.85,62.75,1,8.85
STU02832,Male,ECE,7.86,69.19,68.58,2,0,0,0,32.72,4.04,4.95,5.57,6.51,3.41,3.3,No,3,2.82,3.7,42.78,0,0.0
STU02833,Male,ECE,7.01,85.63,78.85,1,6,2,4,77.89,8.33,7.34,5.01,5.19,4.16,7.49,No,2,2.8,3.67,45.96,1,6.92
STU02834,Male,MECH,5.92,70.87,89.5,0,2,3,0,92.61,6.2,5.46,8.61,8.22,5.26,1.44,Yes,0,4.45,6.67,48.98,0,0.0
STU02835,Female,CIVIL,6.23,65.98,80.5,2,2,3,4,42.1,8.86,10.0,7.49,7.67,9.82,7.41,No,0,5.95,7.01,28.55,0,0.0
STU02836,Female,MECH,7.36,93.89,52.98,0,2,1,1,73.23,9.62,10.0,5.62,6.0,2.58,1.76,Yes,1,6.54,4.74,48.19,0,0.0
STU02837,Female,MECH,7.59,91.25,77.69,0,0,3,1,78.66,3.96,4.57,3.85,6.52,7.03,3.63,Yes,2,2.7,7.02,29.53,0,0.0
STU02838,Male,CSE,7.0,78.68,87.18,0,5,2,0,59.11,8.86,10.0,7.34,7.22,2.44,4.08,No,4,7.09,5.94,65.36,1,9.57
STU02839,Male,ECE,4.01,77.29,60.87,0,2,1,0,63.9,1.7,3.34,6.02,5.13,3.36,3.6,Yes,3,5.51,3.26,33.48,0,0.0
STU02840,Male,IT,5.92,73.23,50.97,1,6,0,0,40.1,8.96,10.0,4.09,5.74,2.89,6.17,Yes,3,1.16,3.58,59.44,1,9.78
STU02841,Male,CSE,9.58,75.6,67.93,2,4,5,0,59.22,6.45,6.28,5.69,5.96,4.58,5.16,Yes,0,5.41,1.66,71.73,1,10.5
STU02842,Male,EEE,7.56,86.17,48.03,1,2,0,0,70.28,7.95,6.46,7.69,6.37,8.81,1.98,Yes,1,5.67,1.18,49.4,0,0.0
STU02843,Male,EEE,6.23,68.0,80.59,0,3,2,1,65.05,6.15,8.04,3.65,6.62,8.84,5.87,No,0,6.61,5.97,35.52,0,0.0
STU02844,Male,EEE,6.56,100.0,71.57,1,1,2,2,68.37,8.13,9.11,6.02,5.3,6.16,5.66,No,1,4.24,6.52,40.22,0,0.0
STU02845,Male,CIVIL,6.36,88.22,63.44,2,1,2,0,63.5,4.29,4.9,6.62,5.5,5.14,4.76,Yes,3,6.85,1.13,42.64,0,0.0
STU02846,Female,ECE,7.58,62.76,68.9,2,5,0,0,42.18,5.43,5.78,7.71,6.13,6.29,4.19,Yes,1,6.22,3.12,57.1,1,8.56
STU02847,Male,ECE,7.05,89.58,71.06,0,3,0,0,57.75,2.37,1.55,3.99,3.19,7.13,3.26,No,0,6.41,5.65,34.59,0,0.0
STU02848,Male,CSE,7.72,80.24,56.29,1,3,1,2,79.77,7.53,7.97,6.8,6.26,5.6,5.08,Yes,1,5.79,4.04,59.19,1,9.25
STU02849,Male,ECE,5.85,77.42,83.66,0,4,4,3,27.16,4.29,3.44,7.14,7.06,5.4,6.63,Yes,0,10.0,3.07,33.11,0,0.0
STU02850,Male,EEE,7.46,62.62,71.28,4,3,3,1,43.57,6.89,6.4,5.33,6.04,7.18,2.33,Yes,2,7.01,6.07,48.11,0,0.0
STU02851,Female,IT,6.71,86.83,72.78,1,1,1,0,69.7,6.59,6.17,7.0,6.67,8.35,2.63,No,3,4.97,0.0,46.82,0,0.0
STU02852,Female,ECE,6.39,72.72,94.53,2,2,3,3,72.43,7.93,7.43,6.99,7.63,2.95,1.02,Yes,1,3.26,7.63,43.59,0,0.0
STU02853,Male,ECE,7.13,88.8,75.79,0,5,2,2,74.85,7.55,6.27,6.94,6.6,3.25,2.19,Yes,1,6.4,6.33,51.08,0,0.0
STU02854,Male,CSE,6.95,85.91,70.41,2,1,2,0,95.58,7.0,5.26,5.57,8.34,3.15,5.6,Yes,1,6.27,4.49,62.02,1,9.5
STU02855,Male,CSE,6.28,67.75,58.81,0,2,0,2,68.51,3.79,2.3,5.16,6.48,4.0,6.23,Yes,2,4.12,4.79,35.14,0,0.0
STU02856,Female,CIVIL,9.1,78.96,69.78,1,0,0,1,83.07,4.14,5.99,5.75,6.3,7.85,5.42,Yes,1,5.44,0.0,38.63,0,0.0
STU02857,Male,IT,7.51,85.3,80.86,3,5,0,2,31.03,5.93,6.56,7.81,7.25,6.58,4.48,No,1,7.67,5.84,57.5,0,0.0
STU02858,Male,ECE,7.28,79.56,69.26,0,3,3,0,27.91,6.9,8.63,8.08,7.36,3.39,6.97,No,0,4.37,4.64,48.16,0,0.0
STU02859,Male,IT,7.07,76.52,82.97,2,3,2,3,50.43,3.38,1.73,7.28,7.23,1.22,6.54,Yes,0,7.1,6.68,42.19,1,8.41
STU02860,Male,ECE,8.49,65.08,61.57,0,2,3,0,74.24,7.31,7.78,5.47,5.08,4.17,3.05,Yes,0,6.83,5.09,53.46,1,8.83
STU02861,Male,EEE,8.71,77.05,68.07,2,3,4,2,77.43,7.05,6.62,3.36,6.23,9.03,3.31,Yes,3,5.62,4.08,53.33,0,0.0
STU02862,Female,CIVIL,5.95,81.61,52.23,1,4,1,0,71.92,5.51,5.52,4.65,4.39,5.94,1.65,Yes,0,4.22,4.24,41.37,0,0.0
STU02863,Male,CSE,7.54,76.22,78.44,0,0,0,0,31.37,6.89,6.17,7.0,6.07,9.08,5.11,Yes,3,7.16,3.22,45.87,0,0.0
STU02864,Male,ECE,6.69,88.54,77.85,0,2,3,0,63.63,7.62,8.29,6.9,5.82,3.77,5.29,Yes,1,6.18,5.51,54.3,0,0.0
STU02865,Female,CSE,7.74,61.24,87.94,0,4,2,0,100.0,5.73,5.26,8.18,6.62,7.18,5.05,No,1,4.62,3.67,62.0,1,9.06
STU02866,Male,EEE,4.0,70.22,55.3,1,3,2,0,52.09,5.71,6.24,6.36,6.28,4.74,0.0,No,1,7.3,6.34,39.56,1,6.65
STU02867,Male,CIVIL,6.64,79.27,78.31,2,3,3,2,40.54,6.86,5.67,4.51,5.38,4.56,1.82,No,0,6.54,3.08,32.54,0,0.0
STU02868,Male,CSE,7.66,82.22,74.94,2,3,2,1,41.51,5.21,6.14,10.0,8.13,6.55,4.5,No,4,5.78,7.86,60.93,0,0.0
STU02869,Female,IT,5.66,59.04,61.4,4,2,0,0,76.45,5.22,6.21,7.28,6.77,4.18,4.14,Yes,1,5.3,2.82,62.08,1,10.07
STU02870,Male,MECH,6.2,80.59,43.69,0,4,1,1,36.96,1.12,0.28,5.22,5.33,8.73,0.49,Yes,0,5.24,7.28,25.4,0,0.0
STU02871,Male,CIVIL,8.08,91.92,87.94,0,2,4,3,40.25,7.25,5.11,9.1,8.22,3.86,7.71,Yes,3,6.49,6.27,25.41,0,0.0
STU02872,Male,ECE,8.15,73.97,77.76,1,3,1,1,68.64,3.88,3.1,4.61,5.47,3.38,6.27,No,1,2.7,5.93,38.5,0,0.0
STU02873,Male,CSE,6.73,64.32,72.49,1,2,1,1,88.23,8.55,9.61,4.27,6.83,0.32,3.06,Yes,2,7.0,3.19,57.84,1,8.4
STU02874,Male,EEE,5.34,70.68,86.93,2,5,0,1,78.3,7.2,6.51,3.5,4.13,3.16,4.88,No,2,6.36,5.44,44.15,0,0.0
STU02875,Male,IT,7.13,70.03,90.12,0,5,1,0,45.62,8.0,7.6,5.64,5.65,8.13,8.55,Yes,0,3.46,4.49,58.56,1,8.44
STU02876,Male,EEE,7.41,57.83,76.38,0,2,1,0,75.22,5.89,4.49,5.44,5.52,5.74,1.7,Yes,0,8.22,7.21,42.34,0,0.0
STU02877,Male,ECE,5.43,91.56,65.65,0,1,2,0,66.7,2.37,2.36,9.03,7.73,9.03,3.77,Yes,3,7.24,4.05,43.83,0,0.0
STU02878,Male,ECE,5.52,68.74,90.69,0,1,0,0,77.18,5.53,6.46,7.54,7.21,7.08,6.13,Yes,1,4.81,9.92,38.46,0,0.0
STU02879,Male,ECE,5.85,68.52,77.47,3,4,0,0,37.33,8.22,9.31,5.38,6.68,2.33,1.27,Yes,4,5.98,7.55,54.73,1,8.05
STU02880,Male,EEE,6.6,66.08,77.69,1,4,2,0,69.74,5.43,5.97,3.4,4.19,8.05,0.93,No,1,9.2,7.68,46.18,0,0.0
STU02881,Male,ECE,8.02,63.06,79.07,2,6,0,0,68.55,5.88,6.91,7.6,6.8,6.0,4.72,Yes,0,3.75,4.87,58.75,1,7.69
STU02882,Female,IT,7.55,82.93,62.78,1,1,2,0,72.77,7.6,8.21,5.82,5.84,1.87,4.8,Yes,1,5.06,2.56,54.13,0,0.0
STU02883,Female,CSE,7.3,80.96,72.42,1,3,2,0,81.55,4.73,5.07,5.55,4.97,3.26,0.0,Yes,1,5.8,4.36,53.8,0,0.0
STU02884,Male,MECH,6.84,85.37,78.3,1,3,1,0,39.39,7.99,8.94,7.16,5.72,3.92,7.64,Yes,2,7.82,9.36,42.98,0,0.0
STU02885,Male,ECE,6.35,84.64,81.22,0,1,1,0,57.64,6.56,5.53,5.61,6.06,0.84,7.09,Yes,0,5.88,5.52,45.72,1,7.26
STU02886,Male,EEE,7.76,77.95,73.36,4,5,0,0,78.33,5.07,4.54,6.97,6.63,10.0,7.21,Yes,1,1.19,4.05,59.78,0,0.0
STU02887,Male,CSE,6.57,77.63,86.8,3,2,2,2,64.52,6.34,4.35,3.88,3.75,5.08,3.17,Yes,1,4.14,0.74,53.57,1,9.44
STU02888,Female,ECE,7.77,85.21,65.55,1,1,2,0,94.0,6.72,5.8,5.12,5.2,5.74,5.41,Yes,4,6.45,2.37,48.29,0,0.0
STU02889,Female,CSE,8.41,74.38,74.32,4,3,3,0,58.58,10.0,8.09,6.42,6.7,4.6,3.74,Yes,2,7.88,1.59,80.16,1,11.7
STU02890,Male,IT,7.48,79.72,82.92,1,3,2,0,88.92,7.39,8.38,4.96,4.93,6.95,3.95,Yes,2,3.46,7.0,66.82,1,10.48
STU02891,Male,CIVIL,7.35,96.68,78.62,3,2,1,0,66.71,7.29,7.58,4.01,4.3,4.55,5.53,No,2,3.17,5.66,44.57,0,0.0
STU02892,Male,CSE,7.15,86.11,73.48,3,5,2,1,76.85,6.85,5.26,2.84,4.89,7.22,5.02,Yes,1,5.97,4.78,67.71,1,10.52
STU02893,Male,MECH,6.75,78.53,46.61,3,6,0,1,73.72,4.27,3.84,3.91,4.27,2.7,2.76,No,0,3.43,4.88,36.73,0,0.0
STU02894,Female,CSE,6.04,62.03,65.93,1,2,1,0,79.25,4.47,3.11,5.17,5.34,3.79,2.15,Yes,4,6.86,8.47,59.43,1,9.74
STU02895,Female,CSE,7.24,65.58,83.49,1,4,2,0,54.81,5.68,6.91,6.09,6.28,9.97,8.22,No,2,3.62,8.44,57.51,1,9.94
STU02896,Male,ECE,8.22,67.41,75.6,0,2,3,0,68.25,4.02,3.33,6.62,6.54,6.99,5.51,No,1,6.56,8.69,51.12,0,0.0
STU02897,Male,CSE,4.16,82.43,90.43,2,6,2,0,65.34,4.08,2.54,4.54,3.98,5.95,3.57,No,1,4.54,5.12,57.61,1,9.79
STU02898,Female,ECE,7.81,86.48,79.0,1,3,1,0,90.77,6.1,5.92,4.75,5.51,6.26,6.16,Yes,3,7.3,4.83,57.85,0,0.0
STU02899,Male,CSE,6.51,70.25,80.35,1,2,3,0,50.11,6.34,6.53,4.32,5.16,2.55,7.12,Yes,2,6.56,8.26,51.3,0,0.0
STU02900,Female,ECE,8.62,76.11,62.61,0,3,0,0,75.36,5.99,8.73,7.83,7.42,5.87,7.31,Yes,1,3.09,3.74,53.17,1,7.8
STU02901,Female,MECH,7.03,76.56,68.52,3,0,1,2,63.36,5.91,6.69,10.0,7.85,1.75,3.03,No,1,3.8,4.9,37.17,0,0.0
STU02902,Female,ECE,6.35,74.86,78.04,2,4,3,2,39.23,4.51,2.34,7.0,6.05,5.06,5.19,Yes,1,6.04,4.09,46.2,0,0.0
STU02903,Male,CSE,6.31,83.32,69.27,3,4,1,0,57.94,5.31,3.97,7.65,6.46,9.45,3.93,Yes,2,6.38,6.17,68.88,1,10.32
STU02904,Male,EEE,7.94,70.34,89.93,0,2,1,0,82.32,4.92,4.35,7.61,8.09,7.22,7.75,Yes,1,4.51,3.34,50.05,0,0.0
STU02905,Male,MECH,4.89,86.04,97.71,3,2,1,2,74.98,4.53,4.84,5.84,6.28,6.65,3.84,Yes,1,5.48,4.15,33.81,0,0.0
STU02906,Female,CSE,6.19,66.41,81.46,0,1,0,1,35.98,4.75,2.48,6.03,5.42,5.02,4.55,Yes,2,6.41,4.21,36.39,0,0.0
STU02907,Female,EEE,7.0,89.83,76.1,1,2,3,0,54.8,6.37,7.01,6.48,4.41,2.89,8.89,Yes,0,6.09,0.0,48.49,0,0.0
STU02908,Male,EEE,5.35,78.36,52.32,1,3,3,0,52.3,5.42,6.49,4.73,5.63,9.49,6.6,Yes,3,5.88,8.69,46.29,0,0.0
STU02909,Female,CSE,7.05,75.28,56.9,1,3,0,1,76.37,4.43,4.57,8.08,6.16,4.42,1.96,No,1,7.0,6.94,48.66,1,8.92
STU02910,Male,ECE,8.08,96.57,64.25,0,4,5,0,54.6,6.49,5.78,5.91,7.54,2.67,5.74,No,1,9.63,3.26,48.92,0,0.0
STU02911,Male,CSE,6.76,79.69,65.11,0,4,0,0,70.62,3.9,4.27,7.41,5.5,10.0,3.91,No,0,5.87,3.77,49.02,0,0.0
STU02912,Male,ECE,8.87,91.41,74.55,0,4,3,3,62.22,7.23,7.43,1.38,3.21,4.02,4.68,Yes,4,6.06,4.74,32.17,0,0.0
STU02913,Male,MECH,7.82,62.55,56.47,1,6,0,0,53.06,6.1,5.77,6.15,5.84,2.53,1.72,Yes,2,5.07,7.74,44.0,0,0.0
STU02914,Male,IT,8.17,76.85,65.94,4,1,4,3,44.12,1.77,3.65,6.23,5.82,3.75,5.2,Yes,2,5.21,4.28,48.02,0,0.0
STU02915,Female,ECE,8.14,84.6,59.37,2,1,2,1,87.19,6.3,5.63,6.5,7.39,5.07,4.35,Yes,2,5.65,3.33,53.18,0,0.0
STU02916,Female,IT,6.22,75.98,70.98,2,6,2,2,61.6,7.82,7.37,6.11,5.85,8.51,5.74,Yes,1,5.62,6.61,63.27,1,10.19
STU02917,Male,IT,6.96,54.65,93.29,3,1,2,1,58.11,7.76,8.84,3.73,4.23,6.68,3.92,Yes,2,4.23,10.0,64.92,1,9.61
STU02918,Male,ECE,7.1,89.74,87.91,0,2,0,4,62.01,4.91,4.38,6.67,6.85,8.15,6.13,No,1,5.77,6.79,22.7,0,0.0
STU02919,Male,MECH,6.72,83.89,88.19,0,4,1,0,59.93,3.07,3.76,3.42,4.32,8.59,6.9,Yes,2,5.35,5.02,32.68,0,0.0
STU02920,Male,IT,6.97,90.28,85.35,0,1,2,3,93.8,6.79,5.7,6.5,5.5,4.36,8.04,No,2,6.06,4.83,32.79,0,0.0
STU02921,Male,EEE,7.62,78.93,71.72,2,3,0,1,35.16,5.22,5.82,8.16,7.5,1.39,8.83,No,2,7.0,4.59,39.68,0,0.0
STU02922,Female,ECE,6.71,92.74,98.2,1,4,2,1,41.22,6.47,6.61,6.95,6.72,6.9,3.48,No,0,6.09,4.64,44.74,0,0.0
STU02923,Female,CSE,6.78,81.98,74.13,4,1,0,2,85.68,4.81,2.26,8.43,7.25,5.71,3.27,Yes,1,6.53,4.54,51.68,0,0.0
STU02924,Male,EEE,5.33,64.24,93.13,2,3,1,2,73.34,8.36,6.61,6.39,7.02,4.75,2.11,No,4,9.19,0.85,40.38,0,0.0
STU02925,Male,IT,5.9,72.09,69.38,2,2,1,0,38.69,4.12,2.89,6.08,6.33,2.52,5.66,Yes,1,8.02,7.34,50.48,0,0.0
STU02926,Female,CSE,7.65,84.31,74.0,3,1,3,0,82.27,5.43,4.81,6.13,5.86,5.14,8.64,No,2,4.11,1.68,62.32,1,10.39
STU02927,Female,IT,6.59,73.18,62.96,2,6,3,0,61.74,4.0,3.29,5.07,5.74,10.0,5.45,Yes,2,5.99,8.07,60.9,1,9.33
STU02928,Male,EEE,6.73,94.3,76.13,2,1,0,3,88.56,7.57,5.91,5.16,4.93,5.63,6.26,No,1,7.51,9.25,39.59,0,0.0
STU02929,Female,CSE,6.9,100.0,56.0,0,4,4,0,67.58,6.36,7.81,6.23,6.73,6.3,4.36,No,1,6.62,7.29,64.9,1,9.73
STU02930,Male,CSE,8.92,81.97,82.92,3,3,4,1,86.64,5.55,7.58,4.47,6.44,8.98,5.95,No,1,7.41,3.36,73.38,1,10.73
STU02931,Male,EEE,8.3,74.07,89.28,1,3,3,2,54.52,5.15,7.38,7.71,6.49,8.8,5.24,No,2,6.72,4.06,39.04,0,0.0
STU02932,Female,CSE,6.22,74.27,72.18,1,4,1,0,54.54,5.98,6.32,6.19,5.68,10.0,6.57,No,1,4.32,3.99,55.31,0,0.0
STU02933,Male,IT,6.98,91.95,87.93,1,1,5,0,69.06,9.38,9.2,6.42,6.36,3.63,3.22,Yes,0,6.3,5.39,66.44,1,11.48
STU02934,Female,ECE,7.92,87.69,76.78,3,4,0,1,63.32,9.95,8.94,8.13,7.85,7.41,5.52,No,0,6.64,10.0,65.16,1,9.15
STU02935,Male,MECH,6.01,88.66,76.52,0,2,2,1,58.37,9.49,9.34,7.2,7.3,6.87,4.3,No,1,4.43,10.0,36.55,0,0.0
STU02936,Male,EEE,8.86,63.17,68.52,0,1,3,2,63.12,4.91,4.91,4.29,4.24,4.23,2.1,No,4,5.99,2.74,30.68,0,0.0
STU02937,Male,ECE,7.66,87.15,64.26,1,4,0,0,26.72,6.26,7.51,3.63,4.5,9.14,6.81,No,0,6.83,5.94,46.67,1,6.92
STU02938,Female,CSE,7.5,70.71,88.13,1,2,5,3,62.63,5.97,5.32,5.35,5.07,3.67,5.82,Yes,2,6.85,5.61,49.53,0,0.0
STU02939,Female,IT,7.27,70.35,88.76,1,3,2,0,73.26,6.39,5.51,5.06,5.02,5.05,9.37,No,0,6.98,8.3,55.6,0,0.0
STU02940,Male,CSE,6.7,81.57,65.56,0,1,3,1,64.96,3.5,3.31,7.35,5.84,4.63,6.2,Yes,1,4.9,4.51,49.85,0,0.0
STU02941,Male,CIVIL,9.79,64.09,61.81,2,3,2,0,86.87,5.38,7.21,7.5,7.11,4.96,5.2,No,3,4.69,4.0,44.54,0,0.0
STU02942,Male,EEE,7.39,77.74,72.34,0,2,3,1,72.71,4.75,3.85,5.01,4.03,7.58,5.79,No,0,7.09,4.88,38.36,0,0.0
STU02943,Female,CSE,7.67,86.57,65.15,3,1,1,0,76.1,8.21,7.62,5.87,5.29,3.93,6.53,Yes,4,4.59,6.73,67.32,1,9.99
STU02944,Male,CSE,10.0,68.9,73.59,3,4,2,0,29.63,1.82,1.15,6.82,7.5,5.8,4.27,Yes,2,5.51,7.27,56.78,1,9.32
STU02945,Female,CSE,6.53,83.61,88.39,0,3,3,0,54.22,10.0,8.3,5.98,6.21,5.84,3.77,No,1,7.72,6.53,61.2,1,9.27
STU02946,Male,CSE,8.21,68.75,96.44,3,2,4,0,46.73,6.95,6.57,6.52,5.98,9.71,4.75,No,0,2.7,5.3,64.12,1,9.02
STU02947,Male,CSE,6.6,73.99,67.07,4,5,0,1,52.77,6.28,4.43,2.54,5.27,7.34,5.81,Yes,0,6.05,4.56,69.21,0,0.0
STU02948,Female,CSE,10.0,83.94,80.32,0,5,1,0,98.99,5.41,8.02,6.04,8.23,4.33,0.0,Yes,4,2.47,6.36,72.53,1,10.95
STU02949,Male,IT,7.88,72.35,68.05,4,3,4,0,64.16,3.75,6.47,3.8,4.59,3.59,5.12,No,1,5.97,8.0,63.78,1,10.77
STU02950,Male,IT,7.73,76.63,81.26,0,3,0,1,66.29,7.26,8.22,5.88,5.7,8.17,6.61,Yes,1,8.77,6.89,56.23,1,8.59
STU02951,Male,EEE,7.34,88.67,80.06,2,1,0,0,53.89,5.17,6.23,10.0,8.09,7.08,6.16,Yes,1,6.29,2.13,42.68,0,0.0
STU02952,Female,EEE,7.67,60.35,73.44,2,3,2,0,52.96,4.17,4.42,6.77,7.82,0.16,6.17,Yes,0,4.07,5.65,47.55,0,0.0
STU02953,Female,CSE,6.74,79.09,86.97,0,4,2,2,44.8,6.74,7.4,6.07,5.39,5.71,0.58,No,0,3.14,4.68,49.98,0,0.0
STU02954,Male,ECE,8.87,85.98,77.96,1,4,2,0,67.5,5.24,4.91,7.56,7.52,2.08,3.3,Yes,2,5.88,3.73,59.28,0,0.0
STU02955,Male,MECH,8.46,76.0,59.68,2,2,3,0,47.94,2.2,3.33,4.85,5.74,6.36,6.39,No,0,6.1,9.4,40.88,0,0.0
STU02956,Female,MECH,9.67,79.91,77.96,3,3,2,0,53.0,7.17,7.2,5.27,6.79,8.1,7.61,No,2,7.86,4.61,58.29,1,7.53
STU02957,Female,MECH,7.83,70.25,85.61,2,3,1,2,37.7,6.39,5.16,4.95,4.7,4.22,8.2,No,0,3.76,4.02,28.41,0,0.0
STU02958,Male,CSE,4.98,92.01,85.11,1,2,1,0,58.91,3.75,3.12,4.58,4.77,1.14,8.14,Yes,2,7.05,3.92,44.42,0,0.0
STU02959,Female,CSE,5.88,84.36,95.53,1,1,1,1,64.8,4.87,6.51,4.19,5.04,3.2,1.77,No,1,2.08,5.04,42.19,0,0.0
STU02960,Male,IT,7.36,69.9,81.69,2,1,0,0,94.73,4.6,3.78,5.56,5.3,6.91,5.11,No,0,6.25,4.95,57.4,1,9.42
STU02961,Male,ECE,7.97,70.55,73.28,3,3,0,0,52.87,5.42,4.73,7.08,5.89,3.58,5.84,Yes,0,7.04,0.78,50.11,0,0.0
STU02962,Male,IT,5.62,95.72,93.12,1,2,5,1,50.15,6.93,6.13,5.19,4.7,2.49,3.89,No,3,7.53,4.35,48.65,0,0.0
STU02963,Male,CSE,7.81,90.02,78.29,0,1,2,1,40.57,8.19,7.33,4.04,5.48,4.49,5.64,Yes,3,7.31,1.64,48.04,1,8.93
STU02964,Male,CIVIL,8.11,90.23,77.25,2,3,2,0,98.98,7.29,6.06,4.58,5.05,4.82,5.75,Yes,2,3.69,6.01,49.63,0,0.0
STU02965,Male,CSE,6.81,85.1,93.6,2,2,2,2,73.43,8.88,9.05,6.87,6.01,5.24,6.54,Yes,0,5.18,3.84,65.02,1,10.2
STU02966,Male,ECE,8.64,86.41,79.48,2,3,1,2,79.22,6.29,7.23,4.08,4.9,6.83,4.72,Yes,3,6.46,7.04,47.19,0,0.0
STU02967,Female,ECE,7.02,88.25,87.73,0,3,1,0,57.95,5.47,4.45,6.05,5.39,1.29,3.56,No,0,4.64,7.45,39.46,0,0.0
STU02968,Male,MECH,6.27,82.35,65.37,1,5,3,2,54.73,5.36,5.18,7.36,8.06,3.76,7.13,No,1,5.02,3.96,35.23,0,0.0
STU02969,Male,CSE,7.73,69.69,62.89,2,2,1,0,100.0,5.84,4.23,5.53,5.13,8.25,1.61,Yes,4,6.72,5.66,63.83,0,0.0
STU02970,Male,EEE,6.37,81.27,82.76,0,0,2,1,48.38,5.05,5.22,5.23,6.21,7.04,7.84,Yes,1,7.83,5.25,28.45,0,0.0
STU02971,Female,IT,7.66,48.92,79.7,0,3,1,0,79.97,3.82,5.72,6.99,7.65,4.86,3.32,Yes,0,4.61,7.81,58.22,1,9.6
STU02972,Female,CSE,9.23,59.46,74.73,1,4,0,3,78.79,6.28,7.24,5.92,5.01,1.73,3.57,Yes,0,8.86,6.28,51.65,1,8.72
STU02973,Female,IT,6.14,67.21,68.92,1,4,1,0,32.33,3.83,4.27,3.39,4.55,6.76,3.71,No,0,3.46,4.36,44.08,0,0.0
STU02974,Male,CSE,6.54,66.44,85.02,3,1,1,2,45.12,6.31,4.08,7.02,6.26,5.89,4.9,No,2,7.02,5.22,46.82,0,0.0
STU02975,Male,CSE,7.12,83.01,76.24,0,5,0,1,84.61,6.65,7.08,4.09,5.67,10.0,6.2,No,0,1.85,4.02,49.22,0,0.0
STU02976,Male,EEE,6.88,87.56,75.37,0,2,1,1,40.96,10.0,9.76,9.73,7.58,8.24,5.59,Yes,1,4.24,2.7,48.08,0,0.0
STU02977,Female,IT,9.6,63.07,73.04,1,2,0,0,35.95,7.51,9.07,7.07,5.03,6.25,5.73,No,0,4.59,3.11,52.69,0,0.0
STU02978,Female,MECH,8.12,80.65,81.51,1,2,4,0,78.98,8.68,8.49,7.01,7.56,2.89,4.69,Yes,1,3.18,3.52,55.54,1,8.18
STU02979,Female,ECE,6.13,79.29,64.5,2,3,4,0,54.71,5.89,8.39,5.57,6.22,4.64,5.62,Yes,0,6.75,6.31,57.88,1,8.35
STU02980,Male,ECE,8.51,93.84,80.49,1,5,4,1,52.18,8.75,8.3,6.72,6.22,8.74,1.97,Yes,0,3.2,5.13,56.7,0,0.0
STU02981,Male,EEE,8.48,80.07,84.56,3,2,4,1,63.5,8.78,8.64,7.3,7.5,6.4,6.12,No,2,6.44,3.6,52.2,1,7.65
STU02982,Female,IT,6.4,82.27,65.72,1,3,4,1,45.93,4.54,5.88,7.28,9.4,5.87,9.17,Yes,0,7.54,3.79,53.11,1,10.13
STU02983,Female,MECH,7.48,80.14,76.56,0,4,1,0,88.88,6.77,5.44,5.09,4.47,7.55,6.46,Yes,3,2.33,3.08,40.58,0,0.0
STU02984,Female,MECH,5.71,82.67,84.76,0,3,1,0,44.69,7.02,7.1,4.69,5.93,5.05,3.37,Yes,2,6.24,2.84,38.88,0,0.0
STU02985,Female,ECE,6.48,63.85,79.52,4,1,1,1,54.75,4.27,4.35,6.5,6.79,5.28,0.78,Yes,1,10.0,4.71,42.08,0,0.0
STU02986,Female,EEE,6.85,77.38,71.56,4,0,3,0,71.36,7.76,7.57,6.81,5.37,1.68,4.05,No,1,3.41,5.19,50.59,1,7.56
STU02987,Female,MECH,5.54,70.86,62.28,1,4,5,0,64.98,6.05,6.59,4.57,5.19,3.37,5.16,No,2,6.41,4.39,42.24,0,0.0
STU02988,Female,EEE,8.93,82.5,83.97,1,4,1,0,45.76,5.05,3.66,5.72,7.08,4.11,3.72,Yes,1,6.97,4.5,49.57,0,0.0
STU02989,Female,ECE,7.53,84.22,63.72,0,4,4,0,45.7,5.87,4.4,4.52,4.82,9.09,5.07,No,2,10.0,2.48,46.89,0,0.0
STU02990,Female,CSE,7.13,84.31,74.15,3,2,2,0,56.74,8.75,10.0,8.71,6.66,9.19,4.68,No,3,6.24,5.03,69.39,1,10.54
STU02991,Male,MECH,7.8,80.34,80.71,0,4,2,0,34.67,8.54,8.53,8.02,6.74,4.47,3.69,Yes,0,4.21,0.0,45.78,0,0.0
STU02992,Male,MECH,6.13,76.63,79.3,1,2,1,2,44.24,4.18,3.77,7.29,4.9,10.0,5.14,Yes,1,3.94,5.4,25.74,0,0.0
STU02993,Female,ECE,6.01,100.0,87.99,2,1,3,1,49.65,6.92,6.12,5.34,6.17,2.55,8.29,Yes,3,4.52,7.21,50.81,0,0.0
STU02994,Female,CSE,10.0,82.03,82.23,0,5,5,2,42.01,2.89,2.41,7.33,6.87,4.88,7.71,No,0,9.33,6.67,54.77,1,9.47
STU02995,Male,CSE,6.66,83.45,68.96,0,2,1,2,75.76,6.69,6.93,5.55,6.17,4.56,5.34,Yes,2,7.49,5.86,48.01,1,9.41
STU02996,Male,ECE,8.41,85.7,96.46,2,5,1,0,62.34,5.39,5.87,5.04,6.1,7.49,8.82,No,1,9.76,6.01,58.23,1,8.2
STU02997,Male,CSE,4.6,74.12,69.0,2,6,0,0,40.42,4.84,4.39,5.69,6.05,7.05,2.78,No,2,3.93,3.22,46.46,0,0.0
STU02998,Male,CSE,9.5,82.53,78.0,2,5,4,2,61.15,5.12,3.15,5.12,5.29,6.55,7.05,No,1,3.34,3.03,53.72,1,8.67
STU02999,Male,CSE,8.31,84.9,86.33,2,2,3,1,34.88,5.57,5.44,7.25,5.54,5.93,10.0,Yes,1,6.24,2.93,57.66,1,10.04
STU03000,Male,MECH,6.4,79.61,71.47,1,5,2,0,93.97,9.94,10.0,6.73,6.92,6.77,6.46,Yes,2,3.16,6.6,58.31,0,0.0
STU03001,Female,EEE,6.6,72.9,67.6,1,0,2,0,30.92,4.5,4.72,4.64,4.98,5.22,9.67,Yes,1,3.15,2.56,33.37,0,0.0
STU03002,Male,IT,6.86,76.72,94.64,1,4,2,3,68.08,2.46,0.0,7.48,6.68,7.78,1.56,No,0,6.08,6.06,35.71,0,0.0
STU03003,Female,CSE,6.03,70.35,64.25,3,3,1,2,58.98,7.32,6.69,4.65,4.81,4.16,5.07,Yes,1,5.45,2.86,57.8,0,0.0
STU03004,Male,CSE,4.02,67.16,86.87,1,1,1,0,73.47,4.56,5.46,5.89,5.07,2.37,6.83,Yes,1,7.24,6.67,44.76,0,0.0
STU03005,Male,EEE,5.86,65.67,73.3,2,4,4,1,67.85,5.39,6.55,5.39,5.57,1.86,3.95,No,1,5.64,3.99,45.43,0,0.0
STU03006,Male,CSE,5.49,80.34,74.7,1,1,1,0,42.33,4.74,6.07,7.17,6.29,7.87,4.52,No,0,5.81,8.09,41.45,0,0.0
STU03007,Male,IT,7.95,69.43,73.51,3,1,3,3,54.59,4.3,5.41,7.89,7.09,3.3,5.27,Yes,2,4.4,6.51,53.2,0,0.0
STU03008,Female,CIVIL,7.47,86.44,94.33,0,1,0,2,59.81,3.83,3.94,3.45,5.68,8.32,3.1,Yes,0,3.56,7.02,17.22,0,0.0
STU03009,Female,CSE,6.19,90.18,69.22,1,2,3,0,67.94,4.87,3.66,4.33,4.7,8.5,4.68,Yes,1,7.2,2.83,55.98,0,0.0
STU03010,Male,IT,8.31,87.63,59.17,1,0,5,0,82.35,7.41,6.9,7.99,8.06,6.24,2.65,Yes,2,4.84,2.84,70.24,1,10.46
STU03011,Male,EEE,6.53,64.5,68.28,3,6,2,0,58.69,3.24,2.59,4.63,6.4,2.18,6.82,Yes,1,4.87,4.58,53.4,1,7.42
STU03012,Male,MECH,8.5,88.29,74.25,3,4,0,0,59.47,6.31,6.38,7.7,7.95,6.08,6.48,No,1,7.02,8.23,45.18,1,7.41
STU03013,Male,CSE,7.63,95.84,81.64,0,0,0,3,55.04,3.59,3.04,5.35,7.9,7.54,2.64,Yes,1,8.04,1.9,34.94,0,0.0
STU03014,Female,IT,7.46,72.77,89.17,3,4,2,0,79.23,6.88,7.51,8.96,7.93,8.12,6.75,No,2,4.49,0.0,75.06,1,11.39
STU03015,Male,CSE,8.86,80.07,69.67,1,0,1,2,74.61,3.62,5.68,2.6,3.45,10.0,5.22,Yes,0,4.31,5.67,44.84,0,0.0
STU03016,Female,ECE,7.67,97.32,64.99,2,2,0,1,39.36,6.95,6.35,6.5,6.63,4.16,1.0,Yes,3,4.38,5.57,49.07,1,6.11
STU03017,Male,CIVIL,7.01,59.81,77.11,1,2,5,1,61.91,4.17,2.96,6.4,5.53,5.06,8.91,No,1,3.26,3.23,31.4,1,5.16
STU03018,Male,IT,6.43,73.59,82.1,0,5,2,0,99.45,5.38,5.68,10.0,6.88,4.18,7.81,No,2,4.72,7.23,65.03,1,10.27
STU03019,Male,ECE,7.83,85.01,78.67,3,1,3,3,73.12,6.78,8.2,4.98,5.76,8.18,3.28,No,0,7.99,4.69,46.99,0,0.0
STU03020,Male,IT,7.6,75.24,66.9,1,2,1,4,32.88,7.11,5.68,7.98,7.78,6.36,4.1,No,0,5.76,8.25,40.22,0,0.0
STU03021,Male,ECE,10.0,89.16,69.51,3,2,3,0,71.79,7.66,8.43,9.72,8.66,7.75,7.48,No,3,4.28,3.47,71.93,0,0.0
STU03022,Male,CSE,7.87,89.62,75.63,4,2,0,0,60.32,7.89,7.67,8.14,7.19,4.3,4.16,No,1,0.4,10.0,64.3,1,10.63
STU03023,Male,CSE,6.23,85.72,70.25,2,4,1,0,63.45,5.21,4.14,8.72,5.93,6.01,8.0,No,0,4.05,5.06,62.93,1,10.34
STU03024,Female,CSE,7.1,83.72,72.24,0,4,1,1,55.84,4.02,3.15,5.97,6.02,4.97,6.12,Yes,1,9.74,8.17,43.12,0,0.0
STU03025,Male,ECE,7.71,70.57,82.09,0,6,0,0,73.53,5.56,4.55,6.48,5.84,5.86,3.66,Yes,0,7.78,1.83,57.3,0,0.0
STU03026,Male,CSE,8.04,83.77,57.79,0,3,3,1,68.56,7.99,9.76,6.27,7.62,4.88,2.84,Yes,3,3.72,4.0,64.3,1,11.28
STU03027,Male,CSE,6.81,77.22,71.59,3,4,3,3,46.88,1.4,0.08,5.38,5.91,5.9,6.66,Yes,0,2.54,8.51,54.87,1,9.28
STU03028,Female,ECE,7.09,70.98,52.16,1,5,3,0,55.59,5.73,3.57,6.43,6.02,4.52,5.15,No,1,8.31,5.37,56.76,1,9.65
STU03029,Female,ECE,5.7,82.04,61.74,2,5,2,0,57.63,5.36,5.31,8.05,7.39,3.2,6.09,Yes,1,5.42,6.86,55.02,1,8.1
STU03030,Female,ECE,9.3,67.17,79.13,0,3,4,0,62.79,4.24,4.23,6.0,6.39,3.5,7.58,No,0,6.39,5.1,49.57,0,0.0
STU03031,Male,CSE,6.69,70.53,80.69,4,3,2,0,84.54,9.19,10.0,4.34,4.82,10.0,5.92,No,2,3.49,6.66,73.89,1,11.9
STU03032,Male,ECE,6.73,78.23,71.31,1,2,2,0,86.03,8.8,7.52,4.35,6.68,4.73,3.83,Yes,1,8.31,8.32,49.87,0,0.0
STU03033,Female,CIVIL,6.82,82.01,61.75,0,1,3,2,50.66,5.76,6.7,2.15,4.31,7.17,2.98,No,1,6.67,3.8,25.84,0,0.0
STU03034,Male,CSE,7.76,87.05,72.0,2,3,2,0,64.6,5.48,5.86,5.36,4.37,6.96,8.72,No,0,7.54,6.05,64.83,1,9.81
STU03035,Female,IT,7.75,78.51,79.73,0,2,2,0,82.68,5.92,4.28,8.55,5.91,2.09,4.3,No,0,2.03,5.75,58.05,1,8.84
STU03036,Female,IT,6.17,100.0,76.47,3,5,1,0,56.57,6.09,7.46,4.3,4.96,9.43,1.63,No,1,5.57,8.03,56.51,1,9.13
STU03037,Male,CSE,8.19,98.32,91.95,0,4,2,0,65.11,6.58,4.84,6.12,6.55,7.49,6.38,Yes,0,4.85,3.05,61.33,1,10.2
STU03038,Female,CSE,5.95,81.71,100.0,3,0,0,0,84.78,6.31,5.62,6.9,5.28,4.52,8.02,No,2,7.55,4.27,52.34,1,9.04
STU03039,Male,ECE,7.82,67.82,83.78,1,2,3,1,87.03,4.68,5.61,6.76,6.29,6.78,3.9,No,0,5.98,0.0,44.56,0,0.0
STU03040,Female,ECE,6.46,84.95,74.46,2,5,2,0,84.19,6.64,9.53,8.4,7.15,5.99,5.05,Yes,0,8.06,6.65,68.44,1,9.43
STU03041,Female,CSE,8.82,85.08,79.05,0,5,1,0,51.7,5.04,5.66,7.3,4.55,3.89,1.5,No,0,4.6,5.43,63.01,0,0.0
STU03042,Female,CIVIL,6.63,94.86,82.1,0,0,2,0,41.88,6.6,7.64,8.2,7.58,6.18,4.76,Yes,3,7.91,6.63,41.54,0,0.0
STU03043,Male,MECH,7.57,74.02,76.34,0,3,1,3,69.06,6.57,4.25,2.0,3.64,8.21,10.0,No,2,2.22,3.66,30.96,0,0.0
STU03044,Female,CIVIL,7.2,76.38,84.33,1,0,3,0,37.89,6.53,7.99,9.66,7.69,7.38,0.83,Yes,0,2.87,5.74,40.53,0,0.0
STU03045,Male,ECE,8.97,75.14,92.2,2,1,1,0,45.59,8.13,7.22,5.09,5.79,3.93,8.1,No,0,9.02,3.06,50.99,0,0.0
STU03046,Female,CIVIL,9.43,85.7,75.09,3,3,0,3,66.39,6.61,5.84,6.79,6.21,4.63,4.28,Yes,1,6.5,6.55,34.87,0,0.0
STU03047,Female,ECE,5.48,87.71,74.25,0,5,1,2,80.47,6.32,7.23,4.48,5.58,6.67,9.08,Yes,0,6.76,6.75,40.89,0,0.0
STU03048,Female,CSE,8.1,86.97,95.16,1,0,2,0,54.69,5.42,4.47,6.33,6.24,6.03,6.01,No,0,4.99,4.0,53.53,1,8.06
STU03049,Female,MECH,5.52,82.41,76.99,1,1,3,0,70.31,5.84,5.12,4.52,5.96,7.66,9.23,Yes,1,5.27,3.4,38.26,0,0.0
STU03050,Female,MECH,7.72,92.29,78.14,1,3,2,1,81.78,7.18,8.26,6.67,6.64,5.92,6.84,No,2,7.08,7.23,42.54,0,0.0
STU03051,Male,CSE,8.27,68.66,72.02,0,0,2,0,42.81,4.62,4.44,8.57,7.63,5.2,3.48,Yes,3,9.41,4.35,54.84,0,0.0
STU03052,Male,MECH,8.17,91.11,88.76,2,2,1,3,49.18,5.66,6.55,5.55,6.0,4.37,6.99,Yes,2,3.95,3.48,30.72,0,0.0
STU03053,Female,MECH,8.11,72.93,73.01,2,2,2,0,65.0,2.98,4.3,6.57,5.86,5.71,5.58,Yes,0,8.0,8.6,47.71,0,0.0
STU03054,Male,EEE,7.48,69.45,67.64,2,4,1,0,55.62,7.91,7.48,5.66,6.9,2.37,3.65,No,4,0.99,0.0,50.22,0,0.0
STU03055,Male,IT,6.7,57.79,73.96,2,3,3,0,65.54,6.53,8.95,3.22,3.74,4.87,8.53,Yes,1,6.59,7.08,60.99,0,0.0
STU03056,Female,CSE,6.44,91.54,91.65,2,3,0,1,55.1,5.64,5.01,4.8,6.27,5.05,0.86,Yes,4,9.91,6.5,45.07,0,0.0
STU03057,Male,IT,8.14,92.79,75.56,0,0,0,0,48.95,5.04,6.44,4.7,5.61,5.52,6.67,Yes,1,4.59,3.8,39.39,0,0.0
STU03058,Male,ECE,7.76,75.84,64.89,0,5,2,0,21.53,5.9,4.96,3.25,5.17,3.76,8.64,Yes,0,5.6,5.03,47.48,0,0.0
STU03059,Male,CSE,6.27,93.97,69.13,0,0,4,4,79.98,7.22,6.49,6.19,6.19,6.57,4.11,Yes,0,7.6,4.93,37.48,0,0.0
STU03060,Female,MECH,5.58,85.03,86.22,1,1,4,1,79.87,7.29,6.56,3.1,2.91,6.69,6.84,No,3,4.19,2.52,40.24,0,0.0
STU03061,Female,ECE,8.53,71.01,63.38,2,4,1,2,39.12,7.15,7.88,2.76,4.1,6.11,7.44,No,0,5.38,5.61,40.25,1,6.26
STU03062,Male,CSE,6.06,73.9,81.17,0,3,2,0,67.41,5.87,6.84,6.42,5.61,4.62,7.56,Yes,2,7.11,3.25,56.52,0,0.0
STU03063,Female,CSE,5.39,86.49,61.36,0,1,2,1,53.81,5.83,4.41,6.06,6.91,1.55,5.04,Yes,4,6.79,5.13,40.4,0,0.0
STU03064,Male,EEE,8.82,74.12,66.48,1,2,1,0,35.36,7.33,7.9,7.01,7.44,2.94,2.56,Yes,2,6.21,0.05,52.65,1,7.95
STU03065,Female,IT,10.0,93.88,59.97,0,1,5,0,44.03,10.0,10.0,5.18,5.66,7.16,6.96,No,0,7.96,5.56,62.43,1,9.6
STU03066,Female,CSE,8.06,60.76,66.29,4,1,1,0,59.98,3.9,3.89,6.64,8.16,7.87,2.57,Yes,3,5.23,3.44,55.66,0,0.0
STU03067,Male,CSE,7.21,83.65,64.26,2,5,1,2,86.07,6.38,6.29,4.75,5.69,4.45,4.94,No,1,6.9,8.48,59.69,1,9.8
STU03068,Female,ECE,6.25,78.59,68.44,0,3,3,0,14.78,4.92,5.6,8.66,7.45,7.31,6.38,Yes,0,4.24,4.1,44.76,0,0.0
STU03069,Male,CSE,6.11,83.53,70.66,0,1,0,0,61.54,5.26,5.5,8.56,7.89,4.76,3.61,Yes,1,3.52,5.13,53.71,0,0.0
STU03070,Female,CSE,6.77,64.55,54.14,1,2,2,0,60.08,8.82,7.52,5.57,4.37,5.59,0.78,Yes,1,3.43,3.35,58.09,0,0.0
STU03071,Female,MECH,8.23,77.17,86.17,1,6,1,0,51.06,5.46,5.11,5.74,6.71,8.53,6.45,Yes,4,5.82,5.99,47.27,1,7.61
STU03072,Male,CSE,5.78,79.72,72.38,2,3,2,1,81.42,6.72,6.54,3.48,3.49,7.52,8.08,No,3,4.5,4.31,54.55,0,0.0
STU03073,Female,ECE,6.32,77.77,76.38,1,3,2,0,83.35,8.1,6.29,5.35,4.77,6.91,3.0,Yes,3,8.3,2.09,52.61,1,7.22
STU03074,Male,IT,9.03,66.89,76.73,3,3,1,1,48.34,6.15,7.46,7.19,5.62,5.97,6.81,Yes,0,3.89,3.37,64.18,1,9.73
STU03075,Male,MECH,6.62,71.72,70.82,0,1,3,3,73.58,6.8,5.97,7.84,7.65,7.35,5.67,No,1,5.19,2.53,23.32,0,0.0
STU03076,Male,CSE,7.35,73.02,91.43,0,6,2,1,92.72,8.63,10.0,6.45,6.73,8.98,4.81,Yes,0,4.95,4.91,65.69,1,9.1
STU03077,Male,ECE,6.87,82.32,74.92,0,2,4,0,72.81,7.68,9.53,8.35,7.09,7.03,5.92,Yes,0,6.26,1.96,60.08,1,8.77
STU03078,Male,ECE,7.48,84.94,85.7,3,0,4,0,58.23,4.54,4.36,6.38,7.03,5.79,5.42,No,4,5.1,5.69,53.14,0,0.0
STU03079,Female,MECH,6.49,74.77,69.91,2,4,2,0,81.19,3.76,2.72,7.9,6.59,1.15,7.64,Yes,4,5.19,7.58,43.38,0,0.0
STU03080,Male,ECE,7.89,63.32,61.4,1,5,3,0,76.57,6.32,7.06,3.76,4.87,6.29,5.43,Yes,1,6.1,0.93,60.66,1,9.34
STU03081,Male,ECE,8.03,58.23,82.87,0,2,2,0,55.27,7.53,9.08,4.74,6.81,5.35,3.26,Yes,0,4.16,2.94,54.22,0,0.0
STU03082,Male,EEE,10.0,75.67,62.95,1,1,0,4,73.44,8.73,7.96,3.22,5.61,6.74,5.64,No,1,3.12,1.75,35.49,0,0.0
STU03083,Male,ECE,9.26,82.1,68.07,0,6,0,0,41.51,7.01,4.46,7.68,6.51,4.53,2.64,Yes,0,5.85,4.79,55.95,1,8.07
STU03084,Female,ECE,9.26,66.23,86.75,0,3,1,1,53.38,7.52,9.68,6.13,7.08,2.76,6.96,Yes,2,4.36,1.71,51.05,1,7.35
STU03085,Female,MECH,6.07,89.81,59.42,0,6,3,0,34.98,5.6,6.12,5.56,4.13,5.08,1.65,Yes,3,5.51,2.12,41.89,0,0.0
STU03086,Male,IT,8.69,72.0,73.65,2,4,1,0,96.09,8.6,5.87,6.52,5.12,5.08,5.39,No,1,6.48,2.7,68.86,1,11.15
STU03087,Female,MECH,7.86,78.96,80.29,0,1,5,0,60.29,5.27,5.83,6.71,4.86,5.05,5.05,Yes,3,8.25,4.34,41.56,0,0.0
STU03088,Female,CSE,4.9,75.63,75.5,0,3,1,2,32.11,5.82,4.31,8.37,7.93,5.61,4.45,No,2,4.15,3.13,32.15,0,0.0
STU03089,Female,CIVIL,7.11,69.06,50.04,3,4,3,0,34.35,8.8,10.0,9.2,7.32,6.5,3.3,No,2,4.28,6.75,49.35,0,0.0
STU03090,Male,IT,7.4,87.9,79.79,0,2,1,0,65.76,4.73,4.02,6.42,6.59,4.21,5.71,Yes,3,4.47,5.2,46.13,0,0.0
STU03091,Male,ECE,10.0,82.53,88.1,3,2,2,1,100.0,8.59,8.01,10.0,7.95,8.58,6.38,Yes,3,6.05,4.82,71.53,1,10.02
STU03092,Female,CSE,5.64,75.26,75.09,1,4,4,0,64.2,4.59,7.48,7.77,6.63,5.21,2.52,Yes,1,5.97,5.48,57.87,0,0.0
STU03093,Female,CSE,6.18,78.22,63.68,0,2,2,1,82.22,3.85,2.79,5.87,5.81,4.49,7.94,Yes,4,4.41,2.58,43.04,0,0.0
STU03094,Female,IT,6.24,76.59,70.18,3,3,3,0,77.23,5.49,4.71,8.58,7.07,5.06,5.93,No,2,6.89,5.34,66.91,1,10.56
STU03095,Female,CSE,6.27,68.48,70.08,0,2,1,0,52.41,3.57,4.22,3.2,4.29,6.95,7.49,Yes,3,4.47,10.0,37.35,0,0.0
STU03096,Male,CSE,8.06,66.97,75.16,1,0,4,3,45.85,5.17,6.05,6.61,5.52,3.55,3.57,No,2,1.92,5.69,48.34,0,0.0
STU03097,Female,IT,7.55,76.53,63.26,1,5,2,0,59.98,6.7,6.92,7.32,6.56,5.69,5.03,Yes,3,4.75,6.31,68.8,1,9.91
STU03098,Female,CIVIL,7.11,80.09,62.0,0,1,0,2,26.64,6.94,4.41,6.48,5.48,5.42,4.64,No,1,6.02,5.55,24.77,0,0.0
STU03099,Male,CSE,5.71,68.32,73.52,4,3,4,0,72.25,6.26,6.32,6.7,6.02,4.73,6.06,No,2,5.15,5.28,65.32,1,10.55
STU03100,Male,CSE,6.98,89.24,70.59,1,1,5,0,59.11,8.52,10.0,7.75,6.54,6.53,3.97,Yes,0,5.79,6.19,61.14,1,10.16
STU03101,Male,EEE,5.93,66.54,84.56,0,4,0,1,50.02,4.19,4.37,4.14,5.43,4.98,2.01,No,3,6.04,5.64,22.07,0,0.0
STU03102,Female,CSE,7.14,95.23,99.82,0,1,3,0,46.61,5.1,7.97,7.82,6.7,5.43,1.11,Yes,1,5.38,5.52,60.13,1,9.04
STU03103,Male,CSE,7.5,83.49,81.75,2,2,2,0,56.74,4.6,4.9,8.34,7.49,6.1,0.56,No,0,7.16,7.12,59.0,1,10.44
STU03104,Female,ECE,5.19,66.29,57.61,0,3,3,0,34.86,3.99,2.35,8.19,7.66,5.86,3.88,No,0,5.14,9.41,34.55,0,0.0
STU03105,Male,CSE,7.68,77.3,91.28,0,4,0,1,72.5,5.89,7.38,5.71,4.7,6.59,6.73,No,2,5.01,5.6,52.09,0,0.0
STU03106,Female,IT,7.68,75.2,75.93,0,4,2,0,54.72,4.9,4.38,5.09,6.13,7.59,6.6,Yes,0,5.91,2.09,55.8,1,9.74
STU03107,Male,CSE,9.03,87.21,70.4,1,0,2,0,39.24,3.87,2.43,6.48,4.79,10.0,4.17,No,0,1.69,8.1,47.23,0,0.0
STU03108,Female,ECE,7.64,91.01,76.87,4,1,3,0,91.78,6.68,5.91,4.87,5.16,5.25,7.15,Yes,3,6.38,5.52,61.1,1,8.74
STU03109,Female,ECE,6.57,79.63,56.33,1,6,1,1,50.9,5.79,4.43,8.81,7.62,5.52,4.71,No,1,5.81,5.56,48.81,0,0.0
STU03110,Male,ECE,6.25,92.37,71.8,2,3,3,2,59.34,8.11,6.92,3.77,4.18,5.6,2.47,No,0,9.53,3.41,44.95,0,0.0
STU03111,Male,ECE,8.08,78.09,82.21,2,3,1,1,53.98,7.0,5.61,4.63,5.71,3.37,2.56,Yes,1,2.57,6.28,53.83,1,8.39
STU03112,Male,CSE,6.5,97.07,84.02,0,2,1,2,61.47,6.82,8.5,4.48,4.74,6.66,4.54,No,1,6.85,4.22,39.07,0,0.0
STU03113,Female,ECE,7.13,62.95,70.2,1,0,4,0,53.44,4.55,6.31,6.12,6.44,5.24,6.79,Yes,1,5.34,5.23,48.83,0,0.0
STU03114,Male,ECE,8.17,73.06,62.28,0,3,1,0,79.79,6.33,5.77,3.56,4.33,5.55,5.06,Yes,0,8.47,5.11,52.7,0,0.0
STU03115,Male,CSE,7.84,76.79,81.6,2,4,4,0,70.55,8.62,10.0,6.71,6.09,5.11,0.76,Yes,4,5.54,3.58,75.33,1,11.64
STU03116,Female,CSE,7.19,90.01,69.15,1,4,4,3,44.8,6.66,6.62,4.55,4.42,7.31,7.66,Yes,1,3.62,6.93,50.25,0,0.0
STU03117,Male,CSE,6.06,68.32,81.11,2,3,2,3,88.69,5.05,5.75,3.34,4.19,3.77,7.74,No,0,6.2,5.92,43.84,0,0.0
STU03118,Male,ECE,5.59,76.53,79.6,0,1,3,0,53.5,7.5,8.93,5.33,5.35,8.21,9.18,No,1,6.53,5.57,45.12,0,0.0
STU03119,Male,CSE,7.45,75.51,82.88,1,2,0,3,55.58,4.63,5.5,5.32,5.9,1.82,5.36,No,1,5.78,6.75,42.36,0,0.0
STU03120,Male,CSE,7.24,73.32,90.35,0,0,3,0,52.11,4.47,4.01,7.44,7.59,6.05,4.78,No,4,6.57,4.67,44.32,0,0.0
STU03121,Male,IT,6.7,82.17,81.69,0,5,1,3,57.23,5.6,6.79,6.56,6.81,10.0,0.63,Yes,3,3.65,2.87,41.34,0,0.0
STU03122,Male,IT,8.77,81.69,72.07,1,2,0,0,75.55,5.9,6.41,5.69,5.73,8.97,3.78,Yes,1,6.04,5.73,53.57,0,0.0
STU03123,Male,ECE,5.81,72.75,64.97,0,0,1,1,100.0,4.02,4.15,3.88,6.44,7.24,5.69,Yes,1,6.13,5.32,31.76,0,0.0
STU03124,Male,IT,7.14,61.59,77.9,2,3,5,0,67.94,10.0,10.0,8.48,8.01,6.1,8.54,No,0,6.71,4.26,71.63,1,10.81
STU03125,Male,CSE,5.67,83.85,72.47,0,0,4,0,77.83,6.5,7.4,7.3,8.22,5.04,3.35,No,0,5.87,2.81,51.14,0,0.0
STU03126,Male,EEE,6.69,73.64,90.95,2,4,3,0,44.6,8.05,9.42,6.01,5.46,4.82,4.99,Yes,0,3.39,5.94,54.95,1,8.05
STU03127,Male,IT,6.49,89.78,93.68,0,1,5,1,62.76,6.73,4.96,6.72,6.15,8.49,4.5,No,4,4.02,1.91,47.18,0,0.0
STU03128,Female,EEE,6.6,58.97,58.75,2,3,1,3,61.58,3.36,2.84,7.72,6.77,7.53,7.32,Yes,3,7.23,5.55,31.3,0,0.0
STU03129,Male,CSE,6.39,71.94,78.44,1,2,4,0,58.28,6.53,8.63,4.53,5.71,6.9,5.61,Yes,1,5.43,0.89,57.3,0,0.0
STU03130,Male,EEE,6.13,79.97,74.28,4,6,5,1,77.68,7.8,8.32,8.41,5.75,7.91,4.55,Yes,3,3.42,7.16,61.55,1,7.34
STU03131,Male,CSE,7.51,68.52,92.59,3,4,1,1,64.52,4.77,3.9,6.72,6.14,9.85,8.92,Yes,0,5.21,7.41,60.8,1,9.84
STU03132,Male,EEE,8.47,84.51,68.48,0,1,1,0,82.98,5.44,5.07,6.61,5.42,8.85,5.73,Yes,1,6.04,7.44,53.42,0,0.0
STU03133,Female,CSE,6.55,65.29,78.71,1,4,3,0,97.0,5.42,4.65,6.48,7.26,5.08,4.56,No,1,7.03,2.52,62.33,1,10.47
STU03134,Female,IT,8.21,79.75,87.25,2,5,2,0,49.03,5.81,6.85,7.28,5.68,7.7,2.43,No,0,5.64,6.5,57.22,1,8.51
STU03135,Female,CIVIL,6.47,87.12,61.48,2,2,5,0,47.21,6.74,8.41,6.34,4.76,5.78,8.17,No,4,6.14,0.77,37.23,0,0.0
STU03136,Female,EEE,8.18,75.94,100.0,2,6,0,1,99.92,7.93,7.63,5.28,6.48,3.5,3.99,Yes,1,5.82,5.94,57.88,1,6.84
STU03137,Female,ECE,7.7,53.9,79.37,3,4,5,0,63.93,5.41,2.62,6.73,6.87,4.28,7.77,Yes,0,2.55,3.43,66.51,1,8.74
STU03138,Female,EEE,7.11,80.18,64.28,0,4,5,0,77.56,5.16,1.86,8.11,7.51,2.57,1.75,Yes,1,6.69,2.55,48.66,0,0.0
STU03139,Female,CSE,9.47,81.48,72.7,2,4,5,0,73.81,6.47,6.44,6.47,6.19,4.34,7.3,Yes,0,5.15,2.67,76.5,1,11.51
STU03140,Female,CSE,8.87,75.51,86.13,2,1,0,0,62.76,5.06,4.87,3.53,4.52,2.79,4.99,Yes,4,7.17,9.55,54.8,0,0.0
STU03141,Female,IT,7.28,70.48,76.69,1,2,1,0,97.9,5.13,6.07,7.98,7.67,6.32,2.56,Yes,0,4.33,2.32,60.27,1,10.03
STU03142,Male,CSE,6.96,72.57,82.59,1,1,3,1,85.68,6.72,6.86,8.91,6.79,7.23,5.28,Yes,2,1.62,10.0,61.11,1,10.04
STU03143,Female,CSE,6.29,79.46,66.54,0,6,1,1,100.0,8.6,10.0,4.03,3.72,6.1,4.33,Yes,4,8.83,8.4,62.21,0,0.0
STU03144,Female,ECE,6.17,72.38,80.07,0,4,0,0,65.8,4.38,6.4,4.63,4.85,5.62,5.81,Yes,0,5.93,1.32,45.56,0,0.0
STU03145,Male,ECE,8.43,72.19,80.64,1,6,2,0,69.85,7.05,8.34,3.67,5.7,5.03,3.48,No,1,6.98,4.64,57.16,1,7.68
STU03146,Female,EEE,6.98,84.47,81.48,0,6,5,0,62.54,6.23,6.53,5.71,4.29,7.09,5.25,No,3,2.63,1.52,55.07,0,0.0
STU03147,Female,IT,7.49,78.6,91.48,3,5,0,0,79.25,5.56,3.96,7.71,6.31,5.27,7.58,No,3,4.07,6.12,64.28,1,10.28
STU03148,Male,IT,7.0,62.65,74.59,4,6,0,2,64.37,9.55,9.78,5.47,5.99,4.1,7.12,No,1,7.3,8.45,55.18,1,8.55
STU03149,Female,EEE,6.99,64.19,82.01,2,0,4,0,84.79,2.92,2.43,5.91,6.21,7.38,4.39,Yes,3,4.41,5.53,42.67,0,0.0
STU03150,Female,IT,6.92,78.51,83.11,1,5,3,2,72.07,8.43,9.14,9.32,6.58,3.51,3.94,No,1,3.58,6.71,62.48,1,10.51
STU03151,Female,CSE,7.45,86.12,81.68,1,4,5,3,67.52,4.34,4.34,7.24,7.18,9.27,6.02,Yes,3,5.33,8.05,50.11,0,0.0
STU03152,Female,IT,6.71,100.0,69.53,1,3,5,2,89.22,3.17,3.19,5.43,6.27,4.53,4.6,No,2,5.44,2.28,46.32,1,8.33
STU03153,Female,MECH,8.08,67.65,73.04,3,0,2,0,44.15,4.09,5.02,7.02,5.68,8.34,6.6,Yes,0,5.04,5.76,41.3,0,0.0
STU03154,Female,ECE,4.49,79.56,55.67,1,6,1,0,55.47,4.24,6.58,7.24,7.32,5.8,8.02,Yes,2,3.87,5.22,49.71,0,0.0
STU03155,Female,CIVIL,7.13,68.27,73.37,1,1,0,0,61.14,6.63,7.34,5.07,5.66,7.5,2.78,Yes,1,6.45,3.95,34.37,0,0.0
STU03156,Male,CSE,8.6,82.51,68.45,2,1,3,0,93.87,8.62,10.0,8.94,6.16,6.72,5.7,Yes,1,6.0,3.74,75.35,1,11.13
STU03157,Female,ECE,8.07,74.48,69.23,1,5,3,0,44.34,6.15,5.52,5.06,5.33,7.16,5.39,No,3,6.03,4.59,55.45,0,0.0
STU03158,Female,IT,6.73,89.66,77.0,0,2,2,2,59.55,6.06,7.38,8.1,7.23,10.0,1.97,Yes,4,8.48,6.12,49.67,0,0.0
STU03159,Female,CSE,5.85,62.87,66.67,1,3,2,0,75.09,4.37,5.3,4.38,4.54,2.06,6.47,Yes,4,1.97,9.01,54.19,1,9.17
STU03160,Female,IT,7.35,91.17,86.95,0,2,3,0,13.75,1.21,1.66,3.64,3.98,5.9,1.66,No,2,3.08,7.15,31.01,0,0.0
STU03161,Male,ECE,7.58,77.39,78.21,1,3,3,0,71.26,3.9,4.0,4.97,5.96,5.05,6.44,Yes,3,1.49,3.01,47.28,0,0.0
STU03162,Male,ECE,5.86,66.75,73.17,2,5,3,0,63.43,6.57,7.46,7.63,7.56,8.51,3.5,No,0,3.78,3.92,57.31,1,9.45
STU03163,Male,EEE,8.39,78.26,58.86,0,5,2,0,96.16,1.74,2.18,6.48,6.52,4.27,5.01,No,2,3.53,8.77,43.4,1,6.02
STU03164,Female,IT,7.33,75.69,75.45,4,3,1,1,50.14,4.54,4.15,4.35,5.0,7.27,7.22,No,0,3.61,3.62,55.57,1,8.75
STU03165,Female,MECH,7.15,66.16,86.72,0,4,0,0,59.31,4.5,7.07,3.5,3.73,4.98,5.21,No,3,5.68,7.11,37.14,0,0.0
STU03166,Female,IT,6.85,78.79,79.44,1,3,1,1,67.61,7.21,6.37,4.46,4.52,4.45,5.99,No,4,6.4,4.51,44.35,0,0.0
STU03167,Female,EEE,7.69,61.0,74.6,2,2,1,1,38.32,6.44,5.11,7.66,6.72,9.03,8.63,Yes,2,8.29,1.59,47.53,0,0.0
STU03168,Male,MECH,5.53,81.5,69.68,0,3,0,2,57.5,4.98,6.56,2.86,5.72,4.24,3.72,No,1,3.08,3.78,25.77,0,0.0
STU03169,Female,ECE,8.05,86.69,65.27,0,2,2,0,74.23,9.02,9.57,6.74,5.91,6.85,7.01,No,2,7.4,4.86,52.4,0,0.0
STU03170,Male,ECE,8.22,65.42,84.24,1,3,3,2,53.86,2.77,4.31,8.17,7.24,4.63,4.35,No,1,4.51,0.99,40.43,0,0.0
STU03171,Male,CIVIL,8.61,72.56,93.21,1,3,3,0,38.27,5.46,5.09,4.88,5.16,4.44,2.85,No,1,8.73,7.28,44.48,0,0.0
STU03172,Female,IT,8.13,89.54,68.35,0,1,2,1,61.85,7.85,8.57,6.28,6.01,6.48,1.56,No,2,3.84,1.9,51.69,0,0.0
STU03173,Female,ECE,5.52,72.75,57.55,2,2,3,0,48.63,5.0,4.79,7.81,5.64,6.12,5.58,Yes,4,3.72,2.4,50.29,0,0.0
STU03174,Male,CSE,6.59,65.96,71.36,3,3,0,3,86.15,5.2,4.08,6.52,6.3,7.9,7.78,No,1,5.61,6.47,54.52,1,9.61
STU03175,Male,MECH,8.96,63.61,69.45,1,4,1,2,72.54,7.29,6.61,2.23,2.7,3.02,3.7,Yes,1,5.41,3.86,38.43,0,0.0
STU03176,Male,CSE,8.22,74.84,80.11,0,6,2,0,63.02,7.41,8.49,5.06,5.19,1.79,5.25,Yes,2,9.98,5.39,56.8,0,0.0
STU03177,Male,ECE,5.8,73.64,70.4,3,4,4,0,52.61,6.7,6.11,6.02,5.94,4.66,6.12,Yes,1,6.06,6.38,65.15,1,8.78
STU03178,Female,EEE,6.55,72.11,90.69,3,1,1,0,100.0,4.65,4.58,5.94,5.84,2.37,9.23,Yes,2,4.46,6.39,51.05,1,7.67
STU03179,Male,CIVIL,7.0,79.27,74.38,1,4,1,0,71.83,6.32,5.52,6.93,6.76,8.94,5.47,Yes,2,2.92,7.47,49.69,0,0.0
STU03180,Male,IT,6.84,77.5,88.19,3,2,2,0,89.53,9.33,10.0,10.0,8.7,5.29,3.97,Yes,1,2.54,6.82,74.62,1,11.41
STU03181,Male,CSE,6.61,84.78,96.3,1,4,3,3,78.37,9.14,8.45,5.29,5.42,5.43,6.6,Yes,0,5.38,2.3,56.58,0,0.0
STU03182,Male,MECH,8.05,81.18,76.3,0,3,3,1,78.24,6.3,7.06,6.62,3.69,4.62,4.65,No,0,5.16,3.87,39.89,0,0.0
STU03183,Male,MECH,8.04,92.18,65.59,1,4,1,0,26.88,5.24,6.81,7.01,6.69,6.27,7.78,Yes,3,3.92,3.2,45.43,0,0.0
STU03184,Male,ECE,7.7,72.96,66.97,0,4,2,0,58.04,5.27,5.1,5.99,6.25,8.26,2.66,Yes,4,6.05,10.0,45.96,0,0.0
STU03185,Male,EEE,7.87,87.11,58.45,4,5,4,0,66.72,8.44,6.63,5.81,6.0,6.72,3.13,Yes,4,6.25,6.08,66.89,1,8.91
STU03186,Male,IT,6.59,64.18,76.32,3,5,1,1,32.02,6.01,5.74,6.77,5.19,8.0,5.92,No,1,7.54,3.69,60.6,1,8.63
STU03187,Male,EEE,6.78,67.66,99.13,0,2,2,0,56.21,5.81,6.29,7.87,6.0,5.54,6.88,Yes,1,3.53,4.83,40.34,0,0.0
STU03188,Female,CSE,6.63,87.29,94.84,0,2,1,0,96.91,6.14,6.94,6.53,5.87,7.58,6.17,No,2,6.08,4.74,50.71,0,0.0
STU03189,Male,IT,6.87,78.9,79.72,1,6,4,0,68.26,5.8,5.33,6.68,6.36,2.15,2.82,No,4,7.85,5.85,59.61,1,10.19
STU03190,Female,IT,6.63,61.1,66.35,4,2,3,1,62.03,3.41,3.66,5.46,4.88,5.62,6.52,No,1,6.59,6.31,57.93,1,10.18
STU03191,Female,EEE,8.8,73.65,93.58,1,0,0,0,61.91,3.92,3.1,4.55,6.5,9.06,10.0,No,1,5.38,2.06,34.7,0,0.0
STU03192,Female,CIVIL,8.37,69.47,75.37,0,5,5,2,28.55,6.71,6.23,7.1,6.4,4.32,4.42,No,0,1.55,6.69,37.12,0,0.0
STU03193,Female,CSE,8.11,63.01,73.02,0,5,0,2,59.7,6.39,5.94,6.81,6.44,5.07,2.86,Yes,1,6.23,5.03,48.08,0,0.0
STU03194,Female,CSE,7.3,70.31,68.61,3,3,0,2,29.83,3.34,1.91,3.73,4.87,5.35,6.89,Yes,0,4.12,6.5,43.53,0,0.0
STU03195,Female,CSE,6.58,73.82,80.43,1,3,4,2,75.16,7.98,8.2,10.0,8.19,0.43,5.49,No,0,7.52,1.83,58.37,1,9.79
STU03196,Female,CSE,7.75,77.42,48.97,0,2,0,2,42.97,6.42,7.49,8.47,7.5,8.67,2.13,No,1,3.94,6.13,45.17,0,0.0
STU03197,Male,CIVIL,7.96,82.62,84.78,4,4,1,0,43.2,9.03,7.02,8.45,7.6,3.57,2.2,Yes,1,6.21,0.0,52.38,0,0.0
STU03198,Female,EEE,6.24,61.18,59.06,0,1,4,2,84.29,6.84,5.4,6.21,5.53,0.96,6.59,No,1,6.56,2.11,38.45,1,6.78
STU03199,Male,CSE,6.34,86.47,85.12,0,4,1,4,50.28,4.74,5.16,3.51,4.44,2.55,6.11,No,2,3.72,4.8,29.39,0,0.0
STU03200,Male,CIVIL,6.72,81.97,71.38,2,4,0,1,99.25,4.98,4.4,8.22,7.92,6.2,5.51,Yes,2,5.74,1.56,43.44,0,0.0
STU03201,Male,IT,8.19,72.88,71.67,1,4,5,0,78.44,4.37,3.97,4.78,4.59,3.46,3.65,Yes,1,9.18,3.79,65.8,1,9.36
STU03202,Male,MECH,5.05,82.0,72.92,2,0,0,1,72.64,7.09,5.19,5.37,4.8,5.13,3.51,No,0,5.81,10.0,33.23,0,0.0
STU03203,Male,MECH,7.06,65.97,63.12,1,3,4,1,47.73,6.91,7.95,5.31,4.71,3.42,1.63,Yes,1,6.8,6.32,38.46,0,0.0
STU03204,Male,ECE,5.69,66.84,68.54,1,1,2,0,92.81,4.01,1.88,3.69,4.45,5.87,2.05,Yes,0,4.96,4.44,38.65,0,0.0
STU03205,Female,EEE,6.6,78.24,86.58,0,3,2,0,42.08,4.26,4.47,4.2,5.32,1.85,7.85,Yes,3,2.15,4.53,36.81,0,0.0
STU03206,Female,ECE,6.6,75.33,100.0,1,5,1,2,48.56,5.12,5.11,3.33,3.54,6.38,4.14,No,3,9.06,6.1,36.29,0,0.0
STU03207,Male,CIVIL,6.87,85.14,74.16,1,3,3,0,77.6,7.11,10.0,4.62,5.52,6.57,3.84,No,1,7.52,6.28,45.7,0,0.0
STU03208,Male,ECE,7.35,93.21,61.48,0,3,0,1,66.62,9.73,10.0,6.4,5.61,4.82,7.49,No,2,4.06,2.35,52.69,0,0.0
STU03209,Female,IT,6.51,81.18,89.31,4,5,1,0,41.04,2.6,4.37,7.07,5.68,4.54,2.79,No,2,6.7,5.38,58.16,1,8.99
STU03210,Male,CSE,7.2,73.55,69.0,2,2,1,0,57.57,5.85,4.85,7.36,6.91,5.19,5.19,Yes,0,5.4,2.61,62.28,1,9.09
STU03211,Female,MECH,6.26,82.83,66.99,1,3,3,0,45.62,4.92,5.1,3.92,3.48,3.58,5.33,No,1,2.94,3.68,36.62,1,5.71
STU03212,Male,CSE,8.29,87.05,76.92,1,3,1,4,78.3,4.57,4.29,3.15,4.01,8.55,6.81,Yes,3,6.61,8.41,44.17,0,0.0
STU03213,Male,IT,8.03,89.56,50.87,3,1,3,0,63.92,6.92,4.63,4.77,5.9,3.52,6.81,No,0,6.02,6.72,63.09,0,0.0
STU03214,Male,ECE,7.9,100.0,65.92,0,3,3,0,62.42,6.89,6.12,5.94,7.53,5.41,3.58,No,0,9.25,5.74,47.52,0,0.0
STU03215,Male,CSE,8.35,80.16,73.98,0,2,1,0,100.0,7.26,7.28,3.65,4.03,5.41,7.99,No,1,5.91,2.77,62.08,0,0.0
STU03216,Male,IT,7.76,80.12,60.45,0,2,2,0,62.0,6.65,8.8,3.9,4.6,9.07,7.16,No,4,6.96,5.0,55.52,1,8.71
STU03217,Female,IT,9.12,74.98,92.04,1,5,2,0,67.27,3.86,3.13,6.33,5.65,5.43,5.44,No,0,4.38,2.54,52.52,1,7.99
STU03218,Female,EEE,9.35,86.68,80.31,3,0,5,2,94.82,8.04,8.15,5.69,6.82,4.65,5.92,Yes,0,8.09,2.61,58.21,1,6.93
STU03219,Female,EEE,8.41,75.88,88.78,2,3,4,1,49.57,6.89,7.76,2.79,4.7,5.53,7.14,No,1,3.33,3.96,42.89,0,0.0
STU03220,Male,ECE,6.01,62.03,75.6,0,3,1,0,58.77,3.71,4.15,7.1,6.62,3.8,4.46,Yes,4,8.17,6.59,34.62,0,0.0
STU03221,Male,MECH,6.1,79.67,91.86,0,5,1,2,78.18,7.54,8.17,5.13,6.96,8.15,3.09,Yes,0,6.97,3.14,35.81,0,0.0
STU03222,Male,ECE,8.17,62.7,83.2,0,1,1,0,56.64,3.74,4.83,4.27,4.92,7.72,0.75,Yes,0,3.06,6.28,40.98,0,0.0
STU03223,Male,MECH,8.16,80.38,72.55,0,0,4,0,49.36,5.37,5.62,7.77,5.78,3.02,4.99,Yes,1,7.4,10.0,39.89,0,0.0
STU03224,Female,ECE,8.15,81.97,68.26,3,2,1,1,99.37,6.81,6.41,7.0,6.06,7.15,6.52,Yes,0,5.73,5.44,64.16,1,8.96
STU03225,Female,ECE,6.22,61.24,76.0,0,0,4,0,88.17,5.99,5.21,5.27,5.51,2.83,8.09,Yes,2,7.16,5.3,50.36,0,0.0
STU03226,Female,CIVIL,7.18,74.4,65.75,0,0,3,1,42.8,4.83,4.61,4.27,5.21,4.22,5.45,Yes,1,5.69,4.86,25.5,0,0.0
STU03227,Male,IT,8.13,97.48,84.17,0,5,1,1,69.96,6.55,8.71,5.58,5.83,5.35,3.86,Yes,1,8.16,5.56,55.63,0,0.0
STU03228,Female,ECE,7.22,80.45,89.37,1,6,4,3,44.29,3.36,4.53,8.38,7.94,3.86,9.83,No,2,7.18,6.35,39.23,0,0.0
STU03229,Female,CIVIL,7.72,77.98,65.55,3,2,4,2,57.52,6.77,4.24,6.13,5.76,5.56,2.42,Yes,2,6.17,5.11,49.74,0,0.0
STU03230,Male,CSE,7.73,93.3,73.66,0,0,2,0,77.87,7.02,5.19,4.85,4.87,6.7,5.33,Yes,0,3.63,5.12,54.37,0,0.0
STU03231,Male,CSE,8.1,87.83,88.51,0,3,0,3,24.32,7.97,10.0,6.27,5.21,3.09,7.6,No,1,5.8,7.4,40.97,0,0.0
STU03232,Female,IT,7.16,74.74,78.02,2,1,2,3,72.28,4.83,3.54,3.5,3.74,2.61,6.38,Yes,1,3.22,6.63,46.6,0,0.0
STU03233,Female,MECH,7.6,78.18,74.28,0,4,3,0,81.6,6.53,4.65,9.34,7.82,4.76,5.36,No,1,4.21,6.58,49.24,0,0.0
STU03234,Male,MECH,7.94,74.07,63.91,0,2,5,0,88.42,5.18,6.26,8.29,8.3,4.64,4.66,Yes,1,5.96,4.62,53.71,1,7.58
STU03235,Female,IT,7.69,89.95,73.3,3,4,5,0,57.1,4.49,4.47,8.84,7.91,4.08,3.87,No,1,3.71,0.0,63.45,1,9.94
STU03236,Male,CSE,8.31,87.22,66.3,0,2,2,2,51.45,7.71,7.47,8.68,6.11,4.55,6.48,Yes,1,2.39,5.71,54.84,1,8.93
STU03237,Female,ECE,6.4,84.11,73.34,4,2,2,2,37.79,4.53,2.27,4.11,4.28,9.17,4.58,No,1,6.58,4.4,41.05,0,0.0
STU03238,Male,CSE,6.45,88.53,77.3,1,4,3,0,48.48,6.19,6.45,7.09,6.17,4.13,7.52,Yes,3,3.44,5.58,59.73,0,0.0
STU03239,Male,IT,8.78,75.3,99.14,0,1,0,0,70.06,5.88,4.14,7.85,7.28,4.94,4.75,Yes,3,6.96,9.67,57.68,1,9.5
STU03240,Male,IT,7.78,78.76,78.91,2,2,2,0,58.78,5.92,7.14,9.5,7.91,3.2,7.62,Yes,1,7.21,6.42,66.05,1,9.66
STU03241,Female,MECH,8.34,85.82,54.01,2,4,0,3,61.26,4.72,3.49,4.34,5.54,7.72,5.31,No,0,3.79,3.3,29.23,0,0.0
STU03242,Male,IT,6.32,89.8,78.35,1,1,4,1,80.23,3.08,4.36,3.32,5.44,7.39,10.0,No,0,4.78,5.38,52.92,0,0.0
STU03243,Female,CSE,7.66,73.55,80.61,2,5,2,0,50.9,3.88,5.04,6.23,5.2,4.15,6.3,No,1,3.71,4.36,60.4,0,0.0
STU03244,Female,ECE,9.65,84.38,65.08,1,2,3,4,63.43,5.8,5.51,7.12,7.51,4.28,1.43,No,3,8.7,0.0,38.49,0,0.0
STU03245,Female,IT,6.88,82.57,69.92,0,0,2,1,81.45,6.24,6.25,6.73,5.88,4.07,3.62,Yes,0,4.67,3.98,38.55,0,0.0
STU03246,Male,IT,7.3,78.03,76.34,0,1,1,0,78.05,9.09,10.0,6.26,6.02,8.21,7.68,No,1,5.85,5.44,61.3,1,9.5
STU03247,Male,CIVIL,8.93,72.71,78.22,0,2,2,2,75.88,4.69,6.11,7.0,6.62,7.76,4.28,Yes,0,7.83,2.85,30.23,0,0.0
STU03248,Female,CIVIL,6.79,86.89,66.75,3,5,1,1,79.16,3.4,3.05,8.17,7.33,9.5,1.88,Yes,1,6.78,6.57,47.41,0,0.0
STU03249,Male,EEE,7.52,80.95,87.6,1,1,0,0,65.63,3.92,2.65,3.51,4.79,4.53,2.16,Yes,2,7.69,5.47,36.79,0,0.0
STU03250,Female,CSE,7.52,67.55,70.41,1,4,4,1,63.91,8.12,8.05,7.81,6.59,6.23,7.42,Yes,1,5.95,6.72,66.29,1,10.75
STU03251,Male,CSE,8.43,75.84,76.51,1,5,3,0,44.33,8.36,9.26,6.56,5.86,4.86,4.26,Yes,4,5.49,8.54,75.0,1,10.48
STU03252,Female,ECE,8.33,79.46,72.1,2,4,2,0,25.07,7.85,6.8,7.55,5.85,4.48,2.43,No,2,4.54,2.13,65.17,1,8.91
STU03253,Male,CSE,6.78,73.79,82.7,4,4,0,0,61.19,4.53,4.09,5.88,5.33,6.1,6.07,No,4,8.54,3.25,62.62,1,10.69
STU03254,Female,MECH,4.88,63.37,72.32,1,4,1,0,29.49,5.6,5.91,2.34,3.11,4.23,6.23,No,0,7.5,4.82,34.24,0,0.0
STU03255,Male,EEE,7.1,69.83,73.48,0,3,2,4,64.05,6.21,5.41,3.44,4.87,3.53,4.8,No,0,4.15,6.61,27.93,0,0.0
STU03256,Male,CIVIL,7.15,76.46,76.06,1,0,3,0,60.29,3.1,1.38,8.89,8.02,2.75,6.57,No,0,5.45,6.1,34.81,0,0.0
STU03257,Male,CSE,6.27,80.99,57.46,0,0,0,2,62.41,3.02,3.31,3.64,2.8,5.99,9.22,No,1,4.0,7.67,25.68,0,0.0
STU03258,Female,CIVIL,5.7,63.34,67.7,1,0,0,4,46.84,7.15,6.54,4.46,6.93,6.79,5.92,Yes,1,4.93,8.02,13.08,0,0.0
STU03259,Male,IT,5.08,76.75,51.33,1,2,0,0,84.65,5.75,5.02,5.75,5.36,8.45,4.26,Yes,2,6.32,0.85,50.05,0,0.0
STU03260,Female,ECE,8.83,92.64,84.19,3,1,5,0,76.27,6.15,3.97,4.72,4.74,7.84,8.87,No,1,4.41,4.41,57.45,1,9.22
STU03261,Male,ECE,7.24,97.23,85.38,2,3,2,2,61.59,9.12,8.04,6.15,8.61,7.06,4.69,No,2,8.51,6.85,50.92,0,0.0
STU03262,Female,CSE,5.36,87.33,73.89,1,2,1,1,77.35,6.18,8.47,4.65,4.52,8.07,4.38,No,2,7.13,2.08,47.51,0,0.0
STU03263,Male,IT,9.44,77.19,69.31,0,4,2,2,91.32,7.08,6.76,4.68,4.53,5.73,5.02,Yes,3,7.8,1.95,58.49,1,8.92
STU03264,Male,IT,8.83,69.83,83.53,0,4,3,0,35.62,1.69,1.47,7.8,5.43,5.15,2.3,Yes,4,4.25,5.23,51.7,0,0.0
STU03265,Female,MECH,7.72,74.28,83.63,2,5,3,0,99.95,7.09,9.14,2.99,4.55,7.31,5.85,No,1,6.43,1.32,54.98,0,0.0
STU03266,Male,ECE,7.81,78.03,77.72,1,1,3,1,50.03,6.59,6.71,6.11,5.74,1.15,6.92,No,3,6.62,9.05,41.98,0,0.0
STU03267,Male,IT,7.54,92.07,75.36,1,4,2,3,85.31,5.6,5.45,8.27,5.46,5.19,1.35,No,0,5.45,6.07,48.21,0,0.0
STU03268,Male,CSE,6.38,94.2,74.49,0,2,1,0,12.74,9.43,9.81,8.01,8.52,6.14,10.0,No,1,5.86,7.0,50.77,0,0.0
STU03269,Female,CIVIL,7.92,96.09,76.71,1,4,1,3,45.94,5.85,6.79,8.57,7.43,6.94,4.68,No,4,8.12,8.38,27.78,0,0.0
STU03270,Male,ECE,6.81,87.19,79.01,0,3,4,0,61.25,3.61,4.32,7.67,6.32,8.42,6.79,No,2,4.76,7.69,46.69,0,0.0
STU03271,Female,CSE,8.23,63.94,67.01,1,4,0,0,66.96,6.33,6.88,10.0,8.4,3.97,1.95,No,1,4.49,3.58,59.82,1,9.21
STU03272,Male,EEE,7.8,71.24,62.07,4,5,0,0,41.28,4.9,6.8,5.5,5.98,4.0,6.72,No,2,3.13,4.73,57.27,1,8.24
STU03273,Male,ECE,7.91,88.62,68.37,0,3,1,0,52.04,5.91,5.18,5.92,6.26,5.42,5.31,Yes,0,2.13,4.64,39.48,0,0.0
STU03274,Male,IT,7.1,75.92,59.34,0,5,3,0,85.87,3.89,4.99,7.96,7.04,1.58,5.24,Yes,2,4.81,2.87,63.02,1,10.85
STU03275,Male,IT,8.26,76.21,69.06,3,2,2,0,38.07,4.46,3.96,3.63,6.67,6.17,4.28,Yes,3,7.82,4.79,60.02,1,10.54
STU03276,Female,ECE,4.28,79.03,68.46,0,4,3,0,55.39,3.85,3.97,8.4,6.78,4.6,2.23,Yes,2,4.29,6.72,45.66,0,0.0
STU03277,Male,CIVIL,5.37,69.87,74.55,0,0,1,1,45.53,6.4,4.77,5.06,5.18,0.0,5.18,No,2,6.6,2.64,20.68,0,0.0
STU03278,Male,MECH,6.02,90.35,69.04,0,2,4,2,81.95,6.0,6.9,6.2,6.58,5.52,2.33,No,2,2.95,4.25,35.46,0,0.0
STU03279,Male,MECH,7.35,80.35,80.62,0,1,4,0,49.68,5.87,6.17,5.29,6.01,6.27,0.45,No,2,5.56,6.57,41.61,1,7.13
STU03280,Male,ECE,7.01,90.68,83.01,1,6,0,3,74.11,6.47,7.77,5.46,6.63,6.37,6.28,No,1,5.06,8.26,34.75,0,0.0
STU03281,Female,IT,8.69,70.26,59.58,1,5,2,1,75.02,6.72,6.2,3.98,4.78,8.98,5.42,Yes,1,6.47,2.41,64.02,1,9.69
STU03282,Female,CSE,7.24,57.05,74.46,0,5,3,1,44.97,4.72,5.88,4.75,5.3,5.06,3.89,No,1,6.34,4.83,44.04,1,6.66
STU03283,Male,CSE,9.65,63.42,70.24,0,5,4,0,45.98,9.48,8.49,3.56,4.83,7.34,4.53,Yes,0,6.64,3.74,77.98,1,11.59
STU03284,Female,CSE,7.27,77.56,75.4,0,4,4,0,100.0,6.14,9.18,5.91,3.46,3.94,4.53,No,1,6.36,3.78,66.05,1,9.99
STU03285,Male,IT,6.5,81.76,88.41,1,0,5,0,44.71,5.73,6.56,6.11,6.58,2.85,5.32,No,1,10.0,7.2,46.54,1,8.77
STU03286,Male,CSE,5.79,75.12,72.72,1,2,4,0,71.02,3.72,4.12,7.34,7.72,3.7,4.5,No,0,3.82,3.03,55.07,1,10.76
STU03287,Male,IT,8.19,79.67,76.98,0,4,2,1,41.86,3.55,3.42,5.5,5.72,7.89,4.16,Yes,1,4.39,4.08,44.8,1,8.25
STU03288,Female,EEE,7.37,93.24,81.9,0,3,3,1,51.7,3.73,4.92,4.41,5.17,2.13,7.55,Yes,0,7.75,6.26,40.56,0,0.0
STU03289,Male,ECE,8.33,82.87,78.26,0,0,1,2,18.85,4.91,2.72,3.39,5.55,4.3,5.59,Yes,3,5.51,3.63,30.41,0,0.0
STU03290,Male,CSE,8.83,86.33,76.61,0,2,2,0,100.0,3.71,4.5,5.71,5.32,7.32,3.67,Yes,0,4.45,6.84,63.2,0,0.0
STU03291,Male,CSE,9.74,82.98,57.71,0,2,2,0,62.88,7.21,4.5,5.74,5.79,1.9,3.49,No,3,5.46,0.47,52.97,0,0.0
STU03292,Male,CSE,7.13,61.16,63.46,3,2,5,0,63.46,7.89,7.84,4.88,5.89,1.8,5.11,Yes,2,4.41,9.27,71.81,1,10.72
STU03293,Male,CSE,8.96,89.22,84.8,0,1,4,1,66.85,4.26,5.75,8.59,7.93,8.81,6.4,No,4,4.93,4.99,49.59,0,0.0
STU03294,Male,CSE,7.11,85.95,61.98,2,6,3,0,46.2,4.41,3.64,4.09,4.48,9.5,2.55,Yes,1,3.87,2.93,57.35,1,10.5
STU03295,Male,CIVIL,7.53,75.79,82.35,2,5,5,0,54.61,3.07,5.29,7.1,5.99,6.27,2.51,No,4,6.18,6.71,49.84,0,0.0
STU03296,Male,CSE,6.99,83.0,87.59,1,4,3,0,73.96,5.32,6.37,8.34,5.29,5.6,2.58,Yes,0,2.24,6.88,64.51,1,10.65
STU03297,Male,CIVIL,7.14,78.85,74.84,0,3,4,0,80.67,3.98,4.17,6.55,7.09,5.75,2.9,No,2,5.75,7.52,35.17,0,0.0
STU03298,Female,CIVIL,7.03,100.0,87.45,3,4,0,0,59.5,6.84,7.55,4.86,5.23,6.21,5.92,Yes,3,5.03,4.07,50.6,0,0.0
STU03299,Male,MECH,8.65,68.78,78.63,0,3,3,0,67.07,5.31,5.42,4.48,4.85,2.57,5.58,No,0,4.84,5.54,47.19,0,0.0
STU03300,Female,EEE,6.62,87.27,74.41,2,4,3,3,66.28,4.22,4.52,6.8,6.82,4.71,3.44,Yes,3,2.54,7.79,36.56,0,0.0
STU03301,Male,IT,7.04,88.27,80.18,0,3,0,0,67.22,4.42,4.75,3.8,4.87,5.74,1.9,No,0,9.24,5.02,47.09,1,8.71
STU03302,Male,ECE,6.82,75.26,81.19,0,1,1,0,64.48,4.89,4.97,5.91,6.32,6.07,3.07,No,0,4.63,7.53,39.04,0,0.0
STU03303,Male,CSE,6.09,90.37,82.58,0,5,0,1,80.35,6.25,5.83,4.87,4.91,4.94,2.74,Yes,0,5.57,4.62,53.92,0,0.0
STU03304,Male,IT,5.81,74.17,80.21,0,3,2,3,58.07,5.78,6.03,5.92,6.31,7.07,4.16,Yes,0,4.23,2.96,38.76,1,7.5
STU03305,Female,IT,6.9,78.41,81.66,1,3,3,2,64.09,2.4,4.06,8.29,8.37,7.25,2.91,Yes,1,5.64,3.39,51.55,1,8.5
STU03306,Male,CSE,8.08,60.38,61.16,0,2,2,4,38.19,6.79,7.39,2.79,5.08,4.63,7.04,No,0,5.65,8.53,32.21,0,0.0
STU03307,Male,CIVIL,8.22,69.98,62.12,0,0,2,3,72.31,7.0,7.85,8.95,7.64,3.31,3.3,No,1,4.98,4.68,33.19,0,0.0
STU03308,Male,EEE,6.92,89.37,63.99,2,0,4,2,83.6,3.76,5.16,6.98,6.96,2.45,4.53,Yes,1,6.77,7.14,36.12,0,0.0
STU03309,Male,CSE,7.17,79.79,75.36,2,2,3,0,62.28,6.12,6.11,4.42,4.56,2.02,7.51,Yes,3,5.5,7.64,55.63,1,9.17
STU03310,Female,IT,7.91,81.47,76.4,1,3,5,3,50.1,4.2,4.9,6.48,7.56,6.49,5.11,Yes,0,3.87,4.22,45.81,1,8.67
STU03311,Female,CSE,5.26,67.09,82.97,0,2,2,0,59.18,4.68,5.22,4.32,4.25,5.04,4.7,No,1,4.16,4.92,38.2,0,0.0
STU03312,Male,ECE,8.44,83.49,78.55,1,2,2,0,71.31,7.78,9.38,4.01,5.97,2.7,5.94,Yes,2,6.96,0.0,53.22,1,7.32
STU03313,Female,EEE,6.9,88.87,69.03,0,4,0,0,81.61,5.35,4.0,6.65,7.05,6.51,3.43,No,0,6.09,8.77,45.34,0,0.0
STU03314,Male,ECE,7.36,80.21,76.78,0,0,5,3,69.83,6.0,6.71,7.69,7.17,4.14,7.58,No,4,5.41,5.47,33.18,0,0.0
STU03315,Female,EEE,7.0,77.98,59.92,1,6,3,0,95.21,5.37,5.94,7.89,7.21,4.77,3.96,Yes,4,4.88,10.0,55.69,0,0.0
STU03316,Male,MECH,5.01,68.77,68.46,1,3,3,2,47.52,10.0,10.0,6.51,7.2,6.83,5.85,No,1,5.86,4.75,41.58,0,0.0
STU03317,Female,MECH,6.42,82.34,81.82,0,5,1,1,27.92,6.49,8.33,7.31,7.49,7.94,3.92,No,0,6.78,7.54,38.67,0,0.0
STU03318,Male,ECE,6.66,83.85,92.79,1,0,2,1,52.4,4.18,4.34,7.95,7.54,5.27,9.84,No,0,4.99,5.99,33.64,0,0.0
STU03319,Female,CSE,6.43,90.77,50.54,1,3,1,1,73.59,9.74,9.19,4.94,5.04,5.57,4.67,No,1,5.93,5.01,55.51,0,0.0
STU03320,Male,MECH,7.67,73.31,74.99,2,3,1,0,76.91,8.37,6.9,8.41,7.71,2.92,0.0,Yes,3,4.28,5.21,47.02,0,0.0
STU03321,Male,MECH,8.09,94.98,62.09,2,3,2,3,47.21,8.2,7.73,8.19,8.48,5.16,1.59,No,1,6.39,1.84,42.06,0,0.0
STU03322,Female,ECE,8.07,66.48,67.72,1,0,5,1,49.56,4.54,2.89,5.61,5.88,4.91,4.31,Yes,1,5.9,6.3,42.44,0,0.0
STU03323,Female,ECE,5.8,70.8,73.25,4,5,0,0,58.63,8.66,7.18,4.15,4.32,4.1,3.43,Yes,2,5.28,2.1,57.46,1,8.53
STU03324,Female,MECH,6.61,80.57,71.69,0,3,4,4,73.12,6.87,7.02,5.4,5.66,3.41,2.64,No,0,6.23,2.35,25.8,0,0.0
STU03325,Female,ECE,5.99,69.13,77.24,0,3,2,0,36.85,4.08,2.54,4.14,4.69,7.84,6.36,Yes,1,7.52,3.63,42.18,0,0.0
STU03326,Female,CSE,5.61,68.86,81.39,1,5,1,4,100.0,6.25,6.37,5.61,5.67,1.67,3.34,Yes,0,4.74,2.41,47.61,0,0.0
STU03327,Male,EEE,7.77,67.07,72.21,3,3,1,0,50.1,6.98,6.18,5.98,6.03,3.68,8.22,No,3,4.07,0.25,49.16,0,0.0
STU03328,Female,CSE,7.24,99.21,63.73,3,1,3,2,82.53,5.85,4.31,3.42,4.18,2.97,6.08,No,1,4.57,7.64,55.14,1,9.29
STU03329,Female,ECE,6.73,75.3,63.54,1,5,1,3,88.33,5.46,4.55,4.95,5.78,7.8,4.26,No,0,5.64,0.0,37.53,0,0.0
STU03330,Male,CSE,7.72,72.06,64.42,1,4,1,1,87.07,6.27,7.07,3.32,5.17,10.0,5.37,Yes,1,10.0,5.96,56.97,1,9.21
STU03331,Male,ECE,8.58,76.09,71.76,2,3,1,2,51.01,4.59,4.73,3.62,4.64,6.34,3.4,Yes,1,5.57,5.47,41.44,0,0.0
STU03332,Male,EEE,8.0,76.63,95.7,0,4,3,0,59.96,7.19,7.19,4.66,5.65,8.99,3.66,Yes,3,6.21,6.24,55.54,1,7.51
STU03333,Female,IT,6.5,88.34,83.95,1,2,1,0,68.19,5.64,4.2,8.27,7.27,7.04,3.3,No,2,3.21,2.41,49.55,0,0.0
STU03334,Female,CIVIL,8.22,55.67,96.9,0,3,2,0,53.66,7.27,8.5,6.67,6.38,6.11,7.72,Yes,2,5.63,5.43,42.39,0,0.0
STU03335,Female,CSE,7.09,76.81,61.78,0,3,0,1,80.33,5.18,6.15,7.88,7.51,4.9,6.01,No,0,5.47,3.91,46.7,0,0.0
STU03336,Male,IT,7.95,85.07,72.82,2,2,1,3,66.33,7.62,9.03,5.22,6.21,9.68,3.64,No,4,6.23,6.09,49.59,1,8.28
STU03337,Male,CSE,6.32,61.4,61.4,1,2,0,0,73.47,5.4,5.17,6.85,7.08,6.5,8.6,No,0,5.57,5.45,49.89,0,0.0
STU03338,Female,CSE,6.68,84.97,81.67,1,1,4,0,71.11,3.49,3.37,6.8,5.86,4.66,4.33,Yes,1,4.47,2.03,53.31,1,9.19
STU03339,Female,EEE,6.78,56.73,66.21,0,4,2,1,68.2,7.26,5.89,7.41,6.27,4.19,6.0,No,3,6.68,4.87,37.8,0,0.0
STU03340,Male,CIVIL,9.49,88.45,64.79,0,3,0,0,83.68,8.98,9.85,8.64,6.52,0.0,5.93,Yes,0,6.93,5.77,54.17,1,8.75
STU03341,Male,MECH,8.22,71.55,81.89,0,4,2,0,69.54,6.04,6.06,7.86,8.68,7.49,5.81,Yes,2,6.01,6.35,43.49,0,0.0
STU03342,Female,EEE,6.85,54.63,73.26,2,6,4,0,75.08,8.82,8.71,7.67,7.66,3.92,3.23,Yes,3,7.6,3.46,64.14,1,9.05
STU03343,Male,CSE,5.76,79.89,53.81,4,2,0,0,68.86,3.94,2.18,7.7,6.61,1.81,4.97,No,1,4.76,7.25,52.53,0,0.0
STU03344,Male,CIVIL,5.9,88.97,81.18,1,3,4,1,57.51,6.59,5.96,6.23,6.59,6.94,0.0,Yes,0,7.05,0.97,37.13,0,0.0
STU03345,Female,EEE,7.92,78.2,80.88,0,4,3,2,41.2,4.54,4.96,6.87,6.05,5.55,6.13,Yes,1,5.91,8.41,37.13,0,0.0
STU03346,Male,IT,6.81,70.05,83.66,0,2,0,0,76.48,3.79,1.89,8.11,7.45,2.85,7.52,No,2,1.93,8.49,40.09,0,0.0
STU03347,Female,IT,6.88,79.68,99.48,0,3,3,0,88.57,7.66,7.15,4.28,6.01,6.62,5.7,Yes,2,5.08,10.0,63.04,1,10.25
STU03348,Female,ECE,6.3,64.45,74.2,0,0,0,1,100.0,5.64,4.66,6.7,5.1,6.32,5.02,No,4,8.35,6.19,39.97,0,0.0
STU03349,Female,CIVIL,8.01,68.34,79.77,1,2,5,0,79.94,8.54,8.86,3.25,3.22,2.72,6.58,Yes,0,2.96,5.83,50.49,0,0.0
STU03350,Female,CIVIL,8.03,78.88,79.64,1,2,2,0,58.27,6.31,5.51,6.31,7.24,1.99,5.47,Yes,0,4.2,1.56,47.11,1,7.41
STU03351,Male,CSE,8.11,91.32,69.6,1,3,0,0,80.74,4.85,4.28,9.58,8.2,4.39,3.47,Yes,4,2.67,7.45,63.34,1,10.27
STU03352,Male,CSE,7.83,89.01,71.31,1,1,2,0,58.31,7.33,8.55,8.18,7.57,5.42,1.67,No,0,6.32,2.86,58.4,0,0.0
STU03353,Male,CSE,7.06,81.98,70.35,0,0,2,0,36.57,4.08,4.05,10.0,8.36,5.91,2.42,Yes,2,3.82,5.16,48.21,0,0.0
STU03354,Male,CSE,5.77,71.35,69.9,1,3,4,1,75.29,8.09,6.4,5.16,5.37,8.01,4.9,No,1,7.05,8.56,51.92,0,0.0
STU03355,Male,MECH,6.55,86.17,70.68,2,3,1,0,62.87,5.83,5.68,3.49,4.96,4.33,4.77,Yes,4,7.21,3.13,43.19,0,0.0
STU03356,Male,CSE,6.89,63.83,84.9,4,6,2,1,83.05,3.82,1.48,6.72,5.8,4.69,4.56,Yes,2,6.81,3.31,63.12,1,10.29
STU03357,Female,IT,7.67,76.07,81.79,1,6,3,2,43.95,4.45,6.02,6.1,6.64,2.73,4.09,Yes,0,7.44,8.76,53.5,1,8.96
STU03358,Male,CSE,10.0,88.07,64.68,0,6,1,0,46.88,4.6,5.21,8.54,8.22,8.25,4.73,No,3,5.57,7.73,62.43,1,9.94
STU03359,Male,IT,7.11,55.03,62.56,1,5,2,0,53.04,7.05,7.91,7.98,7.95,6.75,6.07,No,2,4.08,4.53,61.2,0,0.0
STU03360,Female,IT,7.68,49.8,87.32,1,0,0,0,65.36,7.57,8.18,4.45,4.13,4.65,3.26,No,1,4.05,6.17,48.45,0,0.0
STU03361,Female,EEE,8.1,99.4,75.05,1,4,3,0,48.97,8.05,8.14,5.6,7.66,4.02,3.77,No,0,4.66,6.88,52.67,0,0.0
STU03362,Male,CSE,6.85,76.7,61.77,4,1,2,0,74.65,4.09,4.17,7.1,5.59,6.34,4.88,No,2,5.33,3.47,59.04,1,9.52
STU03363,Female,MECH,8.77,92.24,77.98,0,1,3,0,69.81,6.26,5.8,6.96,7.84,2.59,3.99,No,1,3.96,4.64,44.22,0,0.0
STU03364,Female,CSE,5.77,71.46,67.28,3,3,5,0,93.14,7.6,5.99,4.49,5.67,5.69,6.17,Yes,0,3.99,4.69,77.97,1,10.87
STU03365,Female,MECH,5.89,65.22,60.15,3,2,2,0,80.91,4.55,4.16,3.29,4.39,4.61,1.27,No,2,4.31,2.23,48.3,0,0.0
STU03366,Male,IT,7.48,82.6,58.82,3,2,5,0,53.18,7.8,6.62,8.51,9.0,1.52,8.18,No,0,5.16,4.1,65.67,1,9.68
STU03367,Female,IT,5.98,90.54,67.75,2,3,1,3,100.0,2.7,1.57,5.67,6.67,4.39,7.13,No,2,2.4,2.53,40.94,0,0.0
STU03368,Male,CSE,8.0,85.55,78.06,1,1,2,0,68.42,8.24,8.69,5.0,5.54,4.97,4.15,Yes,3,4.9,2.23,62.99,1,9.78
STU03369,Female,EEE,5.52,92.7,67.15,0,4,1,1,39.88,4.64,5.69,7.34,4.56,4.04,1.23,No,4,5.05,4.75,28.74,0,0.0
STU03370,Female,MECH,6.39,91.29,61.34,1,2,3,0,44.01,6.23,8.23,6.65,6.01,0.0,4.46,Yes,0,6.24,2.17,49.03,1,7.67
STU03371,Male,EEE,6.98,90.13,73.54,1,6,4,1,86.93,8.18,8.23,6.13,5.88,7.72,5.54,Yes,0,9.93,4.85,62.53,1,7.71
STU03372,Female,CSE,8.78,66.7,73.91,0,0,0,0,48.39,4.55,2.98,7.34,7.45,6.66,8.27,Yes,1,4.09,6.07,46.9,0,0.0
STU03373,Male,IT,8.98,66.54,71.15,2,2,3,1,25.71,5.94,4.65,6.9,6.1,1.96,5.06,No,2,7.62,5.7,49.15,0,0.0
STU03374,Female,EEE,7.85,74.25,79.86,0,3,0,0,52.07,7.87,7.28,5.33,5.7,4.87,3.04,Yes,1,5.75,5.48,43.68,0,0.0
STU03375,Male,CSE,9.29,91.85,82.01,4,0,1,0,60.26,7.88,9.44,4.9,4.95,7.65,4.29,Yes,2,4.94,6.19,67.25,1,10.02
STU03376,Male,CSE,7.77,84.97,85.68,1,3,1,4,55.93,5.93,5.98,7.31,6.03,2.34,5.35,No,3,5.69,3.15,36.89,0,0.0
STU03377,Male,ECE,8.23,52.96,69.05,2,3,2,1,71.04,5.45,3.58,4.42,3.84,6.2,4.25,No,3,5.16,6.52,54.54,1,7.87
STU03378,Male,IT,7.42,68.11,86.96,1,3,3,1,48.44,7.47,7.68,4.02,3.88,10.0,4.49,No,1,6.15,6.9,53.64,0,0.0
STU03379,Female,ECE,7.27,67.34,75.44,4,4,1,2,60.61,4.4,4.76,7.76,7.0,7.63,2.19,Yes,3,6.35,2.05,60.23,1,9.22
STU03380,Female,ECE,9.29,67.37,75.62,2,2,1,0,37.02,4.32,4.67,3.69,4.85,7.5,4.22,No,2,4.88,3.37,50.19,0,0.0
STU03381,Male,IT,6.85,82.32,78.18,1,0,1,1,89.99,3.5,4.58,6.29,5.73,1.45,7.62,Yes,3,3.82,4.93,47.48,0,0.0
STU03382,Female,ECE,6.35,79.06,53.52,2,2,4,2,90.29,3.93,2.31,4.6,5.33,7.49,8.46,Yes,2,5.15,3.86,45.06,1,7.28
STU03383,Male,CSE,7.48,71.19,87.14,0,0,3,1,58.73,2.67,1.85,5.91,6.06,6.85,7.69,Yes,0,7.52,5.78,34.49,0,0.0
STU03384,Male,CSE,5.24,88.39,89.28,3,2,1,0,72.9,5.71,5.55,7.56,5.71,0.82,5.81,Yes,2,8.55,5.64,63.36,1,9.24
STU03385,Male,CSE,8.07,86.85,74.29,1,2,3,0,74.43,4.54,7.12,6.13,5.53,7.7,8.41,Yes,0,1.78,1.82,59.99,1,9.93
STU03386,Female,EEE,9.5,71.36,71.0,2,1,1,2,65.64,3.31,3.09,4.75,5.48,6.8,2.89,Yes,0,3.06,4.71,33.7,0,0.0
STU03387,Male,CIVIL,6.86,65.83,86.96,0,2,3,0,54.78,3.52,2.05,5.41,5.96,3.37,1.53,Yes,0,3.7,10.0,40.27,0,0.0
STU03388,Female,CIVIL,8.48,79.24,89.12,2,3,2,1,27.63,8.62,9.74,7.08,7.71,5.32,3.68,Yes,3,7.46,5.61,44.8,0,0.0
STU03389,Male,ECE,5.39,69.47,81.68,0,3,2,3,46.91,5.96,7.28,6.91,6.85,7.94,7.67,No,0,6.28,8.02,26.84,0,0.0
STU03390,Female,IT,6.44,77.65,72.31,0,4,1,0,50.82,4.7,5.37,7.66,6.32,4.4,5.83,No,2,5.93,6.4,52.41,1,8.71
STU03391,Female,IT,6.36,59.66,61.71,1,2,0,3,94.79,6.45,4.53,8.24,7.49,8.21,6.3,Yes,1,3.01,3.22,50.03,0,0.0
STU03392,Male,EEE,7.36,66.82,73.76,2,2,4,0,100.0,7.68,6.78,8.2,7.49,8.53,5.89,Yes,1,6.76,5.65,58.76,0,0.0
STU03393,Female,CSE,8.63,67.43,74.32,3,4,3,1,62.07,5.25,4.3,7.39,7.22,5.89,5.66,Yes,2,8.38,7.04,74.38,1,10.93
STU03394,Male,ECE,5.21,72.54,64.96,0,2,2,0,100.0,5.06,4.96,5.53,4.24,6.44,3.98,Yes,0,4.58,6.79,42.71,0,0.0
STU03395,Male,CSE,7.71,50.07,72.52,1,1,4,1,59.44,6.18,6.96,6.22,4.28,5.21,2.3,No,2,5.7,4.49,51.69,1,8.35
STU03396,Male,CSE,7.55,75.39,76.31,0,3,0,1,40.94,5.28,5.43,4.4,4.38,10.0,4.96,Yes,2,5.18,3.31,48.92,1,8.76
STU03397,Male,CSE,6.04,58.79,63.41,3,2,2,0,74.53,7.4,4.26,5.3,5.93,8.37,1.97,No,2,3.7,7.28,70.34,1,10.33
STU03398,Female,IT,6.93,89.99,61.83,0,1,0,0,81.4,7.13,6.46,3.04,4.76,6.27,4.74,Yes,3,6.75,8.33,44.94,0,0.0
STU03399,Female,EEE,9.27,92.82,79.32,2,2,2,0,66.9,4.67,3.61,6.53,6.2,5.2,2.12,Yes,2,5.21,5.59,55.88,0,0.0
STU03400,Male,MECH,8.53,84.31,89.83,2,2,3,1,66.84,4.6,4.89,6.53,6.08,2.37,4.24,Yes,0,6.23,8.64,46.35,0,0.0
STU03401,Female,EEE,6.29,80.9,79.49,3,4,3,0,71.1,4.95,3.43,6.74,6.49,6.5,7.5,No,1,5.44,2.65,54.07,1,9.2
STU03402,Male,CSE,5.93,75.25,74.96,2,5,0,0,58.86,8.02,8.34,4.97,5.95,9.32,3.2,No,1,2.22,8.61,60.22,1,9.04
STU03403,Female,ECE,6.38,73.73,91.64,0,1,4,0,36.48,6.9,6.66,5.96,5.68,3.32,6.38,Yes,2,5.39,5.55,52.2,0,0.0
STU03404,Male,CSE,6.21,74.19,99.72,0,3,0,3,75.54,5.12,5.09,4.75,5.54,5.19,6.78,No,0,6.54,5.64,33.5,0,0.0
STU03405,Female,IT,7.93,78.12,73.09,0,3,0,1,57.97,2.45,2.31,6.77,7.15,8.02,4.17,Yes,4,7.01,2.35,41.09,0,0.0
STU03406,Male,CSE,8.1,87.06,76.47,2,2,3,0,79.58,6.35,6.81,8.35,7.68,3.83,6.19,Yes,1,7.34,6.08,68.31,1,10.61
STU03407,Male,CSE,5.31,72.99,81.84,4,0,4,0,59.39,6.21,9.06,6.13,6.71,6.56,3.74,Yes,0,8.96,4.09,65.74,1,9.96
STU03408,Male,ECE,5.32,94.85,64.53,1,3,2,0,78.48,10.0,9.29,6.08,6.66,7.61,9.25,Yes,0,5.8,8.92,56.91,1,7.94
STU03409,Female,CSE,5.42,71.83,100.0,2,2,5,0,62.65,6.49,8.28,3.94,6.14,7.14,5.17,Yes,0,5.58,9.16,67.61,1,10.05
STU03410,Female,ECE,7.34,79.74,70.04,2,3,4,3,54.37,7.44,8.06,3.74,5.64,6.38,10.0,No,1,6.42,4.97,44.88,0,0.0
STU03411,Male,ECE,6.71,58.43,85.14,0,1,4,1,53.95,6.57,6.75,10.0,7.75,3.77,9.4,No,2,6.12,5.18,42.78,0,0.0
STU03412,Male,ECE,7.03,59.67,87.32,0,1,4,0,54.76,5.83,5.38,5.74,6.89,4.13,4.91,No,1,4.4,8.62,52.41,0,0.0
STU03413,Female,CSE,8.02,70.05,75.5,4,2,0,4,78.44,3.7,4.23,4.98,5.76,4.47,7.37,Yes,1,6.56,7.74,42.49,0,0.0
STU03414,Male,CSE,8.41,81.57,77.54,2,2,4,2,76.02,7.5,5.53,5.52,5.5,4.11,5.7,Yes,4,4.89,7.05,62.54,0,0.0
STU03415,Male,CIVIL,6.47,64.47,96.48,0,4,3,3,59.25,5.56,5.12,8.18,8.99,4.37,3.99,No,0,5.34,5.43,28.18,0,0.0
STU03416,Male,CIVIL,8.34,76.97,82.22,1,1,1,0,32.22,10.0,10.0,4.06,4.84,4.76,3.59,Yes,0,3.09,4.71,39.08,0,0.0
STU03417,Female,CSE,5.77,67.43,69.1,0,6,0,3,100.0,6.28,6.76,5.77,7.27,7.39,2.71,No,0,5.78,7.29,40.88,0,0.0
STU03418,Male,CIVIL,8.47,92.29,68.44,1,6,3,0,93.87,4.37,4.81,6.49,5.18,0.0,5.23,Yes,0,5.41,1.11,48.65,0,0.0
STU03419,Male,CSE,6.6,76.59,73.35,1,1,4,0,35.35,6.04,6.24,6.51,6.44,2.61,5.35,Yes,4,5.69,3.76,57.75,1,10.06
STU03420,Male,CSE,5.25,76.09,68.58,2,3,1,0,52.85,5.63,6.68,4.47,5.02,4.97,4.0,Yes,1,6.57,1.89,55.06,0,0.0
STU03421,Male,ECE,7.71,78.28,79.67,3,6,5,1,100.0,2.6,2.44,8.71,7.6,8.15,3.62,No,1,5.64,6.9,64.47,0,0.0
STU03422,Female,EEE,8.61,67.05,70.66,2,5,0,0,72.68,7.79,8.11,8.92,8.41,4.5,6.72,No,0,10.0,1.12,62.7,1,8.54
STU03423,Male,MECH,9.02,77.78,73.72,0,5,1,0,68.69,1.95,1.85,4.78,4.47,8.75,7.46,Yes,1,4.86,4.64,33.96,0,0.0
STU03424,Female,IT,7.73,71.86,71.88,4,1,1,0,60.64,6.19,6.9,6.44,6.92,6.17,1.94,Yes,0,4.76,2.76,54.31,0,0.0
STU03425,Male,ECE,8.33,89.82,78.3,1,5,0,2,80.89,8.96,7.81,6.58,5.34,9.18,5.38,Yes,0,5.46,4.83,50.99,0,0.0
STU03426,Male,ECE,6.29,81.25,81.66,3,0,2,1,76.45,5.93,7.04,3.51,4.41,4.44,3.28,No,1,5.1,6.18,42.91,0,0.0
STU03427,Male,CSE,6.37,84.06,65.27,0,4,2,2,42.62,10.0,9.5,5.25,5.24,6.38,1.8,Yes,0,5.74,7.59,49.71,0,0.0
STU03428,Male,CIVIL,5.69,82.75,68.32,2,5,4,0,23.69,9.76,9.9,8.2,5.79,6.38,6.03,No,0,6.31,1.75,47.8,0,0.0
STU03429,Male,CIVIL,7.55,64.7,70.03,2,5,1,1,67.76,8.01,6.2,9.16,7.84,5.74,2.91,No,0,4.35,4.13,41.61,0,0.0
STU03430,Male,IT,6.03,78.27,93.71,1,5,5,2,38.42,5.76,4.75,5.44,5.52,7.11,4.66,Yes,2,8.13,3.36,47.87,0,0.0
STU03431,Female,IT,7.65,61.11,75.88,1,0,5,0,41.14,4.91,5.76,6.0,5.97,8.07,0.04,No,4,7.52,5.34,49.12,1,7.12
STU03432,Female,MECH,6.34,75.97,47.0,1,1,5,0,56.19,8.3,8.0,5.2,6.32,3.61,8.95,Yes,0,4.16,6.4,48.2,0,0.0
STU03433,Female,EEE,7.63,74.04,75.72,0,3,0,0,96.53,7.31,5.85,5.34,5.84,4.88,5.2,No,2,3.83,6.83,44.32,0,0.0
STU03434,Female,CSE,7.19,68.39,57.24,3,1,4,0,89.51,5.04,6.62,2.9,6.44,5.02,5.64,No,0,3.31,4.62,62.43,1,9.94
STU03435,Female,IT,6.07,80.55,74.56,2,3,2,2,74.15,8.11,7.39,3.56,5.22,8.24,1.23,Yes,1,4.41,4.67,51.29,1,8.45
STU03436,Male,IT,5.14,78.49,94.78,1,6,1,2,11.28,7.31,8.39,4.23,5.2,7.84,1.95,No,2,7.7,9.73,37.7,0,0.0
STU03437,Female,ECE,5.45,74.49,81.84,0,3,0,0,75.36,3.76,3.4,9.34,7.45,2.17,4.21,Yes,1,5.5,6.7,39.12,0,0.0
STU03438,Female,MECH,7.41,90.42,62.84,1,5,1,1,47.67,3.01,2.2,5.88,4.9,3.97,5.66,No,0,7.3,4.47,31.29,0,0.0
STU03439,Male,MECH,7.6,73.5,72.38,1,2,1,0,64.06,4.78,5.68,7.94,6.88,5.28,4.91,No,1,10.0,4.6,42.94,0,0.0
STU03440,Female,IT,6.27,86.43,85.04,0,4,2,1,60.52,6.45,7.31,9.25,8.66,4.4,7.77,No,1,1.74,2.11,52.19,0,0.0
STU03441,Female,CSE,8.02,91.21,72.78,2,1,0,0,68.46,8.55,9.04,6.0,7.05,4.6,4.16,Yes,1,3.95,5.13,65.88,1,9.55
STU03442,Male,IT,9.22,94.32,76.31,0,1,0,0,58.17,5.11,7.82,6.09,5.74,6.29,8.07,No,1,6.07,4.13,51.37,1,9.77
STU03443,Male,ECE,9.85,78.47,55.55,4,6,0,0,64.33,6.22,4.97,6.84,6.9,6.66,7.18,Yes,0,6.34,6.81,70.9,1,9.12
STU03444,Male,IT,7.52,73.28,79.67,1,3,4,0,87.47,8.02,6.2,5.45,7.26,4.66,7.04,No,2,5.37,7.99,64.6,1,8.89
STU03445,Male,IT,6.18,84.2,86.12,0,4,2,0,72.98,3.79,6.03,6.28,5.46,5.62,5.37,Yes,1,4.25,6.11,56.45,1,11.24
STU03446,Male,EEE,8.06,94.28,81.52,2,1,4,0,84.37,7.38,7.0,3.91,4.87,3.53,7.17,No,2,8.05,5.79,53.51,0,0.0
STU03447,Male,EEE,8.0,100.0,81.11,2,3,1,1,53.99,5.19,3.11,7.86,5.93,7.32,3.4,No,1,5.1,7.0,43.13,0,0.0
STU03448,Male,IT,7.07,69.75,75.33,0,3,3,0,63.09,5.02,4.41,5.59,5.86,8.17,5.72,No,2,6.6,3.75,50.2,0,0.0
STU03449,Male,ECE,7.16,72.28,84.66,0,2,0,2,47.97,5.39,2.94,2.85,3.69,2.87,6.43,Yes,4,7.77,5.75,21.78,0,0.0
STU03450,Male,CSE,5.34,76.66,84.89,2,4,0,1,34.19,6.23,7.04,7.06,6.62,5.87,7.34,No,0,8.42,3.49,49.22,0,0.0
STU03451,Female,MECH,5.23,64.15,73.93,2,1,1,4,57.61,4.54,3.4,6.43,6.25,4.29,4.3,Yes,1,4.61,1.42,17.69,0,0.0
STU03452,Male,MECH,8.29,89.95,58.1,4,4,2,4,60.65,5.11,5.51,7.74,6.41,5.8,4.11,Yes,0,3.12,1.9,41.72,0,0.0
STU03453,Female,CSE,9.4,74.29,80.15,1,3,4,3,63.54,4.66,3.56,3.52,5.72,9.51,4.89,No,3,5.22,3.8,51.28,1,9.08
STU03454,Male,ECE,8.83,77.7,74.36,2,2,2,0,40.7,7.51,9.46,8.93,7.61,8.11,5.46,Yes,2,2.13,5.14,64.83,1,9.35
STU03455,Female,EEE,6.98,57.79,88.75,0,6,0,0,49.49,8.21,9.98,7.0,6.12,10.0,4.96,Yes,3,4.33,9.81,48.11,0,0.0
STU03456,Male,IT,6.89,83.03,80.99,0,3,1,1,57.68,5.42,6.82,6.99,5.94,5.85,5.41,No,2,6.77,2.99,42.86,0,0.0
STU03457,Male,EEE,6.46,85.16,45.51,0,3,4,1,42.67,6.02,7.02,7.94,6.29,7.87,5.57,No,1,4.61,6.8,43.86,0,0.0
STU03458,Female,CSE,7.65,71.79,74.13,1,4,0,0,61.78,5.95,5.96,9.34,8.27,6.82,5.26,No,1,4.82,9.33,61.17,1,10.1
STU03459,Male,ECE,6.7,70.89,64.85,2,0,4,0,53.96,5.48,5.06,2.76,4.48,7.82,3.77,No,4,2.54,5.22,49.05,0,0.0
STU03460,Male,MECH,7.37,67.82,59.39,3,1,1,1,77.51,6.08,5.73,7.28,6.75,5.28,3.15,No,1,8.14,1.64,44.52,0,0.0
STU03461,Female,CIVIL,5.85,85.53,76.68,1,1,5,1,56.29,2.87,3.62,5.28,5.87,5.36,3.13,Yes,1,4.55,2.91,32.4,0,0.0
STU03462,Male,CIVIL,6.25,61.82,75.37,1,3,2,0,41.61,3.15,2.63,5.2,6.15,4.21,6.13,Yes,3,5.91,4.64,38.61,0,0.0
STU03463,Male,ECE,6.39,72.73,76.35,1,3,0,0,84.3,6.64,6.92,4.74,4.01,4.66,0.0,Yes,1,3.25,7.02,50.01,0,0.0
STU03464,Male,CIVIL,7.58,57.96,79.73,0,6,1,1,64.91,7.99,9.11,7.39,7.9,2.45,3.43,No,0,5.29,6.59,44.05,0,0.0
STU03465,Female,EEE,5.17,79.84,63.65,4,2,2,0,64.2,6.19,9.65,6.44,5.87,7.42,3.7,No,3,6.28,5.12,55.27,1,8.37
STU03466,Female,IT,7.55,72.69,65.88,0,2,1,2,100.0,7.84,8.91,6.3,6.26,5.2,4.63,Yes,0,5.44,4.16,50.95,0,0.0
STU03467,Male,MECH,9.12,74.41,79.16,1,4,0,3,67.24,5.89,6.16,6.37,6.3,4.87,5.06,Yes,2,5.01,5.01,34.03,0,0.0
STU03468,Male,EEE,8.7,65.34,69.86,2,3,2,2,65.06,8.37,6.32,7.15,6.62,9.11,3.74,Yes,0,6.9,9.77,50.46,0,0.0
STU03469,Female,IT,7.68,82.28,79.67,0,3,0,1,43.37,4.65,5.38,6.65,6.49,5.23,2.09,Yes,3,4.42,5.41,38.85,0,0.0
STU03470,Male,IT,6.54,60.87,85.41,1,1,1,0,53.62,7.87,6.4,7.88,5.68,0.99,4.27,No,1,4.62,4.89,48.63,0,0.0
STU03471,Male,CSE,9.55,76.27,63.82,1,2,1,0,100.0,7.68,8.54,4.7,4.67,2.38,9.04,Yes,4,7.92,4.11,70.42,1,9.99
STU03472,Female,CSE,7.98,77.09,77.55,0,1,3,1,34.94,5.16,6.25,1.36,1.91,9.23,4.98,Yes,1,5.22,5.4,45.15,0,0.0
STU03473,Female,IT,5.5,90.42,76.14,4,2,0,0,70.41,7.24,7.54,5.23,7.48,5.71,4.56,No,0,5.06,0.33,58.26,0,0.0
STU03474,Male,EEE,6.01,76.76,64.99,4,4,1,0,41.27,5.46,4.99,5.57,7.04,6.38,5.51,Yes,3,4.54,9.36,56.1,1,7.87
STU03475,Male,EEE,5.23,77.14,89.83,1,0,0,0,61.48,5.61,5.71,6.3,6.15,5.71,7.42,No,1,3.74,7.92,36.79,0,0.0
STU03476,Male,CSE,8.12,96.36,56.75,2,0,0,0,88.88,6.3,6.9,5.16,3.9,5.82,7.63,Yes,1,6.99,4.47,58.99,1,9.4
STU03477,Female,CSE,6.29,100.0,63.19,2,1,0,1,29.1,6.35,7.68,6.55,6.4,5.85,3.36,No,2,7.93,5.99,45.56,0,0.0
STU03478,Male,ECE,9.26,86.31,62.49,1,4,1,2,57.79,1.03,1.04,4.37,5.81,3.8,3.64,No,3,5.48,4.13,36.74,0,0.0
STU03479,Male,EEE,8.63,74.81,66.03,1,2,1,0,48.81,7.31,8.13,4.36,5.42,2.6,4.79,No,2,6.21,0.64,46.59,0,0.0
STU03480,Male,ECE,9.6,78.21,61.08,1,0,5,0,95.23,3.16,3.32,6.52,6.01,4.8,2.79,Yes,0,6.19,6.89,56.12,1,7.66
STU03481,Male,CIVIL,8.19,65.76,87.8,1,3,1,1,61.03,3.89,4.34,5.85,5.89,8.39,7.74,No,2,5.19,7.55,35.23,0,0.0
STU03482,Male,MECH,7.65,79.07,95.05,1,5,2,0,47.26,7.53,7.49,4.2,5.1,0.57,6.83,No,0,5.84,0.35,44.23,0,0.0
STU03483,Female,CIVIL,6.84,83.64,83.46,0,2,1,1,22.22,5.3,6.0,7.45,5.81,1.43,5.67,No,2,6.43,5.34,23.24,0,0.0
STU03484,Female,CSE,6.01,66.83,90.37,1,3,4,0,83.16,6.34,5.71,4.13,5.39,9.18,5.33,No,1,4.79,3.28,64.36,1,9.73
STU03485,Female,EEE,5.73,84.28,68.91,0,3,0,0,48.0,5.46,2.83,7.12,6.87,10.0,5.53,No,0,7.24,8.01,29.22,0,0.0
STU03486,Female,CIVIL,6.43,91.96,67.93,2,3,0,3,52.07,3.52,2.37,5.46,5.12,6.36,5.09,No,1,8.72,5.23,24.77,0,0.0
STU03487,Female,CSE,6.84,79.94,70.83,3,6,3,0,42.01,5.64,6.7,5.59,5.96,5.1,2.28,Yes,1,6.87,7.84,72.38,1,10.27
STU03488,Male,IT,9.01,91.72,91.71,3,4,2,3,54.74,8.78,7.37,8.18,7.3,10.0,4.95,Yes,0,3.72,8.03,64.76,1,9.97
STU03489,Male,ECE,6.92,73.9,72.83,1,6,5,0,19.98,7.71,7.14,5.57,5.91,7.0,7.53,No,3,5.43,5.99,53.42,0,0.0
STU03490,Female,IT,6.88,69.3,63.89,0,4,0,2,64.91,2.69,4.94,5.81,6.39,4.45,3.18,Yes,1,7.75,6.1,42.92,0,0.0
STU03491,Female,IT,7.74,80.28,70.92,0,1,5,3,76.51,7.43,6.77,8.64,7.33,7.87,5.76,Yes,4,6.72,2.47,50.93,0,0.0
STU03492,Male,ECE,8.64,83.89,67.37,0,5,1,0,76.57,3.54,3.93,5.59,5.67,6.57,2.27,No,1,7.52,2.52,49.13,1,8.76
STU03493,Male,ECE,6.9,83.12,79.99,1,5,0,0,59.95,5.08,5.07,6.39,7.59,3.86,4.69,Yes,1,4.72,2.85,52.98,0,0.0
STU03494,Male,ECE,7.71,79.15,76.73,0,4,1,3,67.4,3.63,4.26,4.29,4.22,7.51,3.34,Yes,0,3.94,10.0,33.24,0,0.0
STU03495,Male,MECH,7.91,82.54,64.08,2,3,5,0,72.36,6.13,7.67,4.84,4.72,5.51,4.18,Yes,1,0.26,4.26,54.78,1,8.33
STU03496,Male,CSE,7.54,69.74,76.43,1,5,0,1,62.29,6.52,7.4,3.33,3.9,5.72,6.44,No,1,3.52,5.01,53.43,0,0.0
STU03497,Female,IT,5.93,85.85,60.2,1,3,2,1,83.43,8.49,7.71,7.26,6.82,3.77,4.23,Yes,2,3.34,2.06,57.38,1,9.54
STU03498,Female,EEE,8.73,60.85,67.76,0,2,0,0,38.55,4.52,8.7,4.3,4.66,7.87,4.71,No,1,5.4,5.95,42.51,0,0.0
STU03499,Male,CSE,7.71,81.89,66.83,0,5,4,2,68.83,8.12,7.66,5.34,5.6,0.0,5.47,Yes,2,4.91,8.09,57.86,1,9.11
STU03500,Male,ECE,7.95,68.62,72.24,0,4,2,0,43.88,6.31,6.5,4.09,4.3,0.31,4.66,No,3,5.83,5.61,47.81,1,7.29
STU03501,Female,MECH,7.48,72.46,54.76,1,2,1,0,34.1,5.14,6.96,5.95,4.83,8.76,5.72,Yes,4,4.88,3.35,37.83,0,0.0
STU03502,Male,CSE,8.02,69.1,67.5,3,1,0,0,70.26,6.64,5.48,6.88,5.62,3.43,3.16,No,0,4.76,6.76,61.6,0,0.0
STU03503,Female,ECE,7.38,88.49,79.32,3,4,5,0,68.21,5.35,3.66,5.31,5.23,6.72,4.86,Yes,0,4.04,2.89,67.46,1,9.28
STU03504,Male,CSE,4.42,69.09,79.05,1,1,0,2,32.56,5.0,3.74,5.36,5.7,6.01,4.06,Yes,2,6.22,5.0,26.52,0,0.0
STU03505,Male,CIVIL,5.64,78.76,75.19,0,5,1,1,69.46,5.14,6.17,5.12,5.65,4.33,4.14,No,0,6.91,6.79,31.2,0,0.0
STU03506,Male,ECE,7.57,86.85,64.28,1,2,2,1,71.23,4.92,6.58,6.45,4.81,0.58,8.29,No,1,3.78,8.51,45.88,0,0.0
STU03507,Male,IT,7.5,82.65,65.49,3,1,3,0,58.79,6.46,7.75,5.23,4.64,3.4,6.54,Yes,1,5.82,4.26,63.7,1,8.91
STU03508,Male,CSE,7.07,80.69,68.69,2,2,0,0,48.89,5.55,4.43,5.62,6.59,8.75,5.16,Yes,0,5.98,4.56,57.77,1,9.83
STU03509,Female,IT,8.52,91.76,56.19,1,3,1,0,62.47,4.84,6.09,6.1,6.39,5.7,10.0,Yes,3,5.02,3.4,55.93,0,0.0
STU03510,Male,CSE,5.88,69.28,83.73,2,2,0,0,51.75,6.03,5.17,6.94,6.72,2.36,6.21,Yes,1,6.75,5.74,52.85,0,0.0
STU03511,Male,CSE,6.69,94.99,53.26,2,3,0,2,76.8,6.64,4.06,8.94,7.28,1.01,4.11,Yes,1,2.74,5.68,50.27,0,0.0
STU03512,Male,EEE,6.07,85.45,69.51,2,4,3,2,47.19,6.96,6.36,5.94,6.53,8.32,3.87,Yes,1,6.0,7.91,46.48,1,7.32
STU03513,Male,CSE,6.46,56.36,79.29,0,4,4,2,100.0,6.51,6.71,6.86,5.95,3.35,3.33,Yes,3,4.52,6.42,53.16,0,0.0
STU03514,Male,CSE,9.63,76.14,69.23,2,1,4,0,48.79,4.28,4.1,4.28,6.1,5.84,3.41,No,3,1.52,2.48,54.65,1,8.74
STU03515,Female,EEE,8.38,67.49,73.76,3,0,4,2,88.57,5.67,4.36,1.93,4.29,6.18,6.27,Yes,4,5.7,3.77,42.63,0,0.0
STU03516,Male,CIVIL,7.25,54.06,78.15,3,5,1,2,58.35,3.44,2.47,4.96,5.83,7.11,8.09,No,1,6.14,2.35,35.32,0,0.0
STU03517,Male,CSE,7.49,71.3,77.37,0,3,3,2,68.65,5.66,3.48,6.71,5.93,4.29,4.83,Yes,2,5.3,3.8,48.46,0,0.0
STU03518,Male,EEE,7.2,74.58,63.74,0,1,2,3,97.42,4.78,4.77,5.82,5.51,7.28,4.99,No,1,5.79,8.61,26.88,0,0.0
STU03519,Female,IT,5.93,93.22,73.4,2,1,2,0,55.81,6.87,7.09,6.32,7.48,6.66,6.9,No,2,5.0,5.39,53.12,0,0.0
STU03520,Male,EEE,6.64,86.29,95.54,0,1,0,0,40.78,7.03,7.17,6.27,6.39,6.36,5.3,No,2,6.47,5.11,37.04,0,0.0
STU03521,Male,CSE,7.99,90.07,80.24,4,4,0,1,55.31,5.69,6.18,3.78,5.24,2.39,2.2,Yes,1,6.68,3.06,56.64,0,0.0
STU03522,Male,CSE,6.87,67.44,100.0,0,3,4,1,27.94,5.18,6.17,7.28,6.44,3.38,7.5,No,0,3.39,9.67,48.57,0,0.0
STU03523,Female,CSE,8.16,77.19,85.91,1,2,3,1,60.12,3.61,5.28,7.94,6.46,5.33,0.15,Yes,0,6.06,4.73,55.1,0,0.0
STU03524,Male,CSE,6.13,80.39,79.57,1,3,5,0,45.62,3.95,3.56,4.75,5.71,5.24,6.58,No,2,5.33,3.18,43.62,0,0.0
STU03525,Female,IT,7.89,83.73,67.59,2,3,0,1,50.35,7.56,7.23,4.04,4.51,5.01,7.39,Yes,0,4.63,4.72,58.4,1,9.8
STU03526,Male,IT,8.98,81.86,70.03,3,5,3,0,39.69,5.08,4.03,4.94,5.16,4.22,1.25,Yes,1,4.45,4.99,65.96,1,10.28
STU03527,Male,CIVIL,6.5,74.09,86.75,3,5,3,1,54.5,5.39,4.78,5.39,5.58,4.27,6.62,Yes,0,4.34,6.98,41.84,0,0.0
STU03528,Male,CIVIL,5.37,67.6,66.17,0,0,1,0,66.76,8.7,9.86,3.34,5.07,8.36,3.05,Yes,2,3.01,7.19,35.45,0,0.0
STU03529,Female,CIVIL,9.66,73.26,76.63,0,4,5,2,76.71,10.0,10.0,2.63,5.4,9.02,7.63,No,2,7.09,6.33,43.1,0,0.0
STU03530,Male,CSE,6.02,77.05,76.87,1,5,0,2,61.72,2.52,4.14,8.44,7.87,6.55,5.78,Yes,2,5.62,1.2,48.69,0,0.0
STU03531,Female,MECH,9.07,87.25,46.77,1,4,3,0,87.05,6.1,5.39,4.92,7.57,7.23,4.39,Yes,2,7.68,6.34,51.55,1,7.94
STU03532,Male,EEE,5.12,82.52,50.39,3,3,1,0,76.15,7.91,9.42,4.44,4.88,3.33,7.05,No,2,5.6,0.08,50.14,0,0.0
STU03533,Male,IT,7.01,74.47,82.17,2,0,0,4,67.89,5.16,3.97,9.96,7.92,5.04,8.11,Yes,2,8.9,5.8,40.97,0,0.0
STU03534,Male,ECE,8.63,90.71,85.04,2,4,0,4,55.48,6.46,5.81,6.1,6.08,3.88,6.7,No,0,5.91,9.03,35.02,0,0.0
STU03535,Female,EEE,7.4,81.65,59.01,1,3,1,0,54.26,6.92,6.58,8.15,7.25,3.03,6.98,No,2,6.74,6.08,44.23,0,0.0
STU03536,Female,MECH,9.75,90.36,75.93,1,1,0,1,100.0,6.61,5.77,6.33,5.53,3.46,7.44,Yes,2,5.35,8.71,44.53,0,0.0
STU03537,Female,CSE,6.52,79.76,72.81,2,0,2,2,71.0,3.44,5.35,8.47,7.0,5.27,7.59,Yes,0,10.0,4.09,52.04,0,0.0
STU03538,Female,EEE,6.28,73.41,67.09,0,6,0,0,60.2,8.66,6.55,4.31,5.06,6.94,7.24,No,1,2.07,2.97,41.66,0,0.0
STU03539,Male,CIVIL,8.26,100.0,100.0,4,5,0,0,70.01,6.05,5.37,7.18,6.5,8.25,7.01,No,0,3.97,6.6,46.91,1,6.9
STU03540,Male,CSE,5.99,82.76,56.69,3,0,2,0,55.84,5.83,6.09,7.45,6.27,5.74,5.26,Yes,0,5.21,6.12,59.97,1,9.78
STU03541,Male,EEE,6.83,72.93,79.26,2,3,1,1,41.91,7.38,6.92,4.53,6.21,4.69,8.59,Yes,0,4.71,6.74,46.28,0,0.0
STU03542,Female,EEE,5.4,75.86,77.36,3,4,0,0,66.22,5.25,4.81,6.03,7.22,5.09,3.21,No,0,8.25,1.18,44.15,0,0.0
STU03543,Male,IT,7.9,82.36,55.77,0,0,2,0,72.76,4.42,4.14,5.48,5.97,4.38,2.47,No,2,6.38,5.17,43.84,0,0.0
STU03544,Female,CSE,8.27,100.0,69.4,0,6,1,1,75.12,6.03,6.29,7.35,6.71,4.44,3.37,Yes,4,4.48,4.18,59.64,1,10.43
STU03545,Female,ECE,7.67,77.59,65.11,2,5,1,0,51.17,6.59,6.62,5.8,5.85,0.19,5.04,Yes,3,3.6,5.84,58.31,0,0.0
STU03546,Female,ECE,8.02,77.92,71.23,1,3,1,2,45.85,5.3,4.41,10.0,7.68,5.93,3.19,No,0,7.19,5.78,42.44,0,0.0
STU03547,Male,MECH,7.9,74.51,77.56,2,6,5,0,53.29,4.28,4.81,6.74,5.18,3.86,3.48,Yes,0,4.7,2.8,54.15,0,0.0
STU03548,Female,IT,8.37,46.6,72.34,2,3,1,2,63.53,7.34,7.52,6.08,6.84,8.38,8.22,No,2,6.67,4.85,57.58,1,10.21
STU03549,Female,ECE,6.6,85.83,65.41,0,4,1,4,83.46,7.5,5.38,4.82,4.9,7.02,3.91,No,0,3.54,0.23,35.55,0,0.0
STU03550,Male,CSE,6.18,69.85,73.6,0,6,2,0,47.62,5.11,2.67,7.74,6.55,3.59,2.88,No,3,4.46,5.58,50.89,0,0.0
STU03551,Female,CSE,7.56,79.42,57.62,0,3,0,0,67.19,8.15,8.3,7.9,6.13,8.65,2.77,Yes,0,3.24,1.36,56.76,1,10.35
STU03552,Female,IT,7.11,76.9,85.72,1,4,2,0,41.38,7.72,8.32,7.96,7.43,6.25,2.14,No,4,4.94,6.63,57.58,1,9.73
STU03553,Female,ECE,6.77,80.9,60.52,1,0,5,0,77.64,8.54,7.27,4.79,4.41,6.59,8.11,No,2,5.22,3.92,46.95,0,0.0
STU03554,Male,MECH,5.32,77.38,52.84,1,4,5,2,61.92,5.17,6.45,4.69,6.59,5.87,4.08,No,2,7.76,6.27,37.21,0,0.0
STU03555,Female,CSE,7.1,73.04,81.55,1,4,2,2,98.69,5.52,5.88,5.93,6.5,0.7,1.9,Yes,1,6.7,3.54,55.24,0,0.0
STU03556,Male,IT,8.52,79.66,78.79,1,5,2,0,44.29,5.17,6.89,6.56,4.61,6.69,10.0,Yes,1,8.91,3.19,63.59,1,9.13
STU03557,Male,CSE,6.21,80.79,60.21,3,0,1,1,66.17,4.89,5.41,6.56,5.17,7.94,6.78,No,2,8.9,0.69,56.09,1,9.01
STU03558,Female,CSE,8.29,87.06,74.6,1,4,1,0,45.12,7.16,6.55,6.07,6.72,1.35,3.49,Yes,1,6.08,2.27,67.73,1,10.64
STU03559,Male,EEE,8.53,79.21,82.79,0,4,2,0,70.28,4.62,4.29,7.83,8.07,5.83,2.4,Yes,1,5.72,3.93,52.99,0,0.0
STU03560,Male,ECE,6.27,66.35,76.74,4,3,4,0,93.01,7.64,7.55,8.71,6.59,2.96,8.78,Yes,2,5.76,3.62,74.86,1,9.14
STU03561,Male,ECE,5.56,94.95,75.08,4,5,4,3,70.48,5.35,6.76,6.68,5.92,6.74,4.6,Yes,1,5.85,9.11,52.46,0,0.0
STU03562,Female,IT,6.5,96.47,63.06,0,6,4,0,71.29,7.29,7.56,6.81,5.64,5.6,4.95,Yes,0,4.07,7.13,65.09,1,9.45
STU03563,Male,ECE,8.29,62.25,88.94,0,3,4,4,68.13,6.62,5.56,2.82,3.84,4.9,6.35,Yes,1,4.31,5.05,37.31,0,0.0
STU03564,Female,CSE,8.09,71.55,82.84,2,1,0,0,70.92,6.43,6.5,8.76,7.31,6.3,3.43,Yes,0,6.75,3.95,65.06,1,10.25
STU03565,Male,ECE,6.81,90.61,62.94,0,5,3,0,72.02,5.41,5.76,5.14,7.55,7.45,8.76,Yes,1,5.67,2.07,56.15,0,0.0
STU03566,Male,ECE,6.61,62.48,84.93,1,1,2,3,48.3,7.59,9.19,7.03,7.0,4.87,9.17,No,3,4.98,3.43,33.79,0,0.0
STU03567,Female,ECE,6.79,91.38,68.56,1,4,4,1,84.7,6.97,8.62,6.22,5.95,4.8,2.47,Yes,3,0.46,6.71,59.73,0,0.0
STU03568,Female,CIVIL,5.25,83.85,63.31,0,3,1,0,79.36,7.37,7.35,5.61,5.43,8.81,5.22,Yes,4,5.02,10.0,35.88,0,0.0
STU03569,Male,ECE,6.2,86.31,64.58,0,4,4,2,53.97,4.54,5.99,6.34,7.52,3.21,3.96,Yes,2,5.42,6.31,42.36,0,0.0
STU03570,Male,EEE,5.74,65.59,72.61,2,0,2,0,40.56,4.89,5.39,9.6,7.18,8.36,4.67,No,1,9.35,5.87,44.71,0,0.0
STU03571,Male,EEE,7.82,90.77,85.48,4,2,0,0,88.11,5.22,4.69,5.48,5.19,3.91,1.2,Yes,0,2.71,4.56,54.37,0,0.0
STU03572,Male,CSE,7.07,92.48,67.58,2,3,4,0,51.88,2.96,5.01,7.21,5.6,2.38,3.62,No,0,5.98,8.44,56.85,1,9.42
STU03573,Female,EEE,7.95,86.06,90.96,0,1,2,0,47.1,9.09,8.84,4.99,5.58,6.12,6.89,No,1,4.87,5.11,46.49,0,0.0
STU03574,Female,CSE,7.33,82.81,86.98,2,2,0,2,32.09,3.93,4.3,10.0,6.85,5.67,3.3,Yes,2,6.47,5.87,49.06,0,0.0
STU03575,Male,ECE,8.49,84.44,66.43,1,4,2,2,90.88,8.71,7.57,7.88,4.93,2.93,2.67,Yes,1,3.92,4.59,55.69,1,7.32
STU03576,Male,CSE,4.32,87.42,74.89,4,4,0,0,89.73,2.38,5.16,6.27,5.64,3.73,10.0,No,1,6.25,8.15,57.04,0,0.0
STU03577,Female,IT,7.27,68.51,76.76,1,4,4,0,38.17,3.52,4.87,6.33,5.32,4.81,3.77,Yes,1,5.51,8.07,56.65,0,0.0
STU03578,Male,CSE,7.15,80.19,79.41,0,3,3,0,45.58,2.1,1.03,6.08,5.96,3.0,2.38,Yes,1,4.45,5.83,44.69,0,0.0
STU03579,Male,EEE,6.98,76.11,68.49,0,2,0,0,74.33,7.21,8.29,8.09,6.76,2.05,9.33,No,3,1.44,4.21,39.42,0,0.0
STU03580,Male,ECE,7.27,89.86,67.43,2,0,0,0,81.14,4.2,4.52,4.57,5.72,2.55,2.63,No,2,8.27,4.03,46.5,0,0.0
STU03581,Male,CIVIL,6.79,83.03,61.62,4,6,1,0,88.92,5.24,5.82,8.41,6.47,6.11,9.47,No,0,2.68,5.84,52.36,1,7.24
STU03582,Female,EEE,7.47,91.83,77.45,2,3,1,0,50.4,3.68,3.67,9.96,8.7,7.47,5.92,No,4,8.75,7.36,50.92,0,0.0
STU03583,Male,IT,6.56,56.96,93.52,2,3,4,1,85.92,8.27,6.54,7.76,7.78,4.2,4.49,No,0,6.2,5.45,62.61,1,10.66
STU03584,Female,CSE,6.55,68.23,63.71,4,4,2,3,66.31,7.73,7.71,7.24,7.13,5.33,0.59,Yes,2,4.77,8.96,62.81,1,9.51
STU03585,Male,CIVIL,7.73,65.86,78.29,0,1,0,1,43.82,5.15,5.53,8.56,7.63,7.99,0.33,Yes,2,4.4,9.47,31.48,0,0.0
STU03586,Male,IT,6.38,97.03,77.22,1,4,5,1,68.71,3.41,2.48,4.22,5.35,0.71,9.54,Yes,0,6.03,8.32,50.58,1,9.2
STU03587,Female,CSE,5.34,66.57,85.31,2,2,1,0,38.26,6.82,7.42,8.86,7.44,5.06,8.95,No,0,3.99,2.94,57.19,1,8.66
STU03588,Male,CSE,7.2,91.26,86.62,2,1,1,0,58.14,5.14,5.1,3.88,5.32,7.11,6.25,No,0,8.1,9.87,57.08,0,0.0
STU03589,Female,EEE,7.67,80.13,55.41,2,6,3,3,69.59,5.05,3.08,5.38,5.88,6.32,2.41,No,0,3.05,4.3,42.08,0,0.0
STU03590,Female,CIVIL,6.33,76.13,68.75,1,2,2,0,43.71,5.64,5.35,2.41,2.65,6.87,5.15,No,0,7.99,6.16,31.05,0,0.0
STU03591,Male,IT,6.29,79.28,71.75,1,4,2,1,89.76,4.69,4.54,5.87,5.35,4.11,5.99,Yes,0,4.78,4.35,54.52,0,0.0
STU03592,Male,EEE,7.02,63.22,77.41,1,3,3,0,98.73,4.62,3.55,4.97,5.96,5.7,5.43,Yes,1,6.94,6.49,54.7,0,0.0
STU03593,Male,MECH,6.98,85.3,70.55,1,0,1,2,68.53,9.64,8.94,6.43,7.32,8.69,6.03,Yes,0,5.98,5.16,42.24,0,0.0
STU03594,Male,ECE,8.25,80.63,87.88,4,0,1,0,66.87,6.55,7.41,8.06,6.86,3.53,2.92,No,0,8.0,0.19,57.93,0,0.0
STU03595,Male,IT,9.14,83.7,76.24,2,3,4,0,71.55,6.86,6.98,5.88,7.22,6.08,2.32,Yes,1,4.73,4.65,74.1,1,12.35
STU03596,Male,CSE,6.99,65.55,68.36,2,2,3,2,75.17,7.04,7.97,6.05,5.83,5.24,1.91,Yes,2,2.14,9.08,62.4,1,9.74
STU03597,Male,EEE,7.35,66.34,73.93,0,6,3,2,70.62,5.43,4.81,9.14,7.59,3.01,3.71,Yes,1,4.55,3.17,41.5,0,0.0
STU03598,Male,ECE,8.05,73.78,77.21,1,4,2,0,66.48,4.14,3.61,4.84,7.09,2.62,3.64,Yes,0,2.75,6.44,54.53,1,7.94
STU03599,Male,IT,5.9,76.66,82.05,3,2,2,1,39.44,6.15,7.78,5.13,5.04,8.01,1.84,Yes,0,5.86,8.92,53.74,1,10.27
STU03600,Male,CSE,7.87,89.76,52.1,0,1,2,0,74.91,5.86,5.47,5.33,5.1,5.02,9.03,No,1,1.13,7.2,46.06,1,7.4
STU03601,Female,EEE,6.33,83.76,71.92,0,2,2,1,66.99,7.68,6.73,6.16,6.03,6.35,5.17,No,2,10.0,5.62,31.64,0,0.0
STU03602,Female,ECE,7.09,94.41,72.21,0,3,1,0,86.26,5.01,4.45,7.33,7.35,6.89,5.37,Yes,0,5.96,6.62,55.93,1,8.27
STU03603,Male,ECE,8.0,74.27,62.29,2,1,5,0,52.28,5.97,5.21,8.17,5.72,6.76,5.41,No,1,4.3,3.23,52.99,1,7.45
STU03604,Female,IT,8.0,88.05,71.94,1,3,3,1,66.4,4.04,7.05,5.79,5.75,6.92,5.35,No,1,3.18,8.48,55.04,1,9.51
STU03605,Female,CSE,7.44,61.79,83.71,0,4,1,0,42.03,3.48,3.39,4.62,5.05,3.77,4.39,Yes,0,5.02,5.07,40.68,0,0.0
STU03606,Female,IT,7.26,70.35,87.74,3,4,1,0,99.04,7.96,6.7,5.59,3.71,7.04,2.66,Yes,1,6.33,4.44,73.07,1,11.19
STU03607,Female,ECE,6.66,67.15,67.26,0,4,3,0,73.52,7.07,9.45,4.91,5.44,4.83,3.62,Yes,0,5.04,4.32,52.79,0,0.0
STU03608,Female,ECE,7.7,81.4,63.78,1,6,2,0,71.51,5.74,6.24,7.58,5.59,8.85,2.19,No,1,3.3,4.24,59.69,0,0.0
STU03609,Male,CSE,8.58,83.11,72.54,1,3,0,2,69.16,8.98,9.92,7.33,7.28,8.16,4.56,No,4,7.27,8.11,55.62,1,7.97
STU03610,Female,CSE,6.79,60.71,70.46,2,1,2,1,37.1,6.85,6.24,7.7,7.48,8.58,8.55,Yes,0,7.36,1.97,56.86,1,8.05
STU03611,Male,MECH,8.7,74.94,64.31,0,2,1,0,55.04,4.97,6.01,7.11,6.25,6.55,2.59,No,0,3.23,4.68,43.1,0,0.0
STU03612,Female,ECE,6.82,71.09,70.07,2,4,0,1,56.12,4.48,2.73,5.61,5.34,8.28,6.1,No,1,7.8,4.62,42.68,0,0.0
STU03613,Male,EEE,5.67,80.22,77.81,1,3,1,4,33.4,7.05,7.92,7.15,6.25,5.99,3.02,Yes,1,3.01,4.69,28.15,0,0.0
STU03614,Male,IT,7.41,83.56,58.58,0,4,5,0,53.84,3.35,2.79,7.96,7.14,4.62,3.4,Yes,0,6.1,2.89,53.47,0,0.0
STU03615,Male,IT,6.47,87.71,74.7,1,0,1,0,44.22,4.11,6.99,9.47,9.26,2.82,8.86,Yes,0,4.22,8.78,51.4,1,8.67
STU03616,Male,ECE,6.17,64.98,76.39,0,4,1,3,57.32,3.41,2.7,4.91,6.03,6.04,3.17,No,2,2.49,7.3,27.15,0,0.0
STU03617,Male,CSE,7.2,75.56,64.81,3,1,3,1,55.89,5.84,5.19,8.48,7.16,4.19,5.37,Yes,1,4.53,3.18,63.05,1,10.52
STU03618,Female,EEE,5.84,66.91,65.47,3,4,0,0,64.05,5.87,4.48,6.71,7.0,3.95,5.38,No,0,5.31,7.13,58.17,1,8.63
STU03619,Female,MECH,9.92,84.83,77.03,0,6,3,0,53.6,7.0,8.39,7.47,6.79,7.77,5.67,No,2,3.82,4.95,51.23,0,0.0
STU03620,Female,CSE,5.88,75.86,87.1,3,0,0,3,81.24,7.37,6.31,8.49,6.91,8.1,5.69,Yes,1,5.88,9.42,52.52,1,8.65
STU03621,Male,IT,7.6,82.28,63.91,0,3,3,0,41.03,5.94,6.51,6.64,5.85,6.3,2.73,No,2,4.62,5.01,53.47,1,9.35
STU03622,Male,ECE,7.07,66.22,74.78,0,2,1,0,70.91,6.4,6.84,5.61,6.47,2.06,4.62,Yes,0,5.01,4.57,49.3,0,0.0
STU03623,Female,CSE,6.41,99.9,77.82,2,2,1,2,68.09,7.92,9.53,2.68,5.03,3.82,7.92,No,0,2.33,7.57,50.56,0,0.0
STU03624,Male,CSE,8.62,82.76,79.08,2,2,1,0,59.75,6.03,5.73,7.33,6.8,8.64,7.61,Yes,2,6.84,6.85,67.61,1,9.73
STU03625,Male,CSE,8.38,53.92,76.29,0,2,1,1,86.91,3.24,4.51,4.88,3.87,4.5,6.24,No,0,3.88,5.6,47.11,0,0.0
STU03626,Female,EEE,7.9,82.29,47.2,3,4,0,1,44.35,6.52,7.27,4.03,5.18,5.81,6.09,Yes,4,3.29,5.14,42.76,0,0.0
STU03627,Male,EEE,5.48,93.47,69.54,1,4,5,3,34.37,5.45,6.32,5.24,6.1,6.09,4.37,Yes,3,6.9,6.36,28.76,0,0.0
STU03628,Male,EEE,7.97,69.88,68.55,0,1,1,0,55.28,6.83,7.5,6.54,4.72,6.06,3.96,Yes,0,5.75,3.21,40.41,0,0.0
STU03629,Female,ECE,6.88,73.74,97.55,1,0,4,0,74.48,4.47,4.31,5.77,4.47,1.18,0.21,Yes,0,4.69,4.03,46.36,0,0.0
STU03630,Male,IT,5.99,88.3,63.26,2,3,2,0,90.43,5.71,5.5,4.76,5.21,6.25,2.83,No,0,5.43,0.0,61.29,1,10.14
STU03631,Female,IT,8.76,67.8,79.17,2,5,2,1,47.31,4.61,4.05,6.76,6.13,0.66,6.62,No,0,7.9,5.99,55.52,0,0.0
STU03632,Male,IT,7.43,80.81,77.42,1,6,0,3,61.26,4.6,4.81,8.14,6.14,6.13,7.14,Yes,2,3.83,2.62,46.74,1,7.84
STU03633,Male,ECE,7.76,86.72,90.84,0,2,3,1,57.91,2.47,1.2,6.04,4.89,7.1,3.3,No,3,5.37,9.47,39.93,0,0.0
STU03634,Male,CSE,7.35,79.37,59.76,2,1,4,0,65.68,2.65,3.4,7.89,6.85,5.15,4.74,No,2,4.8,6.78,54.39,1,9.14
STU03635,Male,CSE,9.05,76.94,67.74,1,4,3,0,49.06,6.71,6.42,3.94,5.41,7.32,2.9,Yes,4,3.91,3.98,64.57,0,0.0
STU03636,Male,MECH,5.75,86.13,84.01,0,2,0,0,48.06,0.95,2.73,6.08,7.11,8.83,6.47,Yes,4,4.89,6.65,34.24,0,0.0
STU03637,Male,ECE,6.13,78.25,81.18,0,5,3,0,42.79,5.11,6.15,5.13,7.18,0.35,7.22,Yes,0,5.95,1.48,47.24,0,0.0
STU03638,Male,EEE,5.08,88.77,61.15,1,2,2,3,56.99,5.36,4.04,3.28,3.84,3.89,10.0,No,0,5.82,6.86,24.19,0,0.0
STU03639,Male,ECE,7.11,65.83,77.57,2,2,1,0,63.03,5.98,5.69,8.12,6.94,4.62,2.43,Yes,4,5.61,7.14,52.85,1,6.96
STU03640,Male,EEE,8.65,80.9,80.32,2,2,2,3,55.73,0.98,0.0,7.08,5.41,5.41,4.31,Yes,0,9.03,5.25,30.79,0,0.0
STU03641,Male,CSE,8.68,62.23,64.47,1,3,1,0,47.14,8.74,10.0,4.82,5.66,4.92,7.79,Yes,2,3.53,7.18,61.86,1,10.14
STU03642,Male,ECE,5.23,71.33,71.67,2,6,1,0,39.27,6.04,6.29,9.73,7.3,5.55,3.39,No,0,5.62,9.95,55.83,1,8.4
STU03643,Female,CSE,7.35,68.66,64.62,1,5,1,4,65.63,6.61,6.55,6.38,7.23,7.21,4.62,No,3,4.65,4.29,41.14,0,0.0
STU03644,Male,CSE,8.67,87.37,47.74,0,2,2,0,84.82,4.44,3.53,5.67,6.54,4.68,5.38,No,3,6.29,3.76,59.92,1,9.42
STU03645,Female,CSE,6.94,71.06,74.57,2,1,4,0,66.67,6.91,6.93,5.66,6.47,5.57,4.0,No,0,4.65,4.31,63.63,1,10.57
STU03646,Male,EEE,5.97,79.36,85.8,1,2,2,1,14.56,7.87,8.81,6.66,7.29,5.06,3.61,Yes,1,8.86,4.72,42.22,0,0.0
STU03647,Female,IT,8.86,78.7,82.79,2,5,5,0,78.69,8.59,7.32,6.71,5.78,7.85,6.59,Yes,1,3.75,7.18,78.3,1,11.02
STU03648,Female,CSE,8.5,75.96,84.19,0,1,1,0,60.0,2.65,2.41,8.55,7.44,5.65,3.0,No,0,5.34,4.35,46.58,0,0.0
STU03649,Male,CSE,4.52,74.57,93.57,1,2,0,1,76.42,4.06,3.08,5.25,7.09,6.91,3.44,No,4,4.52,4.91,38.13,0,0.0
STU03650,Female,CSE,7.22,79.19,65.71,1,4,1,0,53.23,6.14,4.2,8.12,6.21,5.68,6.96,No,0,2.27,6.35,47.92,0,0.0
STU03651,Male,ECE,6.98,81.56,79.34,2,5,4,0,86.83,6.45,4.07,6.51,6.74,5.23,8.66,Yes,0,4.36,5.02,62.8,0,0.0
STU03652,Male,IT,5.84,73.61,78.54,1,3,0,1,66.55,3.19,4.33,7.37,7.17,6.97,4.27,No,1,5.91,9.18,41.1,0,0.0
STU03653,Male,CIVIL,5.57,96.71,92.92,1,3,1,2,80.94,7.42,8.14,5.45,4.75,5.91,1.55,No,2,4.31,1.54,38.33,0,0.0
STU03654,Male,IT,6.61,74.23,56.87,2,3,4,0,88.41,7.4,5.26,5.86,7.02,8.56,5.8,No,0,4.73,0.0,64.28,1,10.97
STU03655,Male,CSE,4.31,72.16,81.34,1,2,1,2,100.0,1.96,0.0,5.68,5.62,5.75,7.04,Yes,0,3.24,1.88,35.28,0,0.0
STU03656,Male,EEE,7.92,77.06,64.09,1,3,1,0,50.99,3.98,5.4,4.88,5.51,0.85,9.58,Yes,1,6.29,3.99,44.9,0,0.0
STU03657,Female,CSE,8.71,65.32,70.51,1,4,4,0,79.51,4.22,3.58,4.0,4.47,8.49,4.01,Yes,2,4.26,5.21,62.57,0,0.0
STU03658,Male,MECH,8.29,89.17,67.99,3,3,3,0,56.08,4.69,3.68,3.54,4.93,3.94,4.63,No,2,4.69,4.96,48.31,1,7.28
STU03659,Male,CIVIL,8.17,57.26,66.85,1,2,3,0,89.31,6.72,5.45,6.06,5.75,6.49,4.91,Yes,2,7.88,4.9,45.12,0,0.0
STU03660,Male,EEE,8.37,100.0,68.19,0,0,1,0,44.9,8.15,9.02,2.67,2.96,7.58,9.56,Yes,0,7.34,5.69,44.03,0,0.0
STU03661,Female,ECE,6.37,93.24,76.85,2,3,0,0,91.34,7.49,7.4,6.86,5.61,3.3,4.16,Yes,2,7.42,4.75,64.27,1,8.15
STU03662,Female,CIVIL,6.71,92.13,65.64,1,4,0,0,68.69,8.16,10.0,4.83,5.7,7.24,5.06,No,0,5.82,7.11,41.69,0,0.0
STU03663,Female,CSE,7.7,90.15,88.64,0,2,3,2,41.01,5.48,8.11,6.19,6.28,6.7,3.77,No,2,6.88,1.12,44.71,0,0.0
STU03664,Female,ECE,6.34,68.65,100.0,2,1,2,0,35.01,3.69,3.47,5.73,5.3,6.01,3.69,Yes,2,6.39,6.6,45.57,0,0.0
STU03665,Male,IT,8.58,70.4,61.44,0,4,3,0,88.0,4.28,4.83,9.31,6.92,7.63,4.63,Yes,2,3.81,4.66,63.61,1,10.24
STU03666,Female,CSE,9.07,91.02,82.45,1,2,3,2,72.73,7.54,7.1,5.38,8.97,6.04,7.87,Yes,2,5.42,5.28,55.13,0,0.0
STU03667,Male,ECE,9.25,79.98,82.53,0,6,3,1,58.95,6.94,5.48,5.13,6.18,5.35,3.8,Yes,0,4.21,6.05,51.19,1,7.71
STU03668,Female,ECE,7.6,70.98,64.65,0,1,1,0,20.73,8.96,8.09,5.45,6.14,4.74,6.23,Yes,4,4.18,3.38,43.04,0,0.0
STU03669,Male,ECE,6.53,78.43,80.54,1,4,2,2,80.44,8.22,7.31,9.57,7.93,2.98,2.49,Yes,2,8.15,8.02,56.78,1,8.03
STU03670,Female,CSE,6.02,67.03,76.05,0,5,2,0,77.37,7.1,5.97,5.35,4.52,4.71,2.16,Yes,0,4.26,10.0,68.67,1,8.9
STU03671,Male,MECH,6.85,84.09,88.98,2,2,0,1,63.95,10.0,10.0,6.34,6.86,5.02,3.26,Yes,0,8.03,4.85,42.98,1,6.85
STU03672,Female,CSE,7.74,64.59,81.79,0,6,1,0,74.59,6.98,4.9,3.7,3.86,2.01,3.68,Yes,0,6.63,6.44,56.25,1,8.78
STU03673,Male,EEE,6.55,75.05,65.11,1,2,1,0,63.27,5.53,7.24,6.57,7.09,5.12,3.07,No,1,6.61,3.28,46.3,0,0.0
STU03674,Female,ECE,5.53,82.36,48.57,2,0,3,0,77.11,7.14,5.65,7.76,6.3,1.05,5.47,No,2,3.11,0.0,48.23,0,0.0
STU03675,Male,CSE,6.86,70.74,74.44,0,4,0,0,65.02,6.09,6.54,5.28,4.91,5.46,6.15,No,0,3.9,3.56,46.96,1,7.66
STU03676,Male,CSE,8.73,83.97,71.76,3,4,5,1,73.64,5.1,7.26,10.0,8.1,8.27,6.14,Yes,2,5.12,3.29,75.51,1,10.29
STU03677,Male,MECH,7.89,72.13,96.99,0,4,1,0,73.17,4.95,4.41,5.28,4.76,4.86,5.12,No,3,3.69,5.76,35.17,0,0.0
STU03678,Male,CSE,6.89,82.39,58.83,0,3,1,1,61.81,7.02,6.9,4.1,4.0,4.27,5.63,Yes,1,4.4,4.68,49.17,0,0.0
STU03679,Male,IT,6.9,78.49,84.98,2,1,1,0,44.4,5.75,5.9,5.8,5.56,6.09,4.11,No,0,4.75,4.9,48.91,0,0.0
STU03680,Male,IT,5.34,74.89,72.6,3,4,0,1,60.49,4.06,3.9,4.75,6.44,5.69,3.94,No,0,5.93,5.68,48.16,1,7.5
STU03681,Female,MECH,8.18,70.21,79.88,4,3,4,1,100.0,3.92,6.37,6.37,6.62,5.69,7.08,Yes,1,5.29,6.1,52.15,1,7.29
STU03682,Male,CIVIL,7.9,80.06,72.36,3,1,2,1,76.78,4.77,5.63,8.5,8.51,4.96,3.66,Yes,4,6.41,6.13,41.21,0,0.0
STU03683,Male,MECH,7.88,83.94,98.8,0,2,2,2,40.95,6.61,6.87,5.12,5.03,7.41,2.83,No,0,3.03,4.4,26.97,0,0.0
STU03684,Male,IT,7.58,93.38,83.98,1,1,0,2,68.06,7.48,9.78,6.52,6.77,5.4,3.63,Yes,2,6.43,2.45,53.2,1,8.29
STU03685,Male,ECE,7.56,75.95,59.98,0,3,3,0,25.02,6.75,6.03,7.72,7.28,4.43,8.35,Yes,2,1.8,5.51,47.38,0,0.0
STU03686,Male,IT,7.22,65.92,71.2,0,6,2,0,19.55,6.77,4.53,6.1,6.5,5.59,4.63,No,0,3.63,3.3,55.49,0,0.0
STU03687,Male,ECE,5.91,77.3,92.14,3,3,3,0,54.7,7.27,6.2,7.44,6.69,5.43,5.73,No,0,7.16,2.79,62.6,1,9.38
STU03688,Female,IT,8.05,75.43,86.43,0,1,0,0,38.96,2.87,1.9,3.02,4.08,5.89,7.31,Yes,1,5.04,7.36,30.23,0,0.0
STU03689,Female,IT,6.28,65.27,68.24,2,4,0,1,62.07,6.28,6.05,6.37,5.95,3.62,4.42,Yes,0,6.09,3.33,57.32,1,9.76
STU03690,Male,MECH,8.5,80.99,77.4,2,2,2,0,44.64,7.51,7.28,7.08,5.53,3.41,3.31,Yes,2,5.96,3.34,44.14,0,0.0
STU03691,Male,ECE,8.5,80.49,100.0,4,2,3,1,70.02,4.79,5.28,4.56,4.22,7.9,3.13,No,1,2.24,6.5,52.49,0,0.0
STU03692,Female,MECH,7.12,67.33,80.94,2,3,2,1,45.4,10.0,9.77,5.16,6.33,2.27,2.98,No,3,4.11,3.6,43.54,0,0.0
STU03693,Female,IT,7.95,78.72,97.86,1,2,0,2,58.28,6.48,7.03,7.57,6.32,8.94,7.12,Yes,1,8.97,6.68,48.22,0,0.0
STU03694,Female,CIVIL,8.74,56.91,81.44,4,1,5,0,57.71,4.57,4.01,8.83,8.47,5.44,8.43,Yes,0,7.43,2.88,49.4,0,0.0
STU03695,Male,MECH,7.34,74.94,89.71,3,2,0,0,51.96,6.09,6.72,7.73,5.17,6.61,3.52,No,2,7.17,3.66,40.55,0,0.0
STU03696,Male,ECE,8.6,58.75,84.31,2,2,2,0,70.77,2.78,1.16,5.63,4.81,5.28,4.53,Yes,3,6.37,6.32,48.54,0,0.0
STU03697,Male,ECE,6.91,89.63,90.15,1,1,2,0,59.59,3.55,3.29,7.0,6.04,4.54,5.57,No,3,4.5,7.13,44.54,0,0.0
STU03698,Male,CSE,7.82,78.45,66.64,1,5,0,0,57.2,9.09,9.79,3.84,4.89,2.4,8.71,Yes,0,7.89,8.89,59.58,1,9.04
STU03699,Male,CSE,6.09,84.56,80.75,3,3,4,1,94.84,7.77,7.98,4.61,4.03,1.63,7.08,Yes,1,4.5,10.0,64.02,1,8.93
STU03700,Female,IT,7.42,77.83,78.63,2,2,2,0,59.34,8.11,8.37,2.37,4.26,5.79,5.97,Yes,1,4.47,4.43,67.25,1,10.51
STU03701,Female,ECE,6.9,88.88,62.66,2,1,0,1,52.66,6.16,7.87,2.78,4.27,5.26,2.61,Yes,0,5.22,4.38,42.51,0,0.0
STU03702,Male,CSE,8.56,91.18,74.96,1,1,1,0,27.71,8.98,8.42,6.27,6.36,3.38,3.54,No,0,7.08,2.45,54.64,1,7.33
STU03703,Female,IT,4.96,79.67,84.24,2,2,1,0,31.21,6.38,7.52,5.68,6.23,2.77,6.3,Yes,1,9.22,9.21,52.15,0,0.0
STU03704,Male,CSE,8.9,72.36,45.67,1,3,3,1,67.54,7.76,5.93,4.89,6.43,8.77,9.69,No,1,4.5,4.23,53.33,0,0.0
STU03705,Male,CSE,8.49,87.55,62.61,0,0,2,0,90.33,5.62,5.14,8.73,7.23,7.91,2.14,Yes,4,5.55,6.09,62.35,0,0.0
STU03706,Female,ECE,7.98,73.85,70.94,2,5,2,0,79.99,6.34,7.02,7.16,6.8,4.61,3.91,Yes,0,6.15,8.81,61.02,1,8.7
STU03707,Male,MECH,6.19,80.58,79.83,2,1,4,0,81.35,10.0,10.0,6.41,6.18,3.44,3.0,No,1,5.99,3.33,48.36,0,0.0
STU03708,Male,EEE,7.51,80.07,66.17,0,3,5,0,46.4,6.62,5.29,8.16,6.58,8.9,6.35,No,0,7.77,3.43,45.26,0,0.0
STU03709,Female,MECH,7.57,64.42,79.12,1,3,3,1,86.71,2.63,3.93,5.67,5.49,10.0,5.48,No,1,4.81,5.4,36.94,0,0.0
STU03710,Female,MECH,8.51,79.06,57.58,1,3,3,1,48.53,9.26,9.48,7.75,6.84,3.91,4.99,No,1,8.78,5.54,43.24,0,0.0
STU03711,Female,EEE,6.11,90.84,57.53,1,5,5,0,74.64,6.48,3.99,5.66,5.64,6.4,5.7,No,0,5.06,7.0,52.22,0,0.0
STU03712,Female,CSE,8.94,95.33,73.77,0,4,1,0,50.62,8.45,9.51,5.26,6.02,4.58,4.47,No,1,4.82,3.27,56.95,0,0.0
STU03713,Male,CSE,5.75,82.39,75.62,3,3,3,0,25.96,3.63,5.8,5.52,6.0,8.26,5.76,No,2,7.14,6.13,58.24,0,0.0
STU03714,Male,CSE,6.67,60.42,81.94,4,4,2,0,54.98,5.66,6.35,7.7,7.16,4.76,0.37,Yes,0,8.77,1.89,61.67,1,10.09
STU03715,Male,ECE,7.76,98.92,93.74,3,1,3,3,89.29,4.75,5.26,6.86,6.8,5.41,7.49,No,0,8.12,9.95,43.0,0,0.0
STU03716,Female,ECE,7.81,77.2,82.73,2,6,1,2,81.27,7.92,5.12,4.26,4.01,2.19,7.45,No,3,3.95,5.63,47.99,0,0.0
STU03717,Female,CSE,7.24,87.69,89.76,0,4,0,0,59.36,4.02,5.86,6.27,4.62,4.97,7.49,Yes,0,4.91,4.91,50.39,1,9.04
STU03718,Female,IT,6.02,74.59,56.12,1,2,1,0,62.48,5.32,4.63,8.44,7.77,3.71,3.07,Yes,4,7.9,5.49,53.98,0,0.0
STU03719,Male,EEE,7.94,77.76,80.15,3,4,1,0,39.48,3.36,4.16,5.29,7.68,4.46,6.48,Yes,1,5.6,1.53,56.08,0,0.0
STU03720,Female,ECE,7.05,67.57,60.69,2,6,0,0,56.12,5.2,6.17,8.97,7.17,5.67,2.65,Yes,1,6.92,2.93,59.22,1,7.77
STU03721,Female,ECE,9.15,80.75,81.76,1,6,0,0,79.22,5.11,6.38,4.34,5.28,5.45,1.86,Yes,2,4.16,4.8,61.96,0,0.0
STU03722,Female,ECE,7.77,100.0,69.92,4,6,2,1,38.44,3.93,4.19,7.17,8.19,4.4,0.44,Yes,2,6.0,5.13,56.33,1,9.03
STU03723,Male,ECE,5.11,76.66,82.48,2,5,2,1,38.14,7.26,7.22,7.13,7.5,9.05,5.19,Yes,0,7.01,3.71,56.69,1,9.13
STU03724,Male,ECE,7.27,61.75,69.24,1,4,2,0,73.04,6.02,6.38,6.39,6.16,5.25,4.74,No,1,5.1,2.22,51.85,0,0.0
STU03725,Female,ECE,7.94,86.55,79.69,2,4,3,0,71.13,6.14,5.59,3.68,4.26,8.15,4.92,No,4,3.33,4.34,54.23,1,7.62
STU03726,Male,CSE,7.07,85.76,60.66,2,2,5,0,54.31,6.01,5.92,5.88,5.45,1.97,4.32,No,1,7.17,3.73,61.37,0,0.0
STU03727,Female,IT,5.6,93.65,93.17,4,4,0,0,59.92,5.29,6.9,5.75,6.16,6.11,6.08,Yes,2,3.52,3.62,65.35,1,10.5
STU03728,Male,ECE,6.56,75.27,100.0,3,3,2,4,37.86,5.66,7.77,7.12,6.6,5.42,6.34,Yes,4,5.54,4.52,37.27,0,0.0
STU03729,Male,ECE,6.34,85.28,79.25,0,4,0,1,53.74,6.71,8.35,4.1,4.49,4.06,5.68,Yes,1,5.17,5.06,45.0,0,0.0
STU03730,Female,MECH,6.21,79.54,86.77,1,2,4,2,74.4,7.24,7.79,6.99,6.07,9.97,8.63,No,0,9.77,6.96,31.46,0,0.0
STU03731,Male,IT,8.34,93.52,76.4,0,0,3,1,64.24,6.33,6.75,5.52,5.63,4.1,2.72,Yes,0,3.82,5.69,50.22,0,0.0
STU03732,Male,IT,6.74,82.52,58.56,0,3,3,4,52.56,8.5,10.0,6.45,6.51,5.6,7.04,No,3,7.04,1.55,43.13,0,0.0
STU03733,Male,IT,5.54,86.11,83.94,4,1,2,1,70.06,4.76,4.91,8.14,6.6,9.77,4.84,No,4,4.79,7.09,41.56,0,0.0
STU03734,Male,ECE,6.83,75.71,54.96,0,4,4,0,84.83,8.32,9.16,9.24,7.38,5.11,3.51,No,1,5.63,4.93,63.62,1,8.44
STU03735,Male,CSE,7.88,64.85,97.03,0,3,5,1,58.37,5.13,4.18,6.92,8.25,9.61,5.44,No,2,4.09,5.47,55.14,0,0.0
STU03736,Male,MECH,7.27,84.04,85.55,1,3,2,2,90.26,6.66,5.89,5.47,5.88,6.95,3.57,Yes,1,4.98,6.88,39.51,0,0.0
STU03737,Male,ECE,8.73,91.16,86.74,2,3,3,1,73.31,3.92,4.38,3.73,5.53,6.24,3.61,Yes,0,7.53,6.23,52.27,1,6.85
STU03738,Male,CSE,7.68,68.79,76.4,2,4,0,0,65.05,3.03,3.22,6.93,5.53,7.72,2.25,No,0,6.47,5.04,55.04,1,9.97
STU03739,Female,EEE,7.98,69.18,100.0,0,4,2,0,26.65,4.15,2.11,4.92,5.03,3.58,10.0,No,2,5.16,4.52,35.24,0,0.0
STU03740,Male,ECE,7.03,76.9,94.22,2,4,0,1,66.62,6.07,5.4,6.84,7.21,3.12,4.96,No,2,2.69,4.44,50.07,0,0.0
STU03741,Male,IT,7.21,64.59,73.32,0,0,1,2,97.45,4.48,4.74,8.42,8.02,10.0,5.71,No,0,3.89,5.19,38.88,0,0.0
STU03742,Male,ECE,7.66,69.9,71.72,2,2,0,0,68.88,9.28,7.86,5.1,5.68,5.58,4.73,Yes,3,3.98,10.0,64.45,1,8.52
STU03743,Male,CSE,8.23,69.08,70.72,1,2,2,2,39.0,4.71,3.37,8.09,7.11,5.77,1.82,No,0,3.85,6.69,41.68,0,0.0
STU03744,Male,ECE,6.48,76.8,64.17,0,3,3,3,58.26,4.0,3.01,5.0,4.57,5.64,5.56,Yes,0,7.45,4.72,30.97,0,0.0
STU03745,Male,CSE,7.15,82.94,59.69,1,3,2,1,93.11,5.09,5.34,6.35,5.07,7.76,0.86,No,1,2.46,4.33,59.26,1,9.77
STU03746,Male,EEE,8.19,82.77,65.78,1,3,1,1,68.21,5.34,5.4,6.35,7.0,3.04,5.6,No,1,5.97,3.77,35.36,0,0.0
STU03747,Male,MECH,7.05,69.18,80.88,0,1,0,1,49.64,6.99,6.5,5.65,5.44,10.0,5.35,Yes,1,4.02,4.33,38.38,0,0.0
STU03748,Male,ECE,7.05,80.67,81.25,4,4,2,2,54.1,5.66,5.55,8.1,7.69,2.26,7.75,Yes,2,3.9,4.46,52.86,1,7.21
STU03749,Male,CSE,6.33,79.7,75.1,1,0,0,2,81.0,5.91,6.11,8.78,7.97,3.21,5.62,No,3,2.84,5.34,40.99,0,0.0
STU03750,Female,MECH,5.55,83.55,73.39,3,2,4,0,95.21,6.18,4.73,6.31,6.84,1.66,7.61,No,0,3.85,8.27,49.4,0,0.0
STU03751,Male,CSE,9.03,75.84,53.89,1,6,0,0,54.41,5.24,3.71,3.99,5.29,8.21,4.39,No,2,5.26,6.47,58.04,1,9.12
STU03752,Male,IT,7.48,90.75,67.59,0,2,0,0,100.0,6.27,7.26,7.48,7.36,4.7,5.2,Yes,1,7.27,4.53,58.3,1,9.67
STU03753,Female,IT,6.5,74.73,61.12,1,3,3,1,58.98,7.05,8.89,7.87,7.47,7.78,7.18,No,0,5.01,1.93,63.86,1,9.62
STU03754,Male,EEE,7.9,72.8,69.06,1,3,2,2,74.6,6.78,9.73,6.58,6.64,5.04,4.03,No,0,5.72,2.82,47.91,1,7.01
STU03755,Female,ECE,7.34,86.86,68.46,2,5,0,1,46.13,3.29,2.04,4.75,3.74,6.55,2.16,Yes,0,3.87,1.37,38.67,0,0.0
STU03756,Male,IT,7.79,71.85,91.97,4,2,0,1,89.66,5.52,4.52,4.82,4.52,3.74,5.11,No,3,5.15,7.27,60.72,1,10.05
STU03757,Male,IT,7.68,76.21,91.3,2,1,2,0,42.97,10.0,8.62,5.98,5.78,7.86,5.15,Yes,1,2.66,5.17,70.39,1,10.03
STU03758,Female,EEE,5.92,78.59,77.41,1,3,1,0,74.4,3.18,3.67,7.97,6.4,5.4,6.41,Yes,3,4.66,6.02,39.11,1,5.67
STU03759,Male,CSE,7.5,83.93,80.77,0,6,2,0,62.37,4.45,3.49,4.87,5.42,4.83,5.46,Yes,0,3.92,5.75,60.59,1,9.6
STU03760,Male,CSE,6.65,76.8,84.89,0,4,1,1,54.73,4.4,2.79,7.82,6.33,5.89,3.78,Yes,2,7.58,5.62,47.23,0,0.0
STU03761,Female,MECH,7.59,84.98,83.15,0,5,3,3,74.2,5.27,5.9,6.73,5.64,8.11,7.18,No,1,6.81,3.99,26.86,0,0.0
STU03762,Female,MECH,5.17,83.34,71.92,1,0,2,0,62.85,4.37,1.5,9.36,9.44,2.54,5.55,Yes,0,5.66,6.44,34.91,0,0.0
STU03763,Male,ECE,8.0,77.03,84.51,2,5,2,0,52.12,3.47,5.06,6.97,7.0,4.42,4.19,Yes,1,6.54,4.18,49.95,1,8.63
STU03764,Female,CSE,7.88,87.94,69.29,1,1,0,0,48.41,3.88,5.45,6.39,5.48,8.47,6.63,Yes,0,7.23,1.96,46.1,0,0.0
STU03765,Female,CSE,6.92,71.08,78.11,1,1,2,0,76.68,9.14,7.26,7.22,7.15,4.99,3.7,No,1,4.43,3.24,54.52,1,9.38
STU03766,Male,ECE,8.24,83.81,75.92,2,1,5,0,55.23,4.79,4.33,5.35,6.31,1.81,6.53,Yes,4,9.63,3.21,47.41,0,0.0
STU03767,Male,CSE,6.6,75.93,81.6,0,2,4,0,77.86,6.27,7.74,5.84,6.03,2.5,0.17,Yes,2,3.67,0.07,63.47,0,0.0
STU03768,Male,CSE,6.16,67.36,78.1,1,3,2,0,87.6,6.02,5.13,6.71,6.15,6.93,8.85,Yes,1,4.26,0.55,61.23,1,9.4
STU03769,Male,CSE,5.14,70.81,79.2,2,2,1,0,64.66,5.73,5.7,4.04,5.23,8.56,2.11,Yes,0,2.06,1.3,55.67,0,0.0
STU03770,Male,MECH,7.44,78.14,78.83,1,4,2,4,40.65,5.94,5.62,3.8,3.31,5.0,7.06,No,2,9.0,4.71,21.32,0,0.0
STU03771,Male,IT,6.76,85.37,59.44,4,5,1,2,44.44,5.81,5.1,4.99,5.1,2.44,1.12,No,0,1.67,6.16,52.83,0,0.0
STU03772,Male,CSE,6.99,84.95,83.81,1,5,2,1,81.39,5.16,5.84,7.91,6.3,6.27,7.59,No,3,4.36,6.71,55.81,1,8.38
STU03773,Male,EEE,8.82,86.53,88.43,1,5,1,0,38.71,5.51,5.06,5.15,4.5,2.04,5.88,Yes,1,4.38,0.86,50.33,0,0.0
STU03774,Male,EEE,7.05,80.55,72.62,1,3,1,0,81.08,7.42,7.57,8.7,8.14,7.09,2.81,No,2,6.57,5.61,49.77,1,6.86
STU03775,Male,ECE,6.93,97.79,80.8,1,2,4,0,61.74,5.05,2.59,7.01,7.26,3.56,3.03,Yes,2,4.93,3.24,48.9,0,0.0
STU03776,Male,ECE,6.37,76.79,70.26,0,3,1,1,58.3,7.7,7.44,7.58,7.15,8.82,5.22,No,2,3.44,7.44,44.83,0,0.0
STU03777,Female,ECE,6.89,83.75,66.75,4,3,2,0,98.81,4.35,6.13,6.59,5.58,7.32,9.27,Yes,3,4.77,2.55,55.22,0,0.0
STU03778,Male,CSE,6.36,73.35,75.42,1,4,1,0,67.05,7.51,7.37,3.24,2.92,4.59,6.55,Yes,0,2.62,3.57,55.87,1,8.74
STU03779,Female,MECH,7.05,79.77,72.48,4,3,2,3,82.56,8.51,7.71,9.13,7.41,4.06,1.55,Yes,3,5.76,5.6,43.65,0,0.0
STU03780,Female,ECE,8.38,81.91,72.54,1,4,0,0,37.12,7.1,7.18,7.18,6.94,9.15,7.67,Yes,1,4.87,4.74,56.46,0,0.0
STU03781,Male,ECE,7.77,88.84,83.99,2,5,4,3,37.06,8.13,9.94,8.39,6.82,2.34,6.1,Yes,1,4.25,4.86,55.15,1,7.63
STU03782,Female,IT,5.63,83.83,83.27,0,3,1,0,57.72,6.12,6.56,5.37,6.22,4.35,0.0,No,1,4.18,3.63,41.06,0,0.0
STU03783,Male,CSE,7.83,92.43,74.09,1,2,2,0,45.59,5.34,4.58,3.76,4.15,3.8,2.32,No,0,2.9,4.66,37.63,0,0.0
STU03784,Female,EEE,7.05,78.66,68.88,0,3,1,0,74.32,4.95,5.31,6.82,5.75,2.24,4.41,Yes,2,3.36,4.21,41.19,0,0.0
STU03785,Male,CSE,7.56,58.8,71.2,0,3,1,0,58.32,6.23,4.5,5.21,5.23,1.68,5.49,Yes,1,6.57,6.38,51.66,1,8.62
STU03786,Male,MECH,7.64,82.82,95.99,1,2,1,0,65.92,6.08,7.46,7.51,6.93,10.0,3.79,Yes,1,7.28,3.83,49.11,0,0.0
STU03787,Male,CSE,6.71,91.41,69.07,2,1,0,0,80.77,3.57,3.25,5.53,6.31,1.42,3.18,No,1,6.27,4.43,44.08,0,0.0
STU03788,Male,EEE,7.6,68.15,87.28,2,1,1,0,55.43,7.15,6.74,5.64,4.62,8.86,4.9,No,0,7.53,5.44,48.91,0,0.0
STU03789,Female,ECE,5.86,70.45,83.64,0,2,2,3,56.02,7.28,8.77,6.96,5.54,2.17,6.61,No,1,5.54,1.03,28.02,0,0.0
STU03790,Male,ECE,6.37,69.05,60.98,0,1,4,0,87.68,4.17,5.31,7.95,8.45,4.89,7.2,No,0,5.85,3.36,48.86,0,0.0
STU03791,Female,IT,6.35,83.8,70.51,2,4,2,2,44.18,6.06,8.15,8.64,7.25,10.0,4.72,No,1,6.17,4.39,55.62,0,0.0
STU03792,Male,IT,7.19,66.3,67.86,3,3,3,0,59.77,4.8,5.42,4.92,6.04,3.6,10.0,Yes,0,8.48,3.62,63.19,1,9.62
STU03793,Male,CSE,7.85,70.92,78.86,2,2,4,0,100.0,6.01,6.53,6.65,5.58,6.2,5.49,Yes,0,8.69,5.57,76.82,1,11.36
STU03794,Male,CSE,8.7,78.76,76.42,1,0,1,0,78.05,5.49,5.3,4.38,5.26,3.89,3.27,Yes,2,2.94,2.96,53.4,0,0.0
STU03795,Female,CIVIL,9.5,95.95,84.2,2,2,0,1,72.12,6.25,5.7,3.61,5.9,1.51,9.74,No,0,6.46,2.72,38.03,0,0.0
STU03796,Female,IT,7.09,83.5,54.59,0,3,1,1,19.61,6.63,7.43,7.58,6.62,5.47,6.21,Yes,0,7.37,0.0,46.76,0,0.0
STU03797,Female,EEE,7.57,89.84,61.26,4,1,1,2,71.14,3.68,5.05,5.48,5.28,1.36,3.87,Yes,1,4.45,7.73,41.36,0,0.0
STU03798,Male,ECE,5.4,82.2,66.41,3,3,3,0,67.01,4.48,3.35,2.3,3.8,1.37,1.07,No,1,1.67,2.27,51.67,0,0.0
STU03799,Male,EEE,6.87,54.86,80.22,3,5,2,0,73.96,7.46,5.0,8.1,7.99,4.82,6.42,Yes,2,7.59,5.56,58.59,1,7.18
STU03800,Male,ECE,6.43,78.77,78.25,2,2,4,2,95.39,4.41,4.25,9.96,8.06,7.4,5.48,No,2,3.88,5.79,44.13,0,0.0
STU03801,Male,EEE,6.08,61.46,75.18,0,2,0,0,57.44,8.32,8.59,7.27,7.49,6.35,4.19,No,3,5.68,2.53,42.48,0,0.0
STU03802,Male,ECE,7.57,66.55,68.52,0,4,1,2,33.88,4.38,5.64,5.15,6.39,3.86,4.64,No,3,7.1,9.87,32.55,1,6.48
STU03803,Female,IT,7.29,76.19,66.39,0,3,2,1,55.16,7.97,7.77,5.67,5.66,3.97,7.86,No,2,8.56,10.0,56.61,1,9.01
STU03804,Female,IT,9.56,67.46,79.95,2,5,0,0,18.52,9.04,9.85,4.14,5.69,4.37,9.57,Yes,3,7.52,5.21,73.91,1,10.17
STU03805,Female,IT,5.94,72.31,65.84,4,4,1,4,83.79,7.55,5.12,6.5,4.82,3.12,6.83,Yes,1,3.66,1.35,46.55,0,0.0
STU03806,Male,CSE,7.14,81.76,75.05,0,2,2,0,80.25,5.26,5.29,6.08,7.05,4.64,0.27,No,1,6.45,2.69,52.95,0,0.0
STU03807,Male,CSE,7.49,67.98,76.13,0,3,2,0,42.54,5.55,6.56,2.36,4.32,3.67,6.3,No,1,5.08,7.84,47.38,0,0.0
STU03808,Female,CSE,5.78,91.87,77.61,2,0,4,2,46.05,4.64,5.27,5.81,7.59,8.68,3.34,Yes,0,4.2,4.41,47.13,0,0.0
STU03809,Female,IT,6.68,87.9,74.06,1,4,0,0,100.0,6.13,6.21,4.41,6.23,4.55,4.46,Yes,1,5.88,3.84,59.16,1,9.43
STU03810,Male,IT,8.35,100.0,83.48,0,2,2,0,57.12,6.17,5.24,6.09,6.22,1.68,7.21,Yes,2,9.04,6.4,59.41,1,9.44
STU03811,Female,MECH,7.36,62.32,53.38,0,1,0,4,57.66,3.72,5.05,4.45,4.35,5.58,7.38,Yes,2,5.12,8.77,19.66,0,0.0
STU03812,Male,MECH,8.16,78.45,73.01,4,3,2,3,34.47,6.78,4.27,5.26,5.25,4.29,6.9,Yes,2,4.05,7.25,43.31,0,0.0
STU03813,Female,CSE,8.01,77.63,69.53,2,5,2,1,56.51,8.59,9.35,4.27,3.85,6.92,6.32,Yes,0,4.39,5.57,66.91,1,9.93
STU03814,Male,CSE,7.42,67.24,65.02,1,2,1,1,51.69,8.27,8.62,7.06,6.29,2.73,8.8,No,0,6.23,0.58,49.55,1,9.02
STU03815,Male,MECH,7.21,82.67,69.98,0,4,3,1,37.44,1.96,3.21,6.63,5.54,1.67,4.84,No,1,5.62,2.5,24.44,0,0.0
STU03816,Female,CSE,7.36,95.31,75.08,4,4,0,0,96.33,5.93,6.4,7.46,6.8,4.73,4.75,Yes,4,6.81,6.92,64.8,0,0.0
STU03817,Female,ECE,8.3,86.25,75.84,1,5,1,1,75.17,7.98,7.05,3.98,4.77,5.96,5.74,Yes,0,7.82,3.72,61.12,1,9.49
STU03818,Male,ECE,5.7,79.83,66.49,0,1,3,1,63.4,5.56,6.6,8.46,6.43,1.71,2.03,Yes,0,6.3,2.04,46.26,0,0.0
STU03819,Female,IT,9.1,79.76,87.16,3,4,1,2,76.33,5.2,6.49,5.14,5.92,5.0,6.29,Yes,0,3.98,2.53,60.95,1,9.54
STU03820,Female,CIVIL,7.05,63.42,86.72,0,3,0,1,57.25,4.89,4.47,5.08,6.41,7.17,5.96,Yes,0,4.37,6.12,31.23,0,0.0
STU03821,Female,IT,8.95,81.38,89.48,1,5,1,1,80.4,6.65,7.69,10.0,8.88,4.34,5.59,No,1,0.0,4.6,73.83,1,11.3
STU03822,Male,ECE,8.25,85.51,60.17,1,3,0,1,43.76,3.83,3.6,10.0,8.28,7.12,4.38,No,2,5.5,3.45,44.19,0,0.0
STU03823,Male,MECH,8.19,78.25,84.48,2,3,1,1,28.27,5.86,6.58,4.97,5.84,6.39,4.84,Yes,3,4.36,2.66,48.89,0,0.0
STU03824,Male,IT,8.62,80.67,82.79,2,5,5,3,51.01,5.33,6.59,7.0,6.67,4.94,3.44,No,1,5.37,8.35,54.34,0,0.0
STU03825,Male,CSE,8.0,70.89,62.0,2,2,3,0,69.52,4.88,4.73,3.39,4.43,2.62,6.32,Yes,0,4.72,7.07,57.4,0,0.0
STU03826,Female,CSE,7.02,89.85,82.3,1,0,0,3,100.0,3.56,2.4,7.57,6.97,3.28,3.41,No,2,6.41,9.12,42.1,0,0.0
STU03827,Male,EEE,6.07,85.21,81.48,0,4,1,0,50.74,7.64,6.44,8.26,6.31,5.14,5.99,No,0,7.35,5.49,43.26,0,0.0
STU03828,Female,CSE,7.89,78.59,58.55,0,2,1,0,96.37,4.42,3.86,7.31,6.78,3.36,6.31,Yes,3,5.24,4.09,52.8,0,0.0
STU03829,Male,IT,4.79,59.73,62.25,3,4,4,1,61.27,4.76,5.31,8.56,7.78,3.6,6.35,Yes,0,6.51,6.3,66.93,1,9.29
STU03830,Female,MECH,6.29,65.59,84.46,2,5,3,3,91.76,3.57,5.11,6.03,7.41,6.65,7.11,Yes,0,6.13,5.18,41.45,0,0.0
STU03831,Male,ECE,7.22,78.79,77.97,2,4,0,0,47.9,5.6,5.14,7.44,6.95,7.55,3.85,No,2,5.06,3.47,53.66,1,6.88
STU03832,Male,CSE,6.12,76.69,64.38,2,1,1,0,63.55,5.76,6.71,6.33,5.55,3.52,7.74,No,0,3.34,4.38,56.61,0,0.0
STU03833,Female,IT,5.72,70.45,69.89,3,3,3,2,94.65,6.77,6.23,4.81,4.54,2.84,6.48,No,1,8.36,5.06,59.57,1,9.37
STU03834,Female,EEE,7.04,81.63,79.64,0,3,3,1,63.67,6.43,6.53,6.22,6.52,5.58,5.06,Yes,1,5.0,4.48,42.51,0,0.0
STU03835,Female,EEE,7.97,71.62,87.24,0,2,0,0,67.49,5.03,6.07,6.96,4.76,4.77,5.28,No,2,5.18,5.42,35.6,0,0.0
STU03836,Male,IT,4.31,94.64,86.44,1,3,1,0,63.3,5.09,5.85,6.17,5.57,6.62,1.78,Yes,1,5.91,2.32,55.6,1,9.82
STU03837,Male,ECE,7.5,88.85,49.33,0,3,0,0,84.81,5.18,4.52,7.61,6.09,5.68,5.62,Yes,0,5.15,4.7,42.59,0,0.0
STU03838,Female,ECE,7.74,82.95,67.94,0,2,0,2,84.12,8.32,7.93,4.92,5.11,6.11,5.76,No,0,4.69,4.62,39.45,0,0.0
STU03839,Female,CIVIL,7.61,88.98,79.47,2,3,0,0,61.38,3.58,2.1,6.61,5.24,4.14,2.43,No,0,5.75,6.04,33.06,0,0.0
STU03840,Female,MECH,7.08,64.61,82.44,1,2,2,0,89.59,6.16,5.23,8.46,7.08,4.37,6.25,Yes,0,7.25,1.36,49.25,0,0.0
STU03841,Male,CSE,6.01,94.18,66.21,2,0,2,0,77.35,1.52,2.0,4.28,4.01,4.86,2.46,Yes,2,2.31,5.25,46.37,0,0.0
STU03842,Female,IT,7.06,92.57,80.31,1,5,3,0,61.03,6.17,5.66,6.76,5.12,4.34,1.97,Yes,1,5.24,3.7,64.61,1,10.27
STU03843,Female,EEE,6.76,80.81,73.21,0,4,4,0,64.16,6.12,5.72,6.63,5.08,7.73,1.69,Yes,0,5.95,8.73,53.2,0,0.0
STU03844,Male,IT,5.58,74.78,58.62,2,6,1,3,57.67,2.8,3.08,4.77,7.0,5.77,5.55,No,4,5.59,0.86,39.97,0,0.0
STU03845,Male,IT,8.57,74.05,83.56,2,2,1,0,85.48,4.06,4.34,5.92,6.6,7.7,8.48,No,2,4.69,4.59,60.6,1,8.91
STU03846,Male,MECH,8.44,79.1,84.96,2,4,0,3,54.93,4.3,4.1,7.06,6.82,5.53,6.71,Yes,1,4.02,1.41,38.56,0,0.0
STU03847,Male,CSE,7.37,81.76,61.44,0,3,3,2,56.06,6.76,5.63,5.25,6.56,7.97,2.59,No,0,4.39,4.69,50.51,0,0.0
STU03848,Male,ECE,6.35,79.23,91.54,1,2,2,0,47.11,7.04,7.09,6.79,5.56,5.67,4.47,Yes,3,4.32,1.49,58.36,1,8.46
STU03849,Female,CSE,6.46,77.12,52.72,1,1,2,1,100.0,6.58,5.43,5.27,4.89,8.32,3.53,Yes,0,6.19,6.34,48.16,1,8.58
STU03850,Male,ECE,6.71,58.83,76.64,2,2,5,0,70.39,3.85,3.9,5.36,7.38,4.3,4.53,No,1,4.5,1.64,52.84,0,0.0
STU03851,Male,IT,7.93,66.93,70.54,3,4,0,0,60.2,6.92,4.53,5.09,7.59,5.05,7.51,No,1,5.45,7.75,60.67,0,0.0
STU03852,Male,MECH,8.64,69.97,84.4,1,2,1,2,54.02,8.05,7.7,7.28,7.17,5.49,9.51,Yes,1,1.63,5.9,31.53,0,0.0
STU03853,Female,MECH,7.07,79.26,51.53,0,5,1,0,70.17,4.41,1.86,7.41,5.69,5.8,3.38,No,3,7.06,4.75,37.42,0,0.0
STU03854,Male,MECH,7.93,67.29,89.57,2,6,0,0,65.25,4.07,1.34,8.35,6.7,3.92,6.53,Yes,0,4.26,4.72,48.7,1,7.85
STU03855,Female,ECE,6.9,81.49,97.38,4,0,2,4,54.79,6.03,4.98,8.42,6.48,9.59,8.61,Yes,4,4.1,5.16,42.24,0,0.0
STU03856,Female,ECE,6.45,74.39,74.54,4,3,0,0,87.66,9.6,9.55,6.36,6.66,3.86,6.14,No,0,4.66,4.21,58.54,0,0.0
STU03857,Female,CSE,7.13,69.54,72.5,0,4,0,1,64.15,6.57,9.22,5.57,4.72,7.47,5.63,No,2,4.22,3.43,52.6,0,0.0
STU03858,Female,CIVIL,8.34,66.88,91.04,1,5,1,2,61.77,7.29,6.49,6.62,5.38,6.87,3.48,Yes,1,6.03,8.74,39.43,0,0.0
STU03859,Female,EEE,7.38,86.68,69.49,1,1,1,0,58.9,7.49,7.85,7.95,6.5,6.34,3.59,Yes,0,3.68,4.05,50.7,0,0.0
STU03860,Female,CIVIL,6.19,91.06,59.02,2,3,2,3,68.18,7.28,3.52,2.72,4.47,5.6,7.98,Yes,1,5.37,4.0,27.54,0,0.0
STU03861,Female,ECE,6.52,73.63,75.49,1,4,1,1,50.03,4.61,3.31,4.08,4.63,6.31,8.37,No,0,5.14,5.19,40.05,0,0.0
STU03862,Male,IT,6.4,81.24,66.36,1,0,2,2,67.93,7.18,8.57,7.4,6.49,4.82,0.0,Yes,2,3.98,2.98,50.95,0,0.0
STU03863,Male,CSE,6.23,57.74,48.13,1,2,2,0,15.92,6.45,5.52,5.47,5.85,10.0,2.82,No,1,5.34,0.38,45.87,1,7.52
STU03864,Male,CSE,5.54,87.76,84.34,1,3,4,1,84.03,9.54,10.0,4.63,6.65,7.42,5.61,No,1,10.0,4.63,63.11,1,10.19
STU03865,Female,CSE,7.96,78.86,87.28,0,1,0,2,51.26,2.89,2.36,8.9,6.87,2.51,3.84,Yes,2,5.63,5.58,35.81,0,0.0
STU03866,Female,EEE,7.1,82.29,71.69,0,6,5,1,74.66,3.71,2.31,5.64,6.13,3.91,6.12,Yes,1,2.99,5.45,49.5,1,6.62
STU03867,Male,MECH,7.33,74.37,80.49,2,1,0,4,62.43,5.77,5.81,5.7,5.96,5.07,2.86,Yes,0,3.17,0.0,25.43,0,0.0
STU03868,Male,ECE,9.08,62.0,63.86,1,4,3,0,51.55,6.56,6.71,6.9,5.71,6.25,4.38,Yes,1,5.15,5.98,55.94,1,8.24
STU03869,Male,CSE,5.81,87.53,83.26,1,2,3,0,51.07,4.98,6.16,5.34,6.13,7.28,6.27,Yes,0,6.56,1.37,56.75,1,8.58
STU03870,Female,CSE,7.41,71.39,82.45,1,3,1,0,56.78,7.43,6.74,5.25,4.39,2.43,6.89,No,3,5.71,3.45,58.25,1,8.24
STU03871,Female,CSE,7.53,63.56,72.72,1,5,2,0,60.03,6.13,7.21,6.62,6.86,5.53,5.62,No,0,5.17,6.13,59.17,0,0.0
STU03872,Female,CSE,8.74,82.5,76.36,1,3,1,0,55.5,4.58,3.68,6.54,6.53,4.88,4.57,Yes,2,4.95,4.53,60.46,1,10.0
STU03873,Male,EEE,7.48,56.92,76.38,0,1,1,1,72.7,6.59,4.03,8.06,6.32,8.97,6.26,No,0,6.04,7.33,40.88,0,0.0
STU03874,Male,MECH,6.78,77.44,99.17,4,2,2,3,42.5,8.12,10.0,8.37,7.42,6.64,3.6,No,2,8.48,4.0,40.57,0,0.0
STU03875,Male,CSE,5.9,53.25,84.74,1,0,0,0,94.4,7.12,3.65,4.12,3.59,3.67,4.4,No,3,10.0,6.02,48.05,0,0.0
STU03876,Male,IT,7.21,72.89,54.91,0,2,2,1,69.73,4.55,4.22,4.69,4.65,3.41,5.19,Yes,1,2.11,5.59,46.03,0,0.0
STU03877,Male,ECE,6.75,85.47,69.65,3,1,3,1,56.41,8.07,6.9,7.2,6.51,6.14,5.5,Yes,2,5.53,3.18,55.56,1,8.77
STU03878,Female,IT,6.94,90.94,69.13,0,2,3,0,57.42,5.2,4.33,8.77,6.53,1.18,4.93,No,3,8.79,7.08,47.29,0,0.0
STU03879,Male,CSE,6.7,90.43,77.76,3,1,2,0,48.73,4.31,2.19,8.05,6.04,1.57,4.7,No,2,4.96,2.99,54.55,0,0.0
STU03880,Male,ECE,6.87,72.11,81.12,3,3,1,1,51.57,3.1,4.03,4.75,4.75,6.63,1.78,Yes,0,3.23,4.21,47.1,0,0.0
STU03881,Female,EEE,7.69,71.6,68.03,3,4,0,0,43.36,6.17,7.44,4.43,4.15,2.86,1.39,No,1,2.44,4.42,52.13,0,0.0
STU03882,Male,EEE,7.21,78.51,78.8,1,0,2,1,43.84,5.56,6.66,4.51,3.55,0.0,5.08,Yes,3,4.5,8.3,29.76,0,0.0
STU03883,Male,ECE,5.73,80.25,81.09,0,3,0,0,63.48,5.02,7.5,6.35,6.56,5.44,5.14,Yes,0,5.74,4.45,46.66,0,0.0
STU03884,Female,CSE,6.41,84.96,83.74,2,3,2,0,67.05,7.77,6.8,3.17,4.48,5.8,2.08,Yes,0,6.57,5.82,68.01,1,10.53
STU03885,Female,ECE,7.21,76.28,78.28,1,3,0,2,88.51,6.96,4.87,5.49,6.87,7.46,2.71,Yes,3,3.74,4.41,43.84,0,0.0
STU03886,Male,IT,6.42,61.83,73.8,0,6,1,0,70.67,8.2,8.73,4.49,6.14,6.5,4.32,Yes,2,5.39,4.18,64.53,1,9.37
STU03887,Male,CIVIL,8.48,66.86,78.88,0,3,1,0,86.5,5.93,6.93,9.06,7.42,1.83,9.81,No,1,5.04,6.26,41.38,0,0.0
STU03888,Female,ECE,6.47,81.28,40.0,0,6,5,0,26.34,7.35,9.62,4.68,5.22,0.0,4.13,No,1,5.11,5.6,46.69,1,6.39
STU03889,Male,CSE,8.48,82.71,71.84,0,1,2,1,45.76,7.71,6.87,3.38,4.2,2.58,4.97,No,1,8.97,2.69,42.42,0,0.0
STU03890,Male,CSE,8.25,71.62,77.2,1,1,0,0,71.0,4.31,4.84,2.0,5.03,4.38,5.32,No,2,5.92,3.8,44.23,0,0.0
STU03891,Female,EEE,7.4,68.69,49.64,2,5,3,1,77.77,8.33,9.27,6.44,5.24,8.89,4.54,Yes,1,4.41,3.3,57.63,0,0.0
STU03892,Male,IT,8.91,74.54,92.18,0,3,0,1,7.05,5.77,4.68,5.77,5.67,3.88,4.87,Yes,1,3.71,8.19,41.27,0,0.0
STU03893,Male,CSE,7.28,71.6,65.11,0,0,3,0,78.26,9.26,10.0,6.91,5.72,6.21,3.96,Yes,0,7.0,5.04,67.84,1,9.69
STU03894,Male,MECH,5.55,82.56,64.51,4,5,2,0,86.84,6.62,5.41,6.43,6.09,7.24,4.14,Yes,0,4.99,2.95,54.16,0,0.0
STU03895,Male,IT,6.17,82.21,77.95,2,2,0,0,68.43,6.9,7.17,6.6,6.13,8.4,7.51,No,0,4.79,10.0,56.03,1,9.96
STU03896,Female,ECE,5.93,74.55,69.15,1,3,3,1,34.83,5.93,3.35,5.74,5.81,4.64,1.16,Yes,2,4.74,6.73,38.31,0,0.0
STU03897,Female,ECE,7.2,85.16,73.05,2,4,1,0,51.95,5.76,7.29,6.97,6.9,8.89,8.03,Yes,3,3.68,3.81,56.92,1,8.49
STU03898,Female,CSE,8.83,51.26,57.65,2,3,1,1,56.39,7.86,7.51,5.97,7.12,6.79,5.2,Yes,4,6.19,6.29,61.77,1,10.01
STU03899,Female,IT,7.87,75.0,80.2,1,2,4,4,64.09,4.3,5.62,6.36,5.6,7.58,0.0,Yes,2,6.26,2.05,43.69,0,0.0
STU03900,Male,IT,6.74,85.75,86.98,1,1,2,0,65.03,8.13,7.96,8.43,6.89,6.6,1.87,Yes,4,4.75,7.79,62.2,1,9.56
STU03901,Male,ECE,7.48,66.37,46.96,0,3,2,1,64.47,5.28,4.38,9.12,7.38,6.95,3.66,Yes,2,5.76,5.68,46.06,0,0.0
STU03902,Male,ECE,6.5,58.6,62.74,2,5,3,0,35.33,10.0,10.0,6.11,7.06,7.67,7.41,Yes,4,5.1,1.42,68.4,1,9.65
STU03903,Male,CSE,8.01,79.73,77.49,1,1,2,0,60.86,3.48,3.84,8.25,7.3,5.49,3.84,Yes,1,6.17,8.63,58.16,1,8.95
STU03904,Female,CSE,6.9,75.78,81.62,3,0,0,0,58.92,8.11,7.57,7.85,7.1,4.54,3.54,Yes,2,5.55,2.62,60.57,1,9.84
STU03905,Male,ECE,6.19,76.33,82.43,2,5,2,1,71.45,6.56,6.17,6.41,6.06,3.5,6.83,Yes,1,2.24,2.62,57.94,1,7.95
STU03906,Male,ECE,6.16,75.29,78.76,1,3,5,0,69.07,8.0,8.41,5.46,6.16,3.55,4.57,No,2,2.62,6.82,57.03,1,8.33
STU03907,Male,EEE,7.19,87.96,63.5,0,5,0,1,70.55,7.35,5.47,6.06,6.37,5.7,8.92,Yes,2,2.67,0.07,46.01,0,0.0
STU03908,Male,CSE,7.76,82.56,74.21,1,3,4,0,29.08,3.55,3.93,4.46,4.63,5.84,6.65,No,1,3.71,7.86,47.4,1,9.6
STU03909,Male,CIVIL,8.02,86.39,78.87,0,2,1,0,71.75,6.75,7.8,7.25,6.14,1.0,6.44,No,4,4.08,2.04,42.94,0,0.0
STU03910,Male,IT,5.71,89.39,65.95,3,3,1,1,74.99,6.44,7.47,5.22,6.36,6.53,8.39,Yes,1,5.27,7.97,53.77,0,0.0
STU03911,Female,CSE,8.57,73.55,55.59,1,4,0,1,78.97,5.71,5.97,6.28,6.17,0.0,5.36,No,0,7.4,6.29,51.62,1,8.35
STU03912,Female,IT,7.69,85.3,57.0,1,3,4,1,58.36,4.91,3.71,8.81,8.97,6.85,5.14,No,0,5.39,6.61,59.9,1,9.78
STU03913,Female,ECE,6.31,90.88,74.92,0,1,3,1,62.03,6.43,7.01,7.98,6.81,4.29,4.19,Yes,1,9.5,2.94,44.71,0,0.0
STU03914,Female,MECH,7.11,77.6,68.09,2,5,2,3,42.06,7.12,8.99,6.81,5.91,6.04,6.69,Yes,0,3.56,4.27,40.18,0,0.0
STU03915,Male,MECH,7.01,83.98,60.97,0,5,5,4,94.32,5.55,5.88,9.6,9.04,4.91,5.21,Yes,1,5.09,5.48,32.81,0,0.0
STU03916,Female,CSE,9.1,91.2,64.44,1,2,1,0,67.17,3.61,2.29,5.52,6.57,6.13,5.59,Yes,2,7.27,3.22,56.92,1,9.32
STU03917,Female,IT,6.11,77.33,73.07,3,6,3,3,96.31,5.31,7.46,3.12,4.95,2.01,2.75,Yes,0,3.75,10.0,55.56,0,0.0
STU03918,Male,CSE,7.0,75.56,76.7,1,2,2,0,53.36,5.14,3.76,5.06,4.71,5.74,4.02,Yes,4,5.8,2.04,53.46,1,9.97
STU03919,Male,ECE,6.65,66.91,74.14,3,0,3,0,76.77,7.71,7.05,5.22,7.32,4.76,5.8,Yes,1,2.42,6.97,55.36,1,7.99
STU03920,Male,MECH,6.41,66.64,82.37,2,6,0,0,62.48,3.66,2.82,6.12,5.03,3.48,8.3,Yes,2,5.93,5.53,45.74,0,0.0
STU03921,Male,CSE,7.87,63.4,80.68,0,0,0,1,63.92,5.8,5.78,6.5,4.91,6.08,6.43,Yes,4,5.94,3.33,41.07,0,0.0
STU03922,Male,ECE,7.79,89.48,67.36,3,4,5,0,70.98,9.41,9.61,5.92,5.78,5.97,4.77,Yes,4,8.46,2.33,77.16,1,9.69
STU03923,Male,IT,6.4,69.36,79.53,1,1,0,0,76.81,4.32,5.65,4.44,4.18,7.92,5.44,Yes,0,4.38,8.42,47.77,1,8.82
STU03924,Female,IT,5.73,80.67,59.49,1,2,2,0,62.36,4.01,4.62,6.99,7.55,6.51,0.3,Yes,3,8.1,5.53,53.89,1,9.55
STU03925,Female,CSE,6.95,79.07,72.07,0,3,4,2,100.0,5.78,4.78,9.53,7.84,6.9,6.13,No,3,4.78,5.11,50.72,0,0.0
STU03926,Female,ECE,7.04,96.25,74.11,0,6,4,2,55.05,6.43,6.8,1.9,3.15,7.78,5.61,Yes,0,2.2,3.04,45.34,0,0.0
STU03927,Female,EEE,7.83,81.5,74.64,0,1,4,0,60.48,5.65,8.12,9.85,7.62,4.71,4.89,No,0,7.63,7.95,46.64,0,0.0
STU03928,Male,IT,6.96,67.11,65.7,0,1,4,2,25.66,5.88,5.06,6.76,7.12,6.71,2.21,Yes,3,5.75,0.0,42.69,0,0.0
STU03929,Male,IT,7.34,80.75,59.36,0,4,2,0,35.43,6.11,6.12,4.34,3.8,4.18,5.11,Yes,1,4.83,5.08,56.13,1,9.34
STU03930,Male,CIVIL,7.94,50.05,92.91,0,5,4,1,41.45,7.22,8.35,4.14,5.0,7.14,4.25,No,3,5.64,7.42,32.43,0,0.0
STU03931,Male,CIVIL,5.31,74.56,63.31,2,5,3,1,56.32,6.66,4.66,7.83,6.52,4.88,4.25,Yes,1,5.32,7.85,41.04,0,0.0
STU03932,Male,CSE,7.72,89.09,88.01,2,1,1,0,100.0,3.75,2.68,9.16,7.42,1.98,3.37,Yes,1,6.68,4.53,62.86,1,8.82
STU03933,Male,IT,7.6,86.34,48.19,0,5,0,0,74.28,3.98,3.8,6.04,7.83,6.65,4.99,No,2,2.88,6.52,52.49,0,0.0
STU03934,Female,CSE,6.43,47.22,72.63,1,4,0,0,36.91,7.07,9.28,10.0,7.18,6.57,7.68,Yes,2,6.59,4.18,59.9,1,10.26
STU03935,Female,CSE,6.21,76.41,70.74,3,2,2,1,64.18,5.52,5.62,4.98,4.66,6.21,5.49,Yes,3,7.54,6.19,61.41,1,10.86
STU03936,Female,IT,7.14,65.06,81.25,0,1,0,1,71.67,7.0,7.0,7.51,5.93,4.82,9.4,Yes,4,5.17,7.48,47.37,0,0.0
STU03937,Female,MECH,9.14,87.45,79.92,0,5,1,2,59.32,5.02,3.54,3.56,5.81,6.09,6.17,No,1,8.67,4.96,31.95,0,0.0
STU03938,Male,ECE,6.96,73.47,63.35,1,3,5,0,38.13,4.68,4.42,8.86,6.67,7.68,5.99,Yes,1,5.27,10.0,56.03,1,7.2
STU03939,Male,CSE,6.63,84.51,85.36,1,1,5,0,56.64,4.7,3.43,7.62,6.35,3.79,7.3,Yes,0,5.76,2.65,54.01,1,8.9
STU03940,Male,IT,7.76,72.8,68.78,2,0,1,1,58.6,4.25,2.62,4.3,4.45,2.76,2.86,Yes,3,4.99,2.42,44.06,0,0.0
STU03941,Male,CIVIL,7.27,75.38,73.82,1,1,3,0,53.77,7.7,6.57,5.29,7.5,1.49,1.46,No,1,8.11,5.72,37.9,0,0.0
STU03942,Male,ECE,6.9,68.92,88.68,1,3,0,0,96.56,3.79,4.1,7.69,7.74,8.25,4.46,Yes,1,4.58,5.21,56.63,0,0.0
STU03943,Female,MECH,7.0,75.63,77.66,1,6,1,0,84.43,4.45,3.27,5.8,5.9,7.1,2.52,No,1,3.73,3.94,46.11,0,0.0
STU03944,Male,IT,7.13,49.76,82.69,0,0,2,2,33.19,7.81,8.37,5.04,6.17,6.54,3.16,Yes,0,3.23,7.01,37.39,0,0.0
STU03945,Male,EEE,8.4,68.24,66.99,1,2,2,1,73.99,5.49,3.42,2.11,4.9,2.94,5.1,Yes,0,7.79,3.85,39.48,0,0.0
STU03946,Female,EEE,7.97,76.4,85.56,1,4,2,0,58.5,6.98,6.93,3.43,4.16,7.41,2.57,No,2,4.97,8.97,48.43,0,0.0
STU03947,Female,CIVIL,8.66,69.71,74.6,4,4,5,0,49.6,4.9,4.73,4.58,4.99,7.01,4.79,No,0,3.85,2.46,52.79,1,8.26
STU03948,Female,IT,6.55,64.21,78.59,0,0,5,1,59.74,8.0,8.57,6.73,5.67,8.84,4.89,No,1,4.12,6.56,54.27,0,0.0
STU03949,Female,MECH,6.57,78.4,75.34,4,0,2,2,74.33,6.8,7.15,7.77,7.53,3.02,9.0,Yes,0,5.72,5.6,43.27,0,0.0
STU03950,Male,EEE,6.18,84.86,96.12,2,6,4,0,56.37,6.96,5.81,9.52,7.52,5.3,3.7,Yes,0,6.3,4.53,51.48,0,0.0
STU03951,Male,ECE,7.78,81.71,75.07,2,1,4,0,31.17,6.59,5.59,7.81,5.99,6.89,3.72,Yes,2,4.72,1.55,54.54,0,0.0
STU03952,Female,IT,7.71,73.0,65.72,0,2,1,2,65.98,8.01,8.39,3.71,5.16,4.53,2.21,Yes,1,9.46,4.09,46.93,1,7.92
STU03953,Female,IT,7.22,84.81,92.83,1,2,2,3,88.87,5.89,6.35,5.78,4.6,2.99,2.62,No,1,4.65,10.0,36.97,0,0.0
STU03954,Male,CIVIL,6.64,52.93,76.87,2,1,0,4,100.0,8.99,8.23,6.12,6.61,9.57,5.17,Yes,2,3.43,2.16,35.46,0,0.0
STU03955,Female,EEE,8.89,94.3,64.74,1,1,0,3,75.56,3.89,2.5,6.61,5.75,6.13,2.34,Yes,3,4.97,2.01,34.48,0,0.0
STU03956,Male,ECE,7.35,79.51,91.84,3,4,1,0,67.4,8.4,9.84,5.37,4.71,6.45,6.28,No,0,2.95,5.03,67.45,1,9.68
STU03957,Male,CSE,7.4,72.5,67.64,3,3,2,0,44.08,2.16,1.67,6.97,7.02,3.27,5.59,Yes,4,4.35,6.93,58.72,1,9.2
STU03958,Female,CSE,8.28,90.44,75.89,0,3,2,4,56.49,5.79,4.64,2.14,5.2,2.39,3.27,Yes,2,4.46,5.72,37.55,0,0.0
STU03959,Male,EEE,7.06,94.47,85.13,1,3,2,0,42.23,5.95,6.32,6.92,5.6,9.64,9.83,No,0,2.14,3.97,48.24,1,7.27
STU03960,Female,CSE,5.22,93.57,86.56,1,3,3,3,31.63,3.23,0.99,5.43,6.72,1.82,3.47,Yes,2,5.51,7.19,30.09,0,0.0
STU03961,Male,MECH,6.14,73.4,93.46,1,2,5,0,60.27,3.9,2.31,6.33,5.1,3.39,4.82,No,0,8.57,2.36,33.45,0,0.0
STU03962,Male,IT,8.0,88.02,55.8,3,3,4,0,79.01,4.65,4.47,4.32,3.9,0.0,3.28,No,1,7.76,10.0,62.62,1,9.46
STU03963,Female,ECE,6.64,69.3,83.32,0,5,5,0,49.48,5.05,3.49,8.41,6.4,3.6,7.95,No,1,8.23,8.43,47.24,0,0.0
STU03964,Male,IT,8.47,86.83,83.42,2,4,2,1,52.11,5.89,4.46,6.13,5.39,8.86,4.91,Yes,0,3.35,1.76,60.88,1,8.73
STU03965,Male,ECE,8.83,87.76,90.64,2,2,5,1,93.67,7.1,5.99,2.71,4.86,6.4,3.25,No,0,5.83,1.92,59.7,1,8.78
STU03966,Male,EEE,7.49,71.51,79.93,1,3,3,2,83.55,7.76,6.66,6.94,6.23,9.81,6.65,Yes,1,5.09,5.4,46.52,0,0.0
STU03967,Male,ECE,4.0,73.71,76.29,0,6,2,1,64.94,8.81,9.11,5.33,5.82,5.78,5.44,Yes,0,7.54,7.43,45.03,1,6.97
STU03968,Male,EEE,6.95,78.14,84.74,2,5,2,2,55.59,7.35,2.9,4.42,5.44,7.6,5.85,Yes,1,5.08,6.2,45.76,1,7.65
STU03969,Female,CSE,7.11,74.26,84.56,2,2,4,1,37.6,7.49,8.61,6.92,5.93,5.67,2.25,Yes,1,2.15,5.98,62.57,1,10.59
STU03970,Male,IT,7.15,54.75,69.6,0,2,4,2,95.84,5.29,5.78,6.38,7.87,6.51,5.44,Yes,0,8.45,6.64,47.61,0,0.0
STU03971,Male,ECE,8.03,69.43,98.59,3,3,2,2,40.39,7.42,9.83,5.56,5.33,7.35,7.03,Yes,0,7.56,0.0,54.46,0,0.0
STU03972,Female,CSE,6.65,66.4,65.74,0,3,3,2,60.77,6.25,7.58,7.25,5.3,2.29,6.85,No,0,6.22,4.56,42.36,0,0.0
STU03973,Male,CSE,7.24,76.16,86.48,2,5,2,0,41.57,4.51,2.74,9.14,8.98,3.29,3.29,No,2,4.93,8.18,66.7,1,10.33
STU03974,Female,MECH,6.79,88.73,90.17,2,2,4,0,60.2,4.35,6.41,8.25,6.01,6.18,4.28,No,2,6.25,2.7,39.28,0,0.0
STU03975,Male,CIVIL,6.66,80.16,73.95,0,5,1,0,47.28,3.84,2.59,6.56,5.64,3.79,2.24,Yes,1,5.36,7.4,40.98,0,0.0
STU03976,Male,EEE,7.26,70.43,79.87,2,3,0,1,44.21,7.14,8.47,4.69,6.39,7.12,5.15,No,2,5.36,5.4,41.22,0,0.0
STU03977,Female,IT,6.43,77.69,73.55,0,3,1,0,58.41,7.44,6.41,8.49,8.11,5.69,0.0,Yes,1,6.72,9.08,54.21,0,0.0
STU03978,Female,CSE,6.63,82.96,70.61,3,0,2,0,34.38,8.16,8.92,6.2,5.01,2.79,7.14,Yes,1,4.35,5.1,58.21,1,9.61
STU03979,Male,IT,7.59,95.56,74.85,0,4,2,1,77.91,7.96,8.86,8.13,6.92,10.0,1.6,Yes,2,5.01,6.52,60.95,1,9.84
STU03980,Male,MECH,8.39,89.77,63.29,1,6,3,0,65.94,3.73,4.22,6.34,5.48,7.37,6.16,Yes,2,2.67,5.31,45.79,1,7.21
STU03981,Male,CIVIL,7.29,70.28,59.09,0,5,0,0,79.57,3.75,3.32,6.46,7.24,4.64,5.41,No,3,6.61,9.16,36.35,0,0.0
STU03982,Female,ECE,6.78,80.95,66.06,2,0,1,0,79.5,4.66,5.4,5.95,6.55,7.3,6.21,No,1,3.46,8.28,50.56,0,0.0
STU03983,Male,ECE,5.96,92.68,100.0,3,1,1,0,100.0,7.57,9.03,7.3,7.51,9.76,4.0,Yes,1,6.83,5.61,63.72,1,9.1
STU03984,Male,ECE,7.12,67.84,81.11,2,2,1,1,51.84,10.0,8.3,3.97,5.46,5.46,2.12,No,3,6.82,7.01,43.13,0,0.0
STU03985,Male,ECE,5.89,84.04,80.33,0,5,1,0,27.31,9.71,10.0,4.79,5.13,1.24,2.62,No,2,6.31,5.9,51.74,0,0.0
STU03986,Male,CSE,7.55,76.93,80.52,2,2,1,1,57.91,7.99,6.74,7.61,5.92,4.01,6.38,No,3,7.81,3.15,57.59,0,0.0
STU03987,Male,IT,4.82,83.07,75.25,0,2,1,1,77.84,5.65,5.08,7.98,8.25,7.26,9.37,Yes,2,3.0,2.88,45.13,0,0.0
STU03988,Female,ECE,6.45,58.12,75.4,4,3,4,0,82.63,7.47,4.69,6.15,5.76,4.72,5.39,Yes,1,2.91,6.27,62.99,1,8.32
STU03989,Female,EEE,6.06,85.78,76.12,1,6,0,0,56.07,6.55,6.05,4.26,5.22,6.17,4.19,Yes,1,5.46,5.66,51.54,1,7.73
STU03990,Female,MECH,4.58,86.45,97.01,0,2,1,2,87.95,7.27,8.06,6.59,6.19,7.12,6.83,Yes,1,6.49,4.13,32.09,0,0.0
STU03991,Male,ECE,6.54,72.45,89.61,1,3,1,0,8.84,6.88,7.18,7.87,7.34,7.33,10.0,No,4,2.63,8.09,50.51,0,0.0
STU03992,Female,CIVIL,5.99,73.83,63.55,0,1,2,0,91.48,4.19,4.7,4.16,6.19,2.97,0.92,No,1,6.14,2.17,27.05,0,0.0
STU03993,Male,ECE,5.93,66.32,67.7,0,6,1,0,50.43,7.77,8.11,6.9,6.1,7.86,6.07,Yes,0,5.84,7.3,46.4,0,0.0
STU03994,Female,CSE,7.41,78.3,100.0,2,0,0,2,93.99,4.38,2.81,2.72,4.38,4.58,4.79,Yes,0,4.96,5.13,47.56,0,0.0
STU03995,Female,IT,6.52,76.28,82.31,1,3,0,0,70.5,5.29,7.45,5.17,6.43,6.33,3.12,No,4,7.16,3.22,52.13,0,0.0
STU03996,Female,IT,8.09,85.17,77.02,1,5,2,0,80.0,6.48,4.5,4.54,4.75,2.28,4.05,No,0,7.11,6.11,59.16,1,9.9
STU03997,Male,ECE,8.58,67.39,76.1,0,0,3,2,82.17,7.83,8.33,7.48,5.75,3.94,2.86,Yes,0,1.23,2.86,48.13,0,0.0
STU03998,Male,CSE,8.09,72.36,78.04,1,0,3,1,60.9,4.44,3.34,9.76,7.8,6.64,3.08,Yes,0,4.79,5.38,60.19,1,9.91
STU03999,Male,CSE,5.89,75.59,51.68,3,0,2,1,59.26,6.87,9.75,6.64,5.59,7.34,5.3,No,0,5.57,5.68,55.08,1,10.28
STU04000,Male,CSE,7.25,75.68,77.25,2,4,1,0,60.42,5.66,7.53,5.38,6.32,2.17,4.06,No,2,8.29,6.43,64.01,0,0.0
STU04001,Male,ECE,6.85,96.21,84.9,3,4,0,0,48.68,10.0,8.6,7.83,6.83,4.71,8.72,No,1,5.67,4.52,63.43,1,9.26
STU04002,Male,CIVIL,9.39,53.51,63.73,2,2,2,1,69.94,3.59,2.4,10.0,6.95,2.73,4.66,No,2,7.58,5.67,40.05,0,0.0
STU04003,Female,CSE,4.76,74.07,63.87,1,3,3,0,53.99,6.53,8.33,7.59,6.24,6.63,5.26,Yes,4,2.33,9.97,55.8,0,0.0
STU04004,Female,CSE,7.08,88.75,80.28,1,2,0,0,72.36,5.36,4.64,9.7,7.48,8.61,7.91,Yes,0,7.98,7.36,58.07,0,0.0
STU04005,Female,IT,5.71,75.26,74.78,1,2,3,1,82.28,4.8,3.82,7.33,4.84,4.25,6.3,No,3,2.55,2.07,52.96,0,0.0
STU04006,Male,IT,7.1,84.86,75.3,0,2,3,1,36.0,6.97,5.31,7.81,7.2,7.88,6.23,No,0,2.5,5.62,50.71,0,0.0
STU04007,Female,ECE,7.93,75.78,61.84,1,4,2,1,65.2,5.94,5.38,5.47,5.63,3.36,6.23,Yes,1,8.71,3.79,49.62,0,0.0
STU04008,Male,CSE,7.54,79.74,71.67,0,6,4,3,74.65,3.19,3.45,5.93,6.3,3.75,3.08,Yes,1,2.89,9.6,47.75,0,0.0
STU04009,Male,EEE,7.98,73.71,68.69,2,6,1,0,89.06,4.33,4.48,4.86,7.34,4.08,3.63,No,0,5.0,6.87,57.1,0,0.0
STU04010,Male,CIVIL,7.6,60.01,89.82,1,3,2,2,68.36,2.36,1.77,5.71,6.66,4.64,3.3,No,0,3.46,6.81,24.55,0,0.0
STU04011,Male,IT,8.82,69.88,68.21,1,4,5,2,91.78,4.39,4.69,8.31,6.43,5.69,7.4,Yes,0,5.13,4.82,66.76,1,9.96
STU04012,Female,MECH,6.57,71.85,80.84,2,1,0,0,24.24,6.55,5.99,6.44,5.75,8.1,7.32,Yes,3,3.4,2.42,45.42,0,0.0
STU04013,Male,EEE,6.87,81.71,67.16,3,5,0,0,55.15,2.79,2.65,5.22,5.67,6.66,6.37,Yes,0,4.48,7.52,47.67,0,0.0
STU04014,Male,IT,6.87,83.88,75.26,4,3,5,1,61.75,7.04,5.86,7.35,7.32,8.77,10.0,No,2,4.39,6.41,71.93,1,9.81
STU04015,Female,EEE,6.83,88.96,60.81,1,2,2,1,56.13,5.61,5.89,6.18,7.53,6.23,9.08,No,2,4.5,2.51,40.46,0,0.0
STU04016,Male,IT,7.31,66.54,94.72,2,3,1,0,74.94,6.91,6.55,6.02,7.07,5.45,4.25,No,3,1.64,5.46,64.28,1,9.66
STU04017,Female,ECE,6.59,75.43,69.47,1,4,1,0,76.32,5.99,6.12,6.38,6.94,0.59,2.37,Yes,0,9.03,7.88,53.56,1,6.53
STU04018,Male,CSE,7.35,81.56,61.12,3,2,3,0,42.29,5.48,5.08,5.81,6.12,3.65,3.47,No,1,3.56,4.37,57.03,0,0.0
STU04019,Female,CIVIL,7.7,73.47,74.94,1,6,0,0,59.2,5.09,3.2,6.57,6.78,5.64,4.84,No,0,8.18,8.73,44.03,0,0.0
STU04020,Male,ECE,7.57,84.59,48.59,1,4,0,0,58.45,6.82,6.05,7.98,5.73,7.7,6.24,No,2,5.51,10.0,49.92,1,8.04
STU04021,Male,MECH,9.69,96.39,72.46,0,1,2,0,86.25,5.49,6.8,4.74,5.17,5.3,4.69,Yes,1,3.95,6.59,44.28,0,0.0
STU04022,Female,MECH,7.31,87.96,85.22,1,5,0,1,49.51,10.0,9.49,4.5,6.05,5.24,7.15,Yes,1,7.6,2.68,41.86,0,0.0
STU04023,Female,CIVIL,7.01,73.34,68.94,4,1,1,1,46.76,3.32,4.02,8.77,7.85,6.92,3.84,Yes,0,6.38,4.91,37.85,0,0.0
STU04024,Female,CIVIL,6.06,83.5,77.45,1,1,2,0,100.0,8.43,10.0,4.99,5.3,0.86,8.73,Yes,1,5.81,2.39,42.32,0,0.0
STU04025,Male,ECE,6.34,76.51,82.04,0,5,3,1,68.92,6.82,6.29,7.14,7.81,7.75,0.88,No,2,6.31,7.85,50.8,0,0.0
STU04026,Female,CSE,6.77,83.71,85.98,4,4,0,0,52.4,5.66,7.49,5.91,6.01,6.98,3.35,Yes,4,3.4,3.83,63.8,1,9.66
STU04027,Female,ECE,7.37,84.66,78.93,1,3,0,0,100.0,6.84,6.35,7.05,5.98,5.93,3.84,No,0,6.31,8.29,58.19,1,8.8
STU04028,Female,EEE,7.28,100.0,79.48,1,2,3,1,25.17,8.65,8.49,5.98,6.48,5.27,6.14,No,0,5.09,8.49,44.82,0,0.0
STU04029,Male,EEE,9.39,82.34,62.13,3,5,1,1,52.93,7.04,9.0,4.01,4.64,7.61,3.74,No,3,5.78,4.05,56.81,1,8.2
STU04030,Female,EEE,7.03,74.29,74.19,1,3,1,0,45.51,6.48,6.64,7.68,6.77,8.05,6.13,No,1,6.04,2.23,46.95,0,0.0
STU04031,Male,CSE,4.73,88.58,60.57,0,2,5,0,60.75,7.15,6.71,4.98,4.33,3.46,5.93,No,1,5.23,3.0,51.01,0,0.0
STU04032,Female,ECE,6.74,80.45,60.13,3,1,2,0,74.83,3.76,5.45,8.21,8.28,5.99,2.42,Yes,0,6.59,4.75,56.39,1,7.81
STU04033,Male,EEE,7.56,70.59,66.35,1,3,3,2,76.69,7.34,7.2,6.61,6.62,2.31,5.44,Yes,2,4.82,4.71,42.16,0,0.0
STU04034,Male,IT,8.07,81.99,70.53,0,2,1,0,35.3,5.75,4.9,4.36,4.05,3.84,6.38,No,3,4.12,8.86,40.89,0,0.0
STU04035,Male,MECH,7.57,66.37,67.24,1,2,5,0,33.21,6.9,7.59,7.75,7.17,2.18,4.71,No,2,5.85,4.02,43.22,0,0.0
STU04036,Male,IT,6.85,72.18,87.78,3,3,1,1,53.94,6.67,4.57,7.69,6.54,6.7,4.25,No,0,6.0,3.53,52.6,1,8.62
STU04037,Female,CSE,6.08,79.65,81.78,0,1,1,1,21.66,7.44,8.32,7.52,6.23,7.97,3.21,No,0,1.7,5.71,40.28,0,0.0
STU04038,Male,CSE,8.54,87.26,58.29,4,4,1,0,50.4,7.62,9.53,6.36,6.44,6.99,5.46,No,2,8.76,4.07,73.49,1,9.89
STU04039,Female,CSE,6.59,81.27,79.57,1,2,2,0,87.94,5.06,4.37,7.04,7.17,7.97,6.31,No,1,3.29,4.62,53.39,1,8.63
STU04040,Male,CSE,8.52,85.86,87.04,3,2,2,0,54.42,8.59,10.0,5.7,5.68,9.33,8.29,No,1,3.74,6.12,75.01,1,11.34
STU04041,Male,ECE,6.72,86.0,67.55,3,5,0,3,66.2,5.99,4.0,5.93,6.11,4.48,7.4,Yes,2,3.26,4.56,49.5,0,0.0
STU04042,Female,IT,7.72,73.83,76.1,0,1,2,1,64.51,6.04,7.65,7.42,6.77,5.24,4.34,Yes,2,3.75,3.7,46.94,0,0.0
STU04043,Female,MECH,7.5,71.99,56.96,1,3,1,0,75.03,7.91,8.32,6.43,6.32,3.55,3.47,No,3,5.09,3.29,44.15,0,0.0
STU04044,Female,IT,7.69,75.62,74.75,1,1,3,0,83.04,4.52,4.88,2.87,3.7,9.09,1.05,Yes,0,6.03,3.25,54.96,1,8.89
STU04045,Male,MECH,4.99,70.36,66.22,0,2,4,1,73.63,7.33,8.45,6.4,6.43,4.93,4.28,No,0,2.27,1.99,43.55,0,0.0
STU04046,Female,ECE,7.07,61.22,90.04,1,6,3,0,60.29,8.09,10.0,3.2,4.2,5.04,8.13,Yes,3,4.13,3.75,57.54,0,0.0
STU04047,Female,EEE,8.3,76.54,85.3,3,3,2,1,70.84,5.87,5.28,7.1,6.67,7.97,2.91,Yes,2,5.18,6.34,54.46,0,0.0
STU04048,Male,EEE,7.68,67.88,68.9,0,5,2,1,20.56,5.28,4.37,5.92,6.08,10.0,5.4,Yes,0,4.41,7.12,43.66,0,0.0
STU04049,Male,CSE,7.94,71.37,80.29,1,4,3,4,76.79,3.62,3.32,6.5,5.76,5.79,8.83,Yes,0,7.19,2.15,45.92,1,8.02
STU04050,Male,CIVIL,8.1,70.35,79.27,3,2,0,0,54.87,6.38,6.44,3.38,4.39,6.69,6.83,Yes,0,3.23,3.7,44.29,0,0.0
STU04051,Male,EEE,7.38,78.87,55.16,0,4,0,0,55.74,6.12,6.13,6.57,5.28,7.2,4.73,Yes,1,6.11,10.0,45.61,0,0.0
STU04052,Male,CSE,7.21,70.96,83.94,1,5,1,1,43.86,8.47,8.76,7.2,5.44,5.36,4.6,Yes,3,8.55,4.57,54.65,1,8.94
STU04053,Female,ECE,5.7,77.62,80.64,1,5,1,0,74.97,4.65,3.01,7.08,7.0,9.36,3.7,Yes,3,5.24,3.55,52.18,1,8.53
STU04054,Male,CSE,8.35,75.07,76.68,1,2,1,1,68.12,5.2,5.11,6.32,6.31,6.79,7.61,No,0,6.64,4.63,51.96,1,9.51
STU04055,Male,ECE,6.85,89.11,64.36,3,4,0,0,72.23,6.5,6.27,7.05,6.75,5.75,7.65,Yes,2,3.08,6.35,62.27,0,0.0
STU04056,Male,EEE,7.75,87.43,66.26,1,1,1,0,51.25,6.73,6.33,6.34,5.71,6.08,4.87,Yes,4,3.55,5.59,46.55,0,0.0
STU04057,Female,CSE,6.59,90.63,72.39,1,2,1,0,67.33,4.18,3.32,9.11,9.57,6.67,7.41,Yes,2,5.37,4.8,60.81,1,10.93
STU04058,Male,ECE,7.53,80.44,96.73,2,3,1,1,66.05,5.68,6.11,4.89,6.3,5.77,2.72,Yes,1,4.94,0.21,53.75,0,0.0
STU04059,Female,CSE,6.69,74.13,90.75,1,2,1,1,43.35,7.5,8.38,6.93,6.56,5.27,3.29,Yes,2,6.2,5.6,56.58,0,0.0
STU04060,Male,CSE,6.87,92.93,68.72,2,0,0,0,46.39,6.82,5.22,5.4,5.59,6.38,3.62,No,0,9.91,4.65,50.17,0,0.0
STU04061,Female,CSE,7.07,72.41,70.85,1,1,2,1,47.46,7.89,4.9,6.18,5.81,4.89,1.84,Yes,1,5.24,4.07,43.62,0,0.0
STU04062,Male,ECE,6.64,68.46,72.88,2,5,0,0,56.87,5.67,3.4,9.58,6.52,5.66,3.97,No,0,3.62,6.51,56.18,0,0.0
STU04063,Female,ECE,6.9,81.23,87.74,1,5,1,0,47.1,6.21,6.8,5.51,5.46,0.0,3.75,Yes,3,10.0,7.58,56.36,0,0.0
STU04064,Male,ECE,5.91,63.13,88.32,1,2,4,1,80.28,2.96,2.22,5.0,5.33,5.7,0.17,Yes,0,4.32,4.31,50.15,0,0.0
STU04065,Female,CSE,7.07,82.1,67.64,2,4,1,2,74.73,6.88,7.2,6.35,5.32,6.42,4.38,No,0,3.19,3.89,54.66,1,8.64
STU04066,Male,CSE,6.96,81.99,67.94,0,1,4,0,65.32,7.01,5.68,3.55,5.48,8.83,8.02,Yes,1,3.63,3.02,54.12,0,0.0
STU04067,Male,CIVIL,7.6,84.12,86.66,1,3,3,2,61.15,6.73,7.21,7.98,4.98,4.96,1.38,No,3,7.96,1.76,33.19,0,0.0
STU04068,Male,CSE,6.47,67.23,72.54,2,4,4,1,73.74,3.96,6.1,5.18,4.38,1.73,0.12,Yes,0,3.86,4.11,56.76,0,0.0
STU04069,Female,CSE,6.29,91.99,64.16,2,4,1,0,63.15,2.86,3.86,7.98,7.8,5.45,4.49,Yes,1,6.44,2.77,52.33,1,9.7
STU04070,Female,CSE,9.61,69.34,60.37,0,2,3,0,58.29,5.81,4.82,3.69,4.03,4.49,4.89,Yes,4,6.44,4.56,56.49,1,8.7
STU04071,Female,MECH,7.61,85.35,78.69,1,4,2,0,98.41,5.52,6.27,7.0,6.41,4.44,4.24,Yes,1,4.62,5.12,53.17,0,0.0
STU04072,Male,MECH,6.57,67.59,59.02,3,5,3,0,73.37,6.89,7.77,5.99,7.38,5.9,6.68,No,4,6.31,0.37,57.18,0,0.0
STU04073,Female,EEE,7.97,61.11,68.96,1,4,1,0,50.9,5.33,5.81,9.32,7.36,3.83,8.43,Yes,1,4.57,5.5,52.01,0,0.0
STU04074,Male,CSE,9.64,90.58,67.34,1,4,2,0,75.18,7.64,6.31,8.75,6.56,6.33,2.35,Yes,0,6.08,6.97,75.63,1,11.81
STU04075,Female,IT,7.41,59.5,64.86,3,2,2,0,100.0,6.42,8.35,4.16,3.46,1.96,7.38,No,1,5.08,7.5,68.31,1,10.15
STU04076,Male,ECE,7.59,100.0,66.4,1,3,2,2,64.56,6.96,7.3,2.23,4.33,9.61,6.44,No,0,2.86,4.14,46.74,0,0.0
STU04077,Female,CIVIL,8.62,82.75,91.2,3,2,2,2,81.6,7.21,5.39,5.45,5.61,3.25,5.29,Yes,2,7.91,6.63,49.04,1,7.38
STU04078,Female,CSE,7.32,79.97,75.87,0,3,1,0,54.37,3.61,4.07,8.6,6.91,8.1,7.94,Yes,0,2.99,0.0,53.93,0,0.0
STU04079,Male,IT,5.78,82.78,76.07,1,0,1,0,42.01,7.88,8.77,6.11,6.07,5.99,4.0,No,0,2.46,7.19,47.61,0,0.0
STU04080,Female,CSE,6.9,75.75,54.89,1,3,3,0,96.61,5.3,6.95,10.0,7.94,3.19,1.88,Yes,3,3.76,5.29,69.18,1,11.48
STU04081,Male,ECE,7.97,87.21,79.19,0,4,1,1,55.77,9.26,8.96,7.04,6.62,1.54,6.18,Yes,0,5.59,2.63,49.77,0,0.0
STU04082,Female,CSE,8.58,83.47,70.36,1,1,3,0,63.3,8.44,7.68,6.91,5.97,4.22,4.11,No,2,4.37,2.73,56.98,0,0.0
STU04083,Male,MECH,7.7,93.99,82.68,0,2,2,0,70.72,8.54,7.28,5.99,4.67,8.55,3.22,Yes,2,8.28,1.01,36.38,0,0.0
STU04084,Female,MECH,6.78,52.71,90.65,2,0,0,0,79.54,10.0,10.0,3.94,4.59,1.17,6.67,No,1,5.1,6.9,40.83,0,0.0
STU04085,Male,IT,6.44,76.55,63.35,1,2,5,0,72.06,6.16,7.07,6.18,6.68,6.67,4.6,No,2,2.28,0.33,62.77,1,10.39
STU04086,Male,EEE,9.61,80.19,79.77,3,5,3,0,85.66,6.26,9.18,6.27,6.82,5.16,2.21,Yes,2,7.64,8.04,62.33,1,7.88
STU04087,Male,MECH,5.3,100.0,55.24,1,0,4,0,89.9,2.0,2.89,5.94,6.91,2.44,8.15,Yes,0,2.87,9.51,40.61,0,0.0
STU04088,Male,CSE,8.95,64.6,65.79,0,4,3,1,73.29,3.65,2.72,4.39,4.98,6.47,5.88,No,2,8.85,6.54,46.05,0,0.0
STU04089,Female,MECH,7.51,72.02,76.53,1,5,5,3,75.08,7.72,8.99,5.71,5.39,9.23,6.57,Yes,3,1.8,6.1,44.77,0,0.0
STU04090,Female,ECE,7.96,61.67,80.36,0,1,2,0,50.09,1.93,2.24,8.9,7.03,6.41,5.56,Yes,4,1.58,5.52,43.23,0,0.0
STU04091,Female,CSE,6.27,63.42,60.48,2,3,4,0,53.35,5.87,3.32,6.84,6.4,2.03,8.72,Yes,1,6.44,10.0,62.04,1,10.2
STU04092,Female,CSE,6.58,94.14,70.79,0,0,3,0,78.27,5.86,6.39,6.12,6.6,3.38,7.28,Yes,1,3.52,6.65,57.36,1,8.52
STU04093,Male,CSE,5.53,89.08,71.01,2,4,3,0,61.11,3.68,3.31,7.74,8.35,9.8,2.37,No,0,5.63,6.13,58.34,1,9.87
STU04094,Female,ECE,7.02,79.43,85.76,0,1,4,1,54.64,3.98,3.51,2.21,5.81,5.28,8.09,No,1,7.57,2.18,33.4,0,0.0
STU04095,Female,ECE,5.9,77.37,82.24,2,2,2,1,52.9,7.07,6.24,3.84,5.13,1.91,4.09,Yes,2,6.16,2.67,48.36,0,0.0
STU04096,Female,CIVIL,7.4,57.5,79.46,3,1,1,1,24.82,8.69,8.47,6.15,6.16,5.25,0.17,Yes,0,4.88,3.87,34.56,0,0.0
STU04097,Female,IT,6.35,76.36,73.09,0,1,1,0,63.44,3.91,2.63,8.27,7.53,6.16,3.8,Yes,1,5.9,6.44,42.83,1,7.54
STU04098,Female,CSE,6.28,79.8,60.91,0,6,1,0,65.05,5.36,4.59,8.08,6.32,7.15,5.44,Yes,2,8.04,6.5,65.31,1,9.94
STU04099,Male,IT,8.46,78.94,83.16,1,6,1,0,75.54,4.51,4.23,5.8,4.23,1.2,1.72,Yes,2,5.12,1.26,63.61,1,11.01
STU04100,Male,MECH,8.71,58.98,92.52,1,1,0,2,48.03,4.72,6.06,4.86,5.1,5.35,1.05,Yes,3,5.69,3.68,25.89,0,0.0
STU04101,Male,EEE,6.79,68.19,66.54,0,2,1,3,55.94,7.59,7.68,5.59,5.39,4.62,2.63,No,0,6.9,5.41,40.23,0,0.0
STU04102,Male,CSE,7.56,74.84,87.03,1,1,2,0,66.23,7.41,6.25,7.54,6.9,3.0,5.52,Yes,2,5.58,3.22,55.47,1,8.49
STU04103,Female,IT,6.18,74.96,91.45,1,1,4,2,62.54,5.91,6.31,7.13,5.9,1.38,5.87,No,2,2.17,7.59,44.24,0,0.0
STU04104,Male,CSE,5.77,93.28,57.47,2,3,2,3,83.52,2.71,1.96,7.88,8.5,1.99,3.17,Yes,0,6.75,3.94,45.16,0,0.0
STU04105,Male,CSE,8.07,94.71,84.98,0,5,2,3,65.46,4.36,5.41,5.56,4.76,5.18,5.03,Yes,0,7.92,6.97,42.7,0,0.0
STU04106,Male,ECE,6.25,91.67,84.76,2,0,0,0,29.78,6.23,6.38,5.46,5.84,6.74,5.85,No,3,2.3,0.0,28.44,0,0.0
STU04107,Female,CSE,6.78,75.33,83.28,1,2,4,2,59.07,7.65,8.23,3.92,4.44,3.14,0.92,No,2,4.33,5.98,44.6,0,0.0
STU04108,Male,IT,6.82,85.82,54.77,3,0,0,2,67.4,4.77,5.34,7.54,5.89,9.19,0.66,No,2,5.88,3.14,45.05,0,0.0
STU04109,Male,CSE,5.75,81.68,90.32,4,6,0,2,44.64,5.08,2.96,5.53,7.52,5.78,5.92,No,2,2.15,5.49,51.13,0,0.0
STU04110,Male,CSE,8.89,98.74,51.6,4,3,1,0,77.4,8.83,9.37,6.06,5.24,5.49,6.05,No,0,1.79,3.45,74.93,1,10.66
STU04111,Male,ECE,6.18,76.92,79.99,0,2,4,0,61.01,6.01,5.93,6.86,7.03,6.22,2.28,Yes,2,4.2,2.52,48.65,0,0.0
STU04112,Male,CSE,6.61,61.79,62.84,3,2,1,0,77.12,6.37,7.48,7.01,6.84,4.66,2.65,No,2,7.38,9.27,63.67,1,10.59
STU04113,Female,MECH,6.43,77.82,94.32,0,1,4,0,76.81,4.3,3.67,8.7,7.33,3.73,5.38,No,2,5.76,5.47,43.96,0,0.0
STU04114,Female,EEE,7.63,77.34,66.82,2,2,1,1,40.4,5.18,4.98,8.75,7.64,7.03,8.08,No,0,6.22,5.65,40.79,1,7.29
STU04115,Male,ECE,5.32,85.21,70.76,0,1,4,0,55.36,4.05,4.06,9.79,7.36,5.46,6.85,Yes,1,5.25,5.9,43.32,0,0.0
STU04116,Male,IT,8.4,69.23,55.69,1,3,1,2,55.04,9.15,9.95,10.0,9.98,6.26,7.52,No,2,2.1,6.03,57.47,1,9.72
STU04117,Male,IT,6.4,69.32,76.59,2,2,3,1,59.04,6.36,7.46,6.82,6.98,4.0,6.89,Yes,2,4.45,7.54,56.86,1,9.29
STU04118,Male,IT,7.91,62.24,73.02,4,2,4,0,86.35,5.5,3.4,6.13,4.63,1.26,3.55,Yes,4,2.46,2.37,70.02,1,10.88
STU04119,Female,MECH,5.52,79.26,63.6,2,1,0,0,54.47,7.06,6.33,10.0,7.78,8.13,10.0,Yes,0,7.5,0.0,36.01,0,0.0
STU04120,Male,IT,5.96,67.51,88.64,3,2,3,0,86.77,6.75,6.42,2.07,3.75,4.68,4.92,Yes,2,4.65,7.13,58.46,1,8.9
STU04121,Female,IT,7.42,78.7,80.46,0,2,4,0,54.29,6.6,3.01,6.48,6.95,5.17,5.8,Yes,0,5.21,6.6,53.25,0,0.0
STU04122,Female,CIVIL,5.89,79.97,59.18,2,3,4,0,64.01,5.18,6.09,7.23,6.14,4.28,3.98,No,0,7.24,5.04,45.83,0,0.0
STU04123,Male,CSE,6.03,98.1,47.94,2,5,0,3,23.09,3.5,2.78,7.27,6.41,7.25,4.9,Yes,1,5.38,3.53,43.93,0,0.0
STU04124,Male,CSE,8.25,79.25,58.51,0,5,0,2,100.0,4.18,0.94,5.14,4.7,7.08,8.06,Yes,0,5.39,6.02,49.43,0,0.0
STU04125,Male,EEE,7.1,62.13,57.39,1,2,4,0,55.24,5.17,5.56,8.64,7.63,3.45,4.95,No,0,5.84,4.35,47.62,0,0.0
STU04126,Female,IT,6.85,84.31,78.66,1,1,0,0,76.48,4.65,3.95,3.94,4.61,8.96,3.34,No,0,7.1,4.58,45.72,1,8.46
STU04127,Female,IT,6.04,68.66,89.26,1,3,2,1,69.34,5.14,6.82,5.88,6.31,0.74,4.11,Yes,2,4.4,3.83,51.85,0,0.0
STU04128,Male,IT,5.86,62.25,63.39,1,2,2,1,78.1,4.76,4.43,5.6,6.37,4.37,3.3,No,0,4.43,10.0,46.73,0,0.0
STU04129,Male,EEE,9.16,74.69,89.43,4,2,1,3,35.31,3.56,4.95,6.52,7.04,4.4,4.24,Yes,0,4.86,4.28,37.66,0,0.0
STU04130,Female,CIVIL,8.64,75.68,79.37,4,2,4,2,30.69,5.17,4.43,5.54,5.22,7.22,5.1,Yes,4,8.23,1.05,38.58,0,0.0
STU04131,Male,ECE,7.68,75.86,65.26,1,4,0,2,78.74,4.21,4.83,6.86,7.54,7.3,5.37,No,1,8.91,6.3,45.06,0,0.0
STU04132,Female,ECE,7.92,58.63,71.71,2,0,0,2,73.4,6.27,7.33,3.53,6.11,7.65,5.55,Yes,1,5.61,1.71,47.75,0,0.0
STU04133,Male,ECE,8.13,73.75,73.04,0,4,2,1,71.31,7.01,7.06,4.86,3.61,7.93,2.72,No,2,9.12,3.58,51.72,1,8.35
STU04134,Female,EEE,7.28,82.31,58.35,3,3,4,0,67.03,8.06,7.95,8.21,6.75,5.87,2.58,Yes,1,5.16,8.24,64.36,1,8.7
STU04135,Female,IT,7.68,68.0,80.19,1,0,0,0,67.91,7.23,8.06,6.72,7.05,8.94,6.88,No,0,7.4,5.97,61.71,1,10.45
STU04136,Male,EEE,6.75,80.13,59.62,0,1,0,4,54.39,3.36,1.75,7.34,6.97,8.25,3.09,No,0,6.33,3.37,8.93,0,0.0
STU04137,Male,ECE,6.74,70.96,59.22,1,4,2,1,69.54,5.71,8.05,3.27,4.75,4.72,5.7,No,4,3.42,6.85,40.75,0,0.0
STU04138,Male,CSE,7.91,84.15,58.16,1,3,0,0,31.12,5.75,5.15,7.59,7.65,2.46,4.52,Yes,1,4.04,1.63,52.47,0,0.0
STU04139,Male,EEE,9.07,68.34,84.25,4,4,2,0,66.79,3.63,3.33,4.5,4.98,5.65,8.29,Yes,1,5.53,0.23,58.79,1,7.8
STU04140,Male,CSE,6.8,79.19,63.14,0,0,2,1,72.81,7.84,8.16,5.77,5.9,5.01,5.59,No,4,5.95,7.51,45.13,0,0.0
STU04141,Male,MECH,6.6,51.09,72.8,2,1,3,2,79.49,8.13,7.69,2.07,4.57,3.28,5.62,No,0,2.95,3.98,30.34,0,0.0
STU04142,Male,IT,6.67,71.04,65.94,4,6,4,2,58.53,2.64,1.67,5.63,5.78,5.86,2.33,No,4,5.27,9.22,50.58,1,7.81
STU04143,Male,MECH,7.68,84.28,73.27,1,0,1,0,15.93,6.38,7.52,4.74,5.21,8.88,1.43,Yes,1,5.04,5.23,29.32,0,0.0
STU04144,Male,IT,7.43,84.61,82.83,1,1,2,0,55.13,4.23,4.25,8.51,7.49,9.13,3.98,No,2,5.02,6.28,54.33,0,0.0
STU04145,Male,IT,6.75,84.61,100.0,2,3,2,0,56.72,4.73,4.74,10.0,8.41,4.09,5.98,No,1,4.34,0.0,58.22,1,9.13
STU04146,Male,CIVIL,6.26,80.98,82.93,1,4,2,1,68.82,3.44,3.97,9.07,7.17,3.32,5.89,No,1,7.59,6.45,32.8,0,0.0
STU04147,Female,EEE,5.31,76.96,76.63,2,3,1,0,100.0,4.88,3.03,6.18,6.96,5.42,3.93,Yes,2,6.4,9.77,51.15,1,6.73
STU04148,Male,IT,6.61,86.16,83.05,3,5,0,0,77.42,6.97,3.14,6.82,5.41,4.84,2.72,No,0,5.79,5.76,65.78,1,10.43
STU04149,Male,CSE,8.48,92.12,75.51,2,2,4,0,67.32,7.76,8.53,5.69,5.55,7.07,5.25,Yes,0,5.49,1.53,74.02,1,10.95
STU04150,Male,ECE,7.15,57.96,76.66,0,1,2,0,100.0,5.82,6.14,6.07,6.77,7.63,2.03,No,0,3.71,7.23,39.35,0,0.0
STU04151,Male,ECE,7.8,82.15,75.25,1,4,2,2,36.43,5.66,3.58,5.0,6.56,7.09,6.15,Yes,4,4.65,3.16,40.17,0,0.0
STU04152,Male,CSE,7.36,73.08,89.7,1,6,1,0,47.16,3.76,6.07,6.0,6.97,8.73,5.43,Yes,1,7.2,5.68,66.17,1,9.52
STU04153,Male,IT,6.09,74.23,44.19,0,0,0,0,38.56,5.99,6.22,7.73,6.33,5.83,5.02,No,3,3.99,10.0,43.06,0,0.0
STU04154,Female,IT,7.27,80.47,86.41,0,3,3,0,55.53,3.1,2.54,5.49,5.41,5.53,6.24,Yes,0,5.37,6.15,49.25,0,0.0
STU04155,Male,CSE,7.91,72.49,80.22,2,0,2,1,61.08,5.6,7.19,6.87,7.04,4.22,2.08,Yes,2,7.81,6.93,60.8,1,9.71
STU04156,Male,ECE,6.8,81.86,71.54,0,1,2,0,85.31,1.44,1.3,6.55,6.87,4.51,4.61,No,1,5.95,2.29,33.12,0,0.0
STU04157,Male,IT,9.16,84.79,66.07,2,1,2,1,66.29,2.43,0.59,3.67,4.5,5.35,8.11,Yes,0,0.75,2.63,43.65,0,0.0
STU04158,Male,EEE,4.85,58.36,79.78,2,4,3,2,49.89,8.0,9.19,5.71,4.88,3.3,1.75,No,2,3.95,3.8,40.29,0,0.0
STU04159,Female,IT,6.0,59.08,74.72,1,4,1,1,51.4,7.47,9.21,5.31,5.52,5.03,5.59,Yes,0,7.28,3.57,58.32,0,0.0
STU04160,Male,CSE,7.42,84.5,90.0,0,6,3,0,39.2,6.11,5.79,6.43,5.19,3.09,6.21,No,0,6.8,6.24,58.73,0,0.0
STU04161,Female,IT,7.4,62.14,62.64,3,5,0,0,75.4,7.4,7.8,2.13,4.95,5.63,3.8,Yes,4,3.08,6.06,67.57,0,0.0
STU04162,Female,ECE,7.04,93.59,78.38,0,0,4,0,71.35,5.55,6.53,6.4,6.57,3.05,6.36,No,3,6.92,5.64,39.8,0,0.0
STU04163,Female,CSE,6.67,82.78,69.19,1,1,1,1,63.35,6.11,7.8,7.72,6.93,7.15,3.38,Yes,4,6.82,7.83,53.61,0,0.0
STU04164,Female,IT,8.3,86.94,75.68,1,3,1,0,68.29,4.58,7.17,2.93,5.5,4.26,4.38,No,2,6.88,6.41,54.77,1,9.47
STU04165,Female,IT,6.06,67.13,66.38,0,5,4,0,32.15,2.87,2.18,8.08,6.01,2.86,9.22,No,1,3.79,4.55,47.04,0,0.0
STU04166,Male,CIVIL,6.63,73.32,55.82,1,6,0,0,88.31,3.85,4.16,7.97,7.42,3.48,7.52,No,1,1.62,0.06,40.2,0,0.0
STU04167,Male,EEE,6.82,70.0,83.82,0,0,2,0,71.63,7.48,7.93,7.47,6.59,4.55,7.28,No,2,2.19,4.07,41.96,0,0.0
STU04168,Male,ECE,7.66,88.6,78.09,1,3,2,0,69.54,7.65,6.98,7.42,5.25,6.38,4.8,Yes,1,7.0,6.51,57.08,1,7.98
STU04169,Male,ECE,7.85,81.75,76.03,1,5,2,0,41.77,6.55,7.95,3.91,4.86,4.0,3.17,Yes,2,6.41,2.95,54.02,1,8.03
STU04170,Male,CIVIL,9.63,56.94,73.73,1,6,3,3,54.03,4.26,4.79,7.36,6.75,4.55,9.0,No,0,10.0,2.57,39.37,1,7.25
STU04171,Male,IT,8.86,83.89,100.0,0,4,1,1,69.22,7.16,7.3,8.68,7.24,5.58,0.75,Yes,1,7.55,5.67,59.39,0,0.0
STU04172,Female,ECE,7.54,81.73,67.65,1,2,0,0,87.77,8.75,10.0,5.03,4.99,3.41,9.0,No,2,7.02,8.22,53.21,0,0.0
STU04173,Male,ECE,5.73,82.36,76.64,0,3,4,2,57.99,4.45,4.72,5.13,6.45,6.07,3.93,Yes,3,7.25,5.27,30.67,0,0.0
STU04174,Female,IT,7.85,80.2,88.14,1,2,2,1,74.91,4.9,6.34,4.9,5.94,7.58,9.0,Yes,4,6.84,3.07,51.5,1,8.51
STU04175,Male,CSE,7.21,76.75,52.46,2,3,2,0,58.09,3.98,3.43,3.95,4.2,5.86,5.85,No,2,4.91,9.53,53.26,0,0.0
STU04176,Male,CSE,5.7,84.98,66.94,0,4,1,1,69.34,4.28,5.1,7.39,6.7,4.46,5.21,Yes,3,4.11,4.91,53.4,1,8.47
STU04177,Female,ECE,6.31,52.09,56.05,2,3,4,0,51.55,3.52,5.01,5.72,6.38,6.68,6.02,Yes,0,7.4,6.17,49.15,0,0.0
STU04178,Male,IT,7.61,79.47,70.73,0,3,0,1,78.13,6.19,5.86,7.14,6.33,6.78,6.45,No,1,5.02,4.78,45.72,1,7.98
STU04179,Female,IT,7.33,82.58,71.01,3,3,2,2,82.41,6.73,5.17,5.87,7.79,5.25,4.31,Yes,1,4.93,0.0,59.15,0,0.0
STU04180,Female,CSE,7.21,78.15,70.33,1,5,3,1,80.58,8.0,9.73,7.58,7.62,5.18,4.54,Yes,3,6.3,5.21,70.84,1,11.67
STU04181,Female,CIVIL,8.5,96.56,76.43,3,3,0,2,58.34,6.02,6.04,5.1,5.02,2.84,4.68,No,2,5.45,9.1,36.3,0,0.0
STU04182,Female,IT,6.83,92.84,62.18,1,1,2,1,47.88,3.59,5.77,2.99,3.8,6.23,4.18,Yes,1,3.73,5.73,42.08,0,0.0
STU04183,Male,CSE,5.11,82.59,100.0,2,2,2,0,41.35,6.38,5.38,7.08,6.87,5.75,3.33,No,2,4.76,5.18,53.6,0,0.0
STU04184,Female,MECH,8.77,84.98,82.8,0,5,0,2,67.83,7.08,5.86,7.71,7.41,1.58,0.9,No,0,7.01,1.67,34.09,0,0.0
STU04185,Male,CSE,8.25,82.49,80.02,4,2,4,3,29.85,3.27,1.95,7.51,6.37,3.22,6.44,No,0,3.67,4.94,50.08,0,0.0
STU04186,Male,CSE,8.56,70.42,76.46,2,2,3,0,22.23,5.5,5.48,5.64,6.42,6.27,4.16,No,0,4.23,3.35,65.0,1,9.08
STU04187,Male,ECE,6.94,80.27,84.71,2,4,3,1,66.45,4.63,4.73,4.98,6.33,8.14,7.78,Yes,3,3.43,5.85,55.86,0,0.0
STU04188,Male,CSE,8.03,68.04,66.35,3,6,0,0,67.45,5.3,6.73,5.35,5.7,8.17,4.48,Yes,0,1.87,5.27,69.6,1,9.79
STU04189,Male,MECH,6.61,79.12,78.69,2,5,1,0,74.7,6.45,6.22,4.61,4.96,5.88,7.61,Yes,1,6.87,4.06,46.9,0,0.0
STU04190,Female,CSE,7.18,100.0,63.95,0,4,3,1,65.23,3.71,3.87,6.07,4.5,4.77,2.16,Yes,0,5.45,6.64,49.5,0,0.0
STU04191,Male,EEE,6.89,63.63,74.09,1,2,2,0,85.32,10.0,7.88,8.55,6.96,5.07,3.73,No,1,1.26,3.47,56.53,1,6.86
STU04192,Female,IT,7.14,80.53,62.56,2,2,3,0,64.21,5.65,5.19,6.93,6.11,5.14,4.26,No,0,9.38,4.68,61.46,0,0.0
STU04193,Female,IT,6.42,97.78,78.71,1,0,1,0,59.97,7.4,6.55,9.85,7.89,4.18,2.17,Yes,2,4.56,8.32,60.87,0,0.0
STU04194,Male,CSE,7.13,84.07,66.56,2,4,0,1,61.11,7.84,5.44,5.05,5.76,7.34,3.93,Yes,2,6.22,7.48,59.37,0,0.0
STU04195,Male,ECE,8.85,99.85,78.25,2,1,5,0,55.66,6.06,6.16,4.91,4.88,5.34,4.56,No,4,6.53,5.62,55.88,1,7.62
STU04196,Female,IT,7.45,81.62,67.62,0,1,1,0,63.25,8.52,7.26,5.37,5.14,3.08,0.0,Yes,0,4.19,3.47,55.7,0,0.0
STU04197,Male,IT,8.18,78.39,74.44,2,0,1,0,51.99,8.37,8.65,4.82,5.17,7.94,5.17,No,0,4.34,2.36,57.26,0,0.0
STU04198,Male,EEE,6.27,79.43,83.56,2,1,0,2,67.52,3.27,3.85,3.97,6.04,5.1,3.37,Yes,4,6.86,0.0,35.22,0,0.0
STU04199,Female,ECE,7.5,83.25,88.59,1,3,3,0,47.0,9.28,10.0,3.28,4.52,4.39,6.88,Yes,2,4.23,1.38,56.2,0,0.0
STU04200,Male,ECE,6.88,72.75,86.19,3,5,0,3,59.27,4.65,3.85,7.6,6.55,6.33,3.2,Yes,0,3.69,6.32,40.44,0,0.0
STU04201,Female,CSE,7.13,93.79,71.59,1,5,4,0,42.66,5.69,5.42,5.94,6.37,4.83,5.68,No,2,3.88,7.35,64.19,1,10.73
STU04202,Male,ECE,7.22,72.28,77.34,2,5,1,0,34.58,6.92,5.99,7.14,7.27,9.77,0.93,Yes,2,6.54,5.5,63.18,1,8.94
STU04203,Female,MECH,5.93,76.86,80.93,1,2,1,0,71.55,10.0,6.36,5.92,5.72,5.59,4.82,No,0,2.56,9.3,44.39,0,0.0
STU04204,Male,IT,6.2,85.69,68.73,2,2,0,2,48.41,6.4,6.61,9.34,7.27,7.23,2.44,No,0,5.78,5.55,50.9,0,0.0
STU04205,Male,ECE,8.2,66.11,72.93,0,1,2,0,64.75,5.76,5.83,6.84,6.15,6.45,7.57,No,1,2.98,3.66,47.05,1,7.38
STU04206,Female,CSE,8.17,100.0,63.54,2,0,0,0,50.19,5.7,6.85,6.13,5.03,7.52,5.7,No,2,7.12,4.96,53.83,1,9.33
STU04207,Male,MECH,6.86,82.27,97.71,3,2,1,0,90.11,2.0,3.09,4.93,5.39,4.5,7.27,No,2,3.2,6.5,39.27,0,0.0
STU04208,Male,MECH,7.36,69.02,95.83,3,4,0,0,42.62,6.81,6.06,7.45,6.3,7.16,6.38,Yes,0,9.38,3.56,49.02,1,6.68
STU04209,Female,ECE,7.12,75.02,83.86,2,0,2,0,56.01,2.65,2.11,2.21,3.63,6.59,3.0,No,0,4.22,3.98,37.5,0,0.0
STU04210,Male,EEE,7.02,90.99,72.04,1,2,2,2,79.24,4.51,5.16,6.03,6.64,2.73,4.5,No,1,6.59,2.67,37.95,0,0.0
STU04211,Male,CSE,4.14,86.32,88.08,0,0,3,1,39.71,5.92,4.54,7.57,7.5,3.32,3.68,Yes,4,3.77,5.09,36.82,0,0.0
STU04212,Male,ECE,4.45,70.59,56.04,3,3,3,0,44.86,5.79,7.05,4.47,3.55,7.09,1.8,No,0,10.0,0.23,54.62,1,8.89
STU04213,Male,MECH,7.87,84.11,68.89,0,2,2,0,51.38,7.03,5.46,4.38,5.24,6.4,4.63,No,4,4.81,4.92,37.46,0,0.0
STU04214,Female,IT,7.22,76.56,88.1,1,1,3,0,37.8,7.22,8.27,8.02,6.87,4.55,5.43,Yes,0,8.32,4.4,55.09,1,9.68
STU04215,Female,MECH,8.8,75.73,69.55,1,2,0,0,67.0,3.63,3.81,5.53,5.92,2.3,5.44,No,2,2.3,5.62,37.32,0,0.0
STU04216,Male,CSE,8.33,68.27,71.78,0,3,1,0,81.14,6.26,6.43,9.29,6.5,7.65,7.31,Yes,2,4.86,5.18,62.16,0,0.0
STU04217,Male,IT,7.48,66.61,79.52,1,3,1,1,79.25,5.26,5.37,5.96,4.52,4.17,2.52,Yes,0,1.16,1.62,57.23,0,0.0
STU04218,Female,CIVIL,7.64,73.82,95.47,1,4,1,0,100.0,5.92,6.59,5.48,6.02,7.36,7.61,Yes,0,6.14,3.24,49.1,0,0.0
STU04219,Male,ECE,8.43,82.62,81.95,2,1,0,0,39.91,8.98,7.44,5.32,6.12,5.12,8.34,No,0,7.77,6.14,48.29,0,0.0
STU04220,Male,IT,7.53,70.98,72.44,0,2,3,1,60.74,5.27,4.36,6.19,5.14,3.07,3.31,Yes,2,6.51,2.09,46.32,0,0.0
STU04221,Female,ECE,7.97,51.87,65.63,2,2,0,2,73.38,3.41,4.24,10.0,8.66,3.59,8.3,No,4,6.1,3.45,43.44,0,0.0
STU04222,Male,IT,8.22,77.38,73.23,1,0,2,0,53.54,5.78,6.05,6.91,4.92,7.7,2.91,No,1,6.28,6.57,49.08,0,0.0
STU04223,Male,CSE,6.63,87.2,70.3,1,3,1,0,74.09,6.1,5.76,6.29,6.05,7.72,4.37,No,2,6.34,4.84,57.05,1,10.34
STU04224,Female,ECE,6.62,81.08,89.43,1,5,2,2,90.52,7.38,7.97,8.76,9.28,7.19,4.71,Yes,0,4.7,7.83,52.36,1,7.18
STU04225,Female,IT,5.92,100.0,74.07,0,3,5,0,36.62,3.46,5.12,8.47,6.45,6.6,7.93,Yes,1,3.11,5.38,54.96,1,9.3
STU04226,Female,IT,9.01,80.15,74.99,1,2,5,0,61.64,7.79,6.66,7.29,5.54,6.1,3.63,Yes,1,4.63,6.59,61.54,1,10.92
STU04227,Female,CSE,7.45,80.63,50.57,1,6,0,1,57.18,8.22,7.3,5.65,6.55,7.03,7.32,Yes,1,4.21,2.79,57.35,0,0.0
STU04228,Female,EEE,9.81,76.67,67.34,0,5,1,1,77.36,6.44,6.31,5.52,5.31,8.66,3.8,Yes,0,4.06,4.9,54.5,1,6.96
STU04229,Male,ECE,5.95,63.47,49.81,1,3,5,0,77.78,8.01,10.0,5.85,5.2,5.34,7.57,No,0,7.87,4.92,53.98,1,8.0
STU04230,Female,CSE,7.28,70.22,73.51,3,2,2,2,78.44,5.06,7.32,3.1,4.8,3.12,5.42,No,4,7.15,5.45,60.43,0,0.0
STU04231,Female,MECH,8.84,64.11,75.71,3,2,0,0,71.56,5.08,5.26,5.96,6.29,6.27,5.15,No,2,3.09,5.21,49.11,0,0.0
STU04232,Male,EEE,6.81,66.6,53.11,1,4,0,1,89.48,5.46,5.87,6.85,6.37,4.2,7.65,Yes,1,5.83,4.88,44.29,0,0.0
STU04233,Female,ECE,5.03,68.74,67.41,1,4,1,0,51.75,4.46,4.5,8.35,6.12,6.35,7.17,Yes,0,6.31,7.38,49.29,0,0.0
STU04234,Female,IT,9.94,95.63,96.33,3,4,1,0,56.25,4.82,5.52,5.64,7.59,6.58,6.33,No,0,5.21,2.82,67.79,1,11.38
STU04235,Male,IT,6.54,81.0,74.61,1,3,3,0,52.52,4.18,5.19,4.93,5.28,6.37,7.52,No,0,4.16,6.48,54.55,0,0.0
STU04236,Male,IT,7.93,63.16,72.25,4,4,2,1,71.31,4.73,4.22,2.61,4.9,7.14,6.56,Yes,1,7.97,5.34,65.8,1,10.67
STU04237,Female,CIVIL,5.94,60.51,70.08,1,4,3,0,86.92,7.25,7.74,7.9,6.62,7.02,3.25,No,0,8.41,7.4,49.92,1,7.05
STU04238,Male,CIVIL,6.79,57.76,73.07,1,6,0,1,43.3,7.71,8.18,6.36,5.68,3.67,6.52,Yes,1,7.05,5.85,47.4,0,0.0
STU04239,Male,CSE,7.26,97.45,82.23,3,3,5,0,76.05,9.06,7.97,7.49,6.72,5.36,2.48,No,2,5.16,8.33,76.71,1,9.83
STU04240,Female,ECE,7.38,71.0,57.44,4,3,4,0,71.19,5.53,5.72,5.67,6.87,4.65,9.81,Yes,2,9.84,9.34,55.6,1,8.0
STU04241,Female,IT,4.91,74.13,88.4,2,3,1,0,71.28,5.14,5.66,6.52,6.71,10.0,2.87,Yes,1,7.16,4.63,52.78,0,0.0
STU04242,Male,CSE,6.94,85.92,55.29,3,6,1,0,61.39,5.88,8.89,6.46,6.04,4.67,6.09,Yes,1,2.55,2.84,78.36,1,11.98
STU04243,Female,ECE,6.83,83.72,80.51,2,2,3,1,57.59,5.7,8.92,6.14,7.07,2.3,5.79,Yes,2,4.77,4.01,54.12,1,7.94
STU04244,Female,CSE,6.64,63.33,74.41,1,2,0,1,51.22,1.86,1.95,5.3,6.99,5.7,7.68,Yes,2,5.36,6.27,38.61,0,0.0
STU04245,Female,EEE,7.67,73.23,82.97,1,3,3,2,33.17,4.66,3.95,6.61,5.92,2.89,4.82,Yes,4,7.39,5.38,42.21,0,0.0
STU04246,Male,IT,9.74,73.98,65.32,3,0,2,2,63.29,6.38,6.72,9.14,6.76,1.0,4.16,No,1,5.15,6.17,57.83,0,0.0
STU04247,Male,MECH,7.68,81.8,84.56,0,3,2,3,53.49,4.54,4.48,6.6,7.02,8.19,7.05,No,2,5.03,2.49,23.56,0,0.0
STU04248,Female,CSE,7.25,69.47,77.38,2,3,0,1,90.12,3.81,6.72,6.66,5.75,7.1,5.49,No,1,3.59,6.19,52.45,1,9.16
STU04249,Male,IT,8.7,76.91,69.48,2,4,5,0,71.15,4.16,6.29,6.78,5.11,2.85,3.33,Yes,1,8.47,7.52,72.48,1,11.15
STU04250,Male,CSE,6.86,100.0,93.4,3,4,3,2,78.18,5.95,5.28,6.75,6.04,4.91,1.88,No,3,6.27,5.75,62.0,0,0.0
STU04251,Male,CSE,6.07,90.9,91.02,3,1,4,0,86.65,5.7,5.96,6.83,5.54,5.43,7.03,Yes,3,10.0,0.95,66.14,1,9.8
STU04252,Male,IT,5.72,73.1,68.22,2,3,3,1,75.77,5.54,7.46,3.98,3.18,4.66,8.56,Yes,3,3.09,0.05,56.18,0,0.0
STU04253,Male,ECE,6.44,85.95,74.36,0,4,2,0,43.98,4.92,5.2,7.85,6.86,4.4,8.27,Yes,1,4.95,5.27,52.45,0,0.0
STU04254,Female,CSE,9.95,65.49,85.57,1,3,2,4,24.57,7.64,8.93,5.71,5.34,4.32,4.35,No,3,4.5,6.15,46.19,0,0.0
STU04255,Male,EEE,9.86,71.9,65.53,1,3,1,0,49.2,6.02,5.51,5.98,5.73,4.99,1.62,Yes,0,4.94,4.4,53.23,1,7.86
STU04256,Male,IT,7.05,90.2,83.1,3,6,3,0,23.05,6.21,6.19,8.11,7.53,2.84,6.33,No,4,6.85,7.03,64.09,1,9.96
STU04257,Male,ECE,8.06,89.45,77.79,3,3,2,1,33.55,4.62,5.84,5.39,5.77,4.37,6.91,No,0,6.45,7.1,50.89,0,0.0
STU04258,Male,ECE,7.77,73.43,62.68,3,5,1,2,62.12,4.5,4.8,2.18,3.54,3.61,7.35,Yes,2,6.29,6.14,46.8,1,7.29
STU04259,Female,CSE,7.16,78.71,69.76,3,4,4,0,36.18,4.39,1.52,5.77,4.82,6.31,2.65,Yes,1,4.17,7.31,58.97,1,8.09
STU04260,Female,MECH,8.32,74.56,87.27,1,3,0,0,56.92,4.14,6.25,7.93,7.88,7.63,7.13,No,4,8.13,4.2,39.62,0,0.0
STU04261,Male,MECH,7.8,61.53,76.75,3,1,2,1,67.74,5.18,6.29,4.33,4.67,2.35,7.2,No,1,2.55,5.92,37.29,0,0.0
STU04262,Female,IT,6.67,85.37,78.81,0,3,2,4,36.13,6.34,7.01,4.25,5.23,7.97,6.85,No,0,4.3,6.62,28.28,0,0.0
STU04263,Female,ECE,5.59,90.84,86.15,0,4,3,0,75.03,8.28,8.0,2.82,3.36,2.03,4.16,No,1,2.98,6.94,50.51,0,0.0
STU04264,Male,ECE,6.86,72.21,77.45,2,4,2,0,57.02,2.26,1.89,6.04,6.86,7.02,3.24,Yes,0,5.04,8.28,52.52,1,7.09
STU04265,Male,IT,8.28,76.68,74.43,2,2,0,0,96.01,6.33,6.71,7.24,6.49,6.99,5.3,Yes,1,6.64,5.7,64.6,1,9.16
STU04266,Male,IT,7.68,93.18,82.35,3,0,4,0,67.74,5.74,6.47,5.5,6.14,1.43,0.39,Yes,2,7.83,6.26,61.52,0,0.0
STU04267,Female,IT,7.26,69.57,65.5,1,2,1,0,80.46,5.2,3.53,5.54,5.97,4.93,4.52,Yes,3,2.21,2.01,54.11,0,0.0
STU04268,Female,CIVIL,7.16,71.89,55.43,3,4,1,1,77.3,8.44,8.59,4.49,5.22,7.64,1.72,No,3,5.8,7.8,51.24,0,0.0
STU04269,Male,CSE,6.45,67.75,86.05,2,3,5,3,84.68,5.21,3.34,5.13,5.44,1.54,3.13,Yes,0,7.33,6.19,49.09,1,9.46
STU04270,Female,CSE,7.27,80.58,84.49,2,1,1,0,52.71,4.47,6.29,5.74,7.98,5.98,5.42,No,0,6.49,4.18,58.09,1,9.97
STU04271,Female,CSE,7.46,72.74,74.37,2,3,0,0,45.79,4.88,5.42,9.82,7.11,1.18,5.36,No,2,3.07,6.31,59.73,1,9.79
STU04272,Male,CSE,5.19,84.04,62.31,0,4,2,0,69.37,4.45,4.75,6.6,5.41,3.8,2.61,No,1,2.05,3.79,45.93,0,0.0
STU04273,Female,CSE,8.08,86.13,65.34,1,3,5,0,77.8,7.37,8.65,4.43,5.21,4.53,4.97,Yes,2,3.74,4.41,71.81,1,10.95
STU04274,Male,ECE,5.87,89.2,55.19,1,3,1,0,77.5,4.61,5.25,7.93,6.2,6.71,4.71,Yes,3,3.88,5.33,58.9,0,0.0
STU04275,Male,CSE,7.48,73.94,85.78,1,2,0,0,64.55,6.51,7.55,8.15,7.35,6.61,5.14,Yes,0,6.7,1.4,65.92,1,9.44
STU04276,Female,ECE,5.69,63.76,80.29,1,5,3,0,73.09,3.37,2.7,6.8,8.63,6.97,4.64,Yes,2,3.67,4.08,57.58,0,0.0
STU04277,Male,ECE,7.73,67.98,71.22,2,2,1,0,34.27,4.51,5.88,7.9,5.27,1.57,5.19,No,1,1.54,3.27,47.48,1,8.16
STU04278,Female,IT,8.22,79.74,66.19,0,4,3,0,68.24,9.37,8.39,3.83,5.12,6.33,6.54,No,1,8.49,8.72,57.9,0,0.0
STU04279,Male,CSE,4.83,81.16,79.13,1,2,2,0,64.29,0.9,0.0,4.29,6.09,1.38,7.45,Yes,1,2.32,4.92,34.47,0,0.0
STU04280,Female,CSE,7.95,73.73,69.64,0,3,1,1,59.62,5.06,4.38,7.57,7.09,7.57,7.06,Yes,1,4.39,1.72,52.95,1,9.16
STU04281,Male,CSE,7.31,78.23,56.98,0,5,0,1,47.84,6.23,6.37,6.71,6.05,5.85,9.17,No,1,5.19,0.0,52.19,1,10.08
STU04282,Male,CIVIL,7.91,79.61,58.71,0,0,2,1,64.51,5.89,4.07,7.82,6.97,6.08,4.27,No,2,6.05,8.33,34.52,0,0.0
STU04283,Male,CSE,7.6,82.48,73.4,1,5,2,0,82.96,7.46,7.13,4.2,4.87,4.8,4.89,Yes,4,9.06,4.29,68.7,1,10.19
STU04284,Male,EEE,8.46,78.08,73.08,0,3,0,0,78.35,7.08,6.44,7.02,6.06,3.36,5.64,No,1,5.23,6.54,49.39,0,0.0
STU04285,Female,CSE,6.21,82.65,90.94,2,6,2,2,60.79,4.64,4.06,4.93,6.57,7.99,5.86,Yes,1,4.81,3.57,52.94,1,8.99
STU04286,Male,ECE,8.53,63.15,66.52,1,2,4,0,75.71,7.73,6.67,3.04,5.35,7.23,5.31,Yes,0,5.75,3.73,62.41,1,7.41
STU04287,Male,EEE,7.29,69.25,80.89,0,4,5,0,57.92,5.56,6.23,4.97,6.42,6.15,9.36,No,0,5.09,5.01,48.74,0,0.0
STU04288,Male,EEE,8.98,74.45,70.75,2,6,1,0,61.4,4.61,5.49,8.84,8.0,1.96,1.75,Yes,3,5.91,5.23,57.46,0,0.0
STU04289,Female,CSE,7.67,79.07,68.8,1,0,2,3,42.26,5.08,5.72,6.08,5.48,6.25,6.47,No,4,5.34,8.79,39.61,0,0.0
STU04290,Female,IT,7.77,86.7,61.09,0,2,0,2,70.17,5.62,4.82,7.96,6.03,10.0,6.32,No,2,7.28,0.9,36.26,0,0.0
STU04291,Male,CSE,5.61,88.26,70.08,2,4,1,1,63.41,8.79,8.98,6.49,6.02,6.18,8.4,No,2,3.93,4.01,61.08,1,10.0
STU04292,Female,ECE,6.73,72.67,60.05,1,3,3,0,58.55,3.35,2.82,5.83,5.66,5.41,7.09,Yes,2,5.15,2.66,47.23,0,0.0
STU04293,Female,IT,5.64,78.32,70.88,2,6,0,0,44.13,3.82,3.09,7.48,7.17,4.68,9.13,Yes,2,3.98,5.69,56.89,1,9.44
STU04294,Female,CSE,8.01,89.96,62.05,3,4,3,2,55.93,4.11,2.26,7.99,7.01,6.31,5.37,Yes,3,5.2,6.68,60.33,1,9.61
STU04295,Male,IT,7.59,70.7,63.34,2,4,4,3,78.76,8.0,8.25,5.45,5.17,1.64,6.18,No,2,5.73,8.19,56.59,1,9.23
STU04296,Male,CSE,8.72,84.2,87.5,0,4,4,0,73.22,7.43,7.23,7.08,5.98,9.1,0.84,Yes,0,8.86,1.39,71.22,1,11.06
STU04297,Female,CSE,8.61,79.79,70.92,0,6,1,0,53.65,4.69,4.16,5.02,6.33,5.36,7.22,Yes,2,7.47,5.6,52.18,0,0.0
STU04298,Male,ECE,6.72,68.66,77.8,0,3,4,4,80.02,3.67,4.57,7.06,6.94,2.68,3.57,Yes,1,5.72,3.31,32.56,0,0.0
STU04299,Male,IT,6.31,80.89,76.92,3,3,0,1,62.54,4.32,3.92,6.88,6.3,6.91,5.02,No,0,2.77,6.05,48.49,0,0.0
STU04300,Male,CSE,7.6,71.47,85.58,2,2,1,0,63.25,7.93,9.06,5.01,7.07,7.45,0.29,No,1,9.42,4.77,65.4,1,9.77
STU04301,Male,MECH,6.76,99.82,74.52,1,6,2,0,35.18,7.88,7.6,4.58,5.45,4.09,5.72,Yes,2,2.18,10.0,46.37,0,0.0
STU04302,Male,CSE,5.83,75.68,65.93,1,1,3,1,52.49,8.5,8.68,6.53,7.77,6.71,5.91,No,0,4.53,5.93,51.94,0,0.0
STU04303,Female,IT,6.21,73.05,59.76,4,3,2,0,61.5,3.22,4.75,5.0,4.84,5.59,5.87,Yes,1,5.71,4.82,58.72,1,9.83
STU04304,Male,IT,5.82,80.0,54.31,2,3,2,0,82.15,5.21,4.04,4.79,6.36,7.46,3.53,No,2,2.9,4.4,59.75,1,7.98
STU04305,Female,CSE,6.97,80.09,76.33,4,3,1,0,32.79,6.34,6.9,6.11,5.09,8.38,4.93,No,4,5.12,4.64,55.13,1,10.33
STU04306,Male,EEE,7.66,58.35,73.81,1,2,2,3,65.54,4.01,4.67,6.03,7.0,2.0,3.85,Yes,1,7.06,7.34,39.86,0,0.0
STU04307,Female,ECE,6.43,69.98,58.8,0,4,4,0,19.75,6.79,7.06,3.99,6.11,3.58,9.9,Yes,3,7.87,5.4,48.25,0,0.0
STU04308,Male,CSE,6.26,82.88,81.02,1,5,2,0,85.93,5.2,4.72,5.68,7.4,6.53,6.76,No,2,4.55,1.96,59.5,0,0.0
STU04309,Male,EEE,7.53,93.1,58.96,2,1,5,1,63.23,4.68,1.6,6.16,5.9,2.21,3.5,No,0,7.1,2.54,42.88,0,0.0
STU04310,Female,ECE,8.11,73.16,75.8,1,2,3,0,59.59,5.33,6.02,5.25,6.42,6.27,5.43,No,0,7.42,7.45,49.49,1,7.61
STU04311,Male,ECE,8.97,78.6,73.54,3,1,2,1,55.39,4.71,2.8,5.47,5.4,6.06,5.1,Yes,1,6.47,7.06,43.94,1,6.43
STU04312,Female,EEE,7.0,64.2,75.33,0,1,1,2,54.48,4.29,4.49,5.55,5.45,4.7,6.94,No,0,3.34,4.81,23.67,0,0.0
STU04313,Male,IT,6.41,90.01,53.69,0,3,3,1,41.17,3.47,4.85,5.81,5.84,4.91,4.2,Yes,2,3.86,4.44,40.4,0,0.0
STU04314,Male,CSE,7.72,89.36,72.29,0,1,1,2,70.59,7.31,6.67,2.96,5.28,8.68,4.04,Yes,2,7.77,4.24,41.81,0,0.0
STU04315,Male,EEE,6.09,77.53,70.18,2,1,2,0,47.44,7.25,8.15,6.49,6.34,1.07,3.0,Yes,0,4.86,0.52,51.2,0,0.0
STU04316,Male,IT,6.17,88.97,63.36,0,1,1,0,65.99,4.24,4.79,7.1,7.0,4.88,1.05,No,1,5.13,4.11,47.42,0,0.0
STU04317,Female,CSE,7.26,67.86,58.43,2,2,1,3,20.84,6.67,6.23,6.61,5.37,4.49,7.69,Yes,1,4.68,6.24,43.58,0,0.0
STU04318,Female,CSE,6.91,71.57,79.17,1,4,1,4,40.98,5.37,5.2,7.5,5.62,3.77,6.74,No,1,5.17,4.6,34.59,0,0.0
STU04319,Male,MECH,7.94,67.21,81.23,0,4,4,2,67.33,8.14,7.75,4.89,4.67,3.64,6.74,Yes,2,5.4,1.32,45.08,1,6.43
STU04320,Male,EEE,6.59,81.53,73.08,1,3,2,0,69.68,2.58,2.05,6.04,6.63,1.76,5.14,Yes,3,4.66,5.49,45.35,0,0.0
STU04321,Female,MECH,7.09,88.39,95.0,1,1,3,0,34.39,6.86,7.22,3.38,4.85,9.57,6.14,No,1,3.94,5.96,37.92,0,0.0
STU04322,Male,CIVIL,5.94,63.15,72.39,2,1,2,0,58.28,4.58,5.65,8.21,6.06,4.82,4.87,No,2,2.0,5.57,37.46,0,0.0
STU04323,Female,MECH,8.13,73.37,93.78,1,4,2,2,73.72,7.75,7.24,5.26,6.61,6.03,7.16,Yes,0,4.56,7.99,47.34,0,0.0
STU04324,Male,CIVIL,7.3,74.9,66.32,0,4,2,0,43.0,7.09,7.18,8.8,6.44,6.15,4.83,Yes,2,7.39,5.05,41.54,0,0.0
STU04325,Male,EEE,5.45,68.28,59.52,0,6,2,1,55.38,6.86,6.07,7.53,6.14,5.05,6.66,No,1,5.14,8.12,42.28,0,0.0
STU04326,Female,CSE,6.23,85.2,76.45,0,2,1,0,88.47,3.34,4.26,4.89,5.4,7.49,7.54,Yes,2,9.21,3.59,50.92,0,0.0
STU04327,Male,EEE,7.43,75.86,55.92,2,0,1,0,39.14,4.37,5.51,5.72,6.8,4.92,5.8,No,4,3.51,4.21,32.38,0,0.0
STU04328,Male,IT,9.01,66.19,75.54,1,2,5,0,48.51,8.25,8.38,6.28,5.92,7.59,6.48,No,1,5.41,5.06,63.51,1,10.67
STU04329,Male,EEE,7.27,69.51,84.82,1,2,1,0,27.68,5.28,5.81,5.18,4.88,2.31,5.62,No,2,6.75,2.21,35.53,0,0.0
STU04330,Female,IT,6.25,86.23,68.31,4,2,2,0,70.1,6.09,7.19,4.32,5.7,5.16,6.06,Yes,0,5.28,4.78,56.56,1,9.23
STU04331,Female,CSE,5.72,85.24,55.54,0,4,4,0,73.25,6.42,7.51,7.44,7.55,8.03,5.25,Yes,0,4.89,8.33,60.85,0,0.0
STU04332,Male,IT,8.45,90.72,78.67,2,2,3,0,37.35,8.16,9.32,6.06,5.72,3.76,7.46,Yes,1,4.27,5.7,65.34,1,9.48
STU04333,Male,CSE,7.16,75.66,73.13,1,4,0,0,100.0,4.28,5.0,3.87,5.31,2.97,5.33,No,0,6.06,4.83,58.28,1,9.98
STU04334,Male,CIVIL,8.39,82.1,76.27,3,4,4,2,60.69,5.97,6.85,4.81,4.36,3.96,4.51,No,4,5.55,5.49,40.4,0,0.0
STU04335,Male,CSE,6.26,83.05,58.05,0,0,1,1,49.82,3.55,4.18,5.75,7.21,4.83,1.59,Yes,2,7.54,1.94,32.47,0,0.0
STU04336,Female,ECE,6.83,71.27,94.65,1,4,1,0,61.26,4.63,4.53,4.7,5.04,6.27,4.26,Yes,1,4.6,3.6,57.02,0,0.0
STU04337,Male,CSE,5.95,54.61,88.39,0,2,5,1,22.11,6.53,4.13,4.8,5.78,5.91,3.54,No,1,7.46,7.24,41.54,0,0.0
STU04338,Male,CSE,7.4,64.05,88.44,1,4,3,0,69.32,3.28,4.99,5.14,5.33,4.0,2.76,No,0,2.0,5.38,52.27,0,0.0
STU04339,Male,CIVIL,8.28,70.79,83.11,4,6,0,0,33.11,6.75,8.74,3.32,6.15,7.15,2.8,No,4,3.74,3.36,43.86,0,0.0
STU04340,Male,CSE,6.28,81.75,78.8,1,2,1,0,38.08,3.04,3.84,8.18,7.17,6.58,6.58,Yes,2,5.56,4.49,51.04,0,0.0
STU04341,Male,MECH,5.25,76.32,50.43,1,5,4,0,73.7,7.12,7.2,4.55,5.17,5.44,4.68,No,3,6.17,5.3,46.12,0,0.0
STU04342,Male,MECH,6.49,95.54,85.12,0,0,0,0,65.55,4.14,3.2,4.15,5.52,5.06,5.83,Yes,0,7.15,7.16,23.18,0,0.0
STU04343,Male,CSE,5.01,69.27,53.24,1,5,0,0,53.4,6.58,4.54,6.0,6.13,2.7,3.05,Yes,2,2.43,3.27,54.01,1,10.45
STU04344,Female,CSE,8.04,82.04,72.91,2,3,3,4,65.37,6.5,5.49,6.13,7.78,7.12,6.73,Yes,2,5.98,6.84,51.18,1,9.04
STU04345,Male,CIVIL,8.63,68.48,75.8,1,4,3,0,68.21,6.92,6.41,7.99,5.5,5.38,5.65,No,4,6.56,3.1,45.27,1,8.0
STU04346,Female,MECH,5.56,80.68,84.81,1,1,4,0,49.85,6.23,5.27,2.49,5.37,2.26,4.38,Yes,1,2.68,0.0,40.39,0,0.0
STU04347,Female,CSE,6.85,77.41,79.52,1,0,1,0,63.36,8.6,9.1,5.85,6.36,5.9,6.29,No,3,4.79,6.13,56.49,0,0.0
STU04348,Male,MECH,7.94,73.81,49.21,1,3,3,0,49.41,3.1,1.18,7.94,6.47,10.0,8.41,Yes,1,6.74,4.4,46.31,0,0.0
STU04349,Female,CSE,9.0,82.96,68.86,1,1,0,0,66.5,6.45,5.47,4.97,4.24,10.0,3.03,Yes,1,2.47,5.93,56.03,0,0.0
STU04350,Female,IT,6.08,72.51,84.9,4,4,1,0,88.22,6.71,6.27,8.24,6.21,4.37,5.38,Yes,1,5.87,6.45,69.1,1,10.32
STU04351,Female,CSE,7.74,83.07,75.08,0,5,2,0,53.88,6.53,4.89,3.18,4.49,3.53,7.22,Yes,2,2.44,6.32,57.24,1,9.59
STU04352,Male,MECH,9.05,67.81,89.67,3,3,2,0,64.69,6.4,7.41,6.54,5.86,4.5,4.2,No,3,6.59,8.64,47.56,0,0.0
STU04353,Male,IT,6.13,79.53,73.87,2,3,1,2,59.37,5.75,5.26,9.64,8.07,6.62,6.5,No,1,7.69,6.35,45.04,0,0.0
STU04354,Female,CSE,7.26,89.03,60.96,0,2,2,0,62.35,7.53,6.78,4.29,4.7,9.14,3.47,Yes,1,7.36,2.76,59.72,0,0.0
STU04355,Male,ECE,7.37,91.68,72.45,3,3,2,1,39.18,6.61,5.88,5.65,4.78,4.91,3.13,No,3,5.21,7.04,48.29,0,0.0
STU04356,Female,IT,7.37,81.42,68.48,2,0,3,1,44.93,4.54,4.84,5.12,5.1,4.67,6.65,No,2,5.66,1.84,49.76,0,0.0
STU04357,Female,IT,8.2,95.16,66.89,2,1,2,1,41.59,6.41,8.2,7.74,6.33,2.97,3.56,Yes,3,5.69,4.39,55.73,0,0.0
STU04358,Female,MECH,7.76,86.09,75.03,0,4,1,0,80.29,9.44,8.08,5.72,5.93,3.28,4.45,No,1,6.65,8.44,45.29,0,0.0
STU04359,Male,EEE,6.83,58.05,56.85,2,0,1,0,93.13,4.74,2.81,5.8,5.0,6.76,6.09,No,3,5.26,5.87,39.49,0,0.0
STU04360,Male,EEE,6.23,89.1,75.27,1,5,0,3,61.25,6.44,7.25,2.07,4.53,4.33,2.49,Yes,0,8.33,3.03,35.28,0,0.0
STU04361,Male,CSE,7.82,83.06,74.81,3,5,0,3,62.31,2.56,3.54,8.42,8.03,4.33,7.15,Yes,0,6.28,4.77,46.04,0,0.0
STU04362,Female,ECE,6.35,75.67,92.63,1,5,3,4,70.77,4.49,7.23,5.25,6.74,5.38,1.8,No,1,4.99,3.92,36.64,0,0.0
STU04363,Male,IT,5.86,59.49,66.65,0,5,0,0,80.05,4.7,7.87,1.76,3.52,5.75,5.13,No,1,6.51,2.17,47.51,0,0.0
STU04364,Female,CSE,6.13,61.43,94.95,0,4,3,3,93.3,7.22,6.75,3.67,4.59,5.05,5.15,No,0,3.61,4.31,47.64,0,0.0
STU04365,Male,CSE,7.16,76.73,77.79,1,2,3,1,60.26,6.47,7.72,5.01,5.9,3.88,6.14,No,0,6.21,3.99,52.18,1,8.99
STU04366,Male,CIVIL,9.35,76.29,76.49,1,6,1,2,100.0,5.35,7.0,9.5,6.64,5.34,7.16,No,0,6.83,4.37,45.03,0,0.0
STU04367,Male,CSE,7.04,73.73,74.69,0,4,1,0,70.61,5.53,7.23,5.54,6.39,5.55,0.9,Yes,1,9.58,7.03,57.26,1,9.7
STU04368,Male,IT,7.18,74.53,79.23,2,1,4,2,64.48,7.1,4.09,1.24,3.6,4.91,6.44,No,0,6.7,6.1,42.93,0,0.0
STU04369,Female,CSE,7.13,88.19,77.57,1,2,5,3,60.49,7.38,7.23,7.83,6.97,4.01,5.13,Yes,1,6.81,5.45,48.96,0,0.0
STU04370,Male,ECE,8.23,70.94,100.0,0,5,5,1,34.39,6.21,4.79,5.42,4.24,4.38,5.46,Yes,2,5.68,3.94,49.37,1,7.28
STU04371,Male,MECH,6.85,87.44,87.09,2,6,3,0,80.57,7.43,6.56,5.09,6.59,6.97,3.41,No,0,4.86,4.85,55.44,0,0.0
STU04372,Male,EEE,6.95,74.89,65.94,2,1,0,4,77.61,3.37,3.02,6.37,5.09,6.16,4.56,No,4,4.07,7.32,24.21,0,0.0
STU04373,Male,IT,6.19,62.44,97.92,2,3,1,0,50.21,9.17,8.05,5.5,5.29,5.84,0.99,No,3,7.06,6.94,60.52,1,9.46
STU04374,Male,ECE,6.61,79.19,71.6,0,4,1,2,63.68,6.13,5.02,5.95,6.56,5.83,4.88,Yes,2,8.56,6.27,46.25,0,0.0
STU04375,Male,IT,6.28,77.68,69.35,1,1,2,0,71.17,6.86,4.69,3.05,4.36,4.11,2.32,Yes,0,1.63,4.46,46.51,0,0.0
STU04376,Female,CSE,6.39,79.99,80.08,3,3,0,2,72.19,9.35,10.0,4.4,5.46,4.76,6.95,No,0,6.81,0.4,63.29,1,10.18
STU04377,Female,ECE,8.71,84.18,72.9,0,1,4,3,75.36,7.32,5.98,10.0,7.51,8.89,4.65,Yes,3,2.9,7.46,50.45,0,0.0
STU04378,Female,EEE,7.19,85.88,75.42,0,5,3,1,90.95,8.86,10.0,3.89,4.62,2.88,2.91,No,1,7.47,4.24,54.62,1,7.85
STU04379,Male,CIVIL,8.47,73.75,49.77,2,2,0,0,68.04,7.61,8.72,7.52,8.04,4.8,8.27,Yes,1,6.71,5.92,52.6,1,6.57
STU04380,Male,EEE,9.12,87.26,92.37,0,2,2,0,73.39,5.88,5.13,7.56,6.65,6.3,2.12,Yes,0,3.65,3.23,48.95,0,0.0
STU04381,Male,IT,5.06,68.19,77.05,2,1,0,0,76.03,4.54,4.5,5.16,6.68,4.01,5.39,Yes,0,3.68,3.69,53.35,0,0.0
STU04382,Female,MECH,7.15,86.09,82.82,2,1,4,0,75.57,5.06,3.38,7.33,6.75,7.69,5.05,No,0,4.72,2.67,42.59,0,0.0
STU04383,Male,CSE,6.58,84.86,81.46,0,3,2,0,92.53,5.91,5.61,4.19,4.33,7.87,7.24,No,0,5.98,6.43,50.08,1,8.9
STU04384,Male,IT,6.35,100.0,80.36,1,3,1,0,48.99,5.77,3.79,5.35,5.05,4.21,2.34,No,1,8.6,0.84,44.99,0,0.0
STU04385,Female,CSE,8.27,81.19,87.9,1,2,3,0,54.42,6.59,8.57,6.35,6.68,3.99,3.55,Yes,2,6.12,5.61,60.94,0,0.0
STU04386,Male,IT,6.29,72.05,65.51,1,1,2,1,9.7,7.71,7.94,9.34,7.52,6.78,4.52,No,1,3.93,6.78,43.22,0,0.0
STU04387,Female,EEE,7.46,71.8,80.99,1,3,3,1,94.94,5.64,7.19,7.46,8.15,5.06,5.22,Yes,0,4.39,3.13,58.66,1,7.34
STU04388,Male,IT,7.61,87.04,82.49,1,1,5,2,53.32,4.94,4.49,5.45,5.14,2.44,5.41,Yes,0,4.38,5.13,40.37,0,0.0
STU04389,Male,EEE,5.5,70.31,70.18,0,3,0,2,80.81,7.47,6.8,7.23,6.01,5.27,3.19,Yes,1,3.96,3.54,33.53,0,0.0
STU04390,Male,ECE,6.78,67.85,66.07,1,3,5,1,52.01,6.07,5.7,10.0,8.24,6.68,1.58,No,0,5.29,8.11,46.28,0,0.0
STU04391,Male,CSE,7.7,79.69,70.07,4,3,0,2,50.54,6.72,4.62,4.33,4.81,2.57,6.05,Yes,3,6.69,5.52,54.17,0,0.0
STU04392,Male,IT,4.03,67.36,55.77,0,5,1,0,79.28,2.06,5.27,4.62,4.88,8.25,7.99,No,0,2.36,2.47,46.13,0,0.0
STU04393,Female,IT,8.09,87.53,60.87,2,6,3,0,63.42,7.09,7.02,6.45,5.68,3.41,3.34,Yes,3,6.39,7.11,73.88,1,9.91
STU04394,Male,EEE,6.62,63.6,91.71,1,0,3,1,82.22,5.97,4.18,7.64,5.93,4.28,4.82,Yes,0,5.83,5.21,49.28,0,0.0
STU04395,Male,EEE,7.36,92.12,74.1,0,3,2,1,78.22,8.57,8.51,5.74,7.07,4.31,4.6,No,3,6.06,2.51,48.22,0,0.0
STU04396,Male,CSE,6.55,88.09,87.16,1,1,2,0,75.19,6.9,7.52,4.09,6.25,2.49,4.97,No,3,5.73,5.13,50.83,0,0.0
STU04397,Female,MECH,8.48,68.11,85.13,1,3,0,2,32.27,6.94,7.68,6.54,5.82,6.54,3.52,No,0,4.91,3.66,34.34,0,0.0
STU04398,Female,ECE,5.38,79.24,62.19,0,4,3,0,81.01,2.96,2.79,3.34,4.99,4.84,5.0,No,3,5.88,6.3,44.17,0,0.0
STU04399,Female,IT,6.92,82.93,80.3,4,4,2,2,43.13,4.52,5.0,3.09,3.17,7.36,10.0,Yes,0,4.38,5.56,48.9,1,8.88
STU04400,Female,CSE,4.0,77.62,87.68,3,2,2,1,75.6,5.37,5.12,7.19,6.56,10.0,2.33,No,1,6.06,5.24,54.05,1,8.7
STU04401,Male,IT,7.3,72.83,62.48,1,3,0,1,49.45,5.09,6.47,3.79,4.62,6.47,0.0,Yes,0,2.51,3.95,50.0,0,0.0
STU04402,Male,IT,5.75,75.19,65.92,2,3,5,1,86.58,6.22,3.73,10.0,7.53,6.51,6.65,Yes,1,4.96,2.16,64.17,0,0.0
STU04403,Male,CSE,5.76,94.55,54.9,2,0,2,0,70.13,5.88,7.56,4.59,5.31,7.88,8.92,Yes,1,5.13,8.9,55.5,0,0.0
STU04404,Male,IT,7.33,85.83,80.32,0,3,0,0,61.54,4.76,2.53,6.24,6.86,1.62,6.91,No,4,6.2,6.61,41.24,0,0.0
STU04405,Male,ECE,6.98,79.35,72.98,1,2,0,1,63.39,8.02,7.68,6.75,4.77,9.51,3.53,Yes,3,4.97,7.21,46.57,0,0.0
STU04406,Male,IT,8.23,76.89,62.83,1,5,1,0,98.62,6.35,5.09,6.09,6.2,6.97,6.77,No,1,5.57,3.19,68.48,1,11.36
STU04407,Male,CIVIL,8.84,92.12,64.57,2,2,1,4,42.58,5.5,4.78,5.49,6.13,3.97,3.9,No,0,4.95,7.11,17.42,0,0.0
STU04408,Female,CIVIL,7.21,72.88,71.86,1,3,2,3,80.78,8.8,8.86,4.74,7.04,7.37,0.91,No,0,8.39,8.89,32.16,0,0.0
STU04409,Female,IT,8.2,51.79,96.26,2,0,0,1,62.52,6.85,6.14,6.44,7.3,4.64,4.33,No,1,5.23,3.98,51.03,0,0.0
STU04410,Male,CSE,8.37,82.04,78.93,2,5,3,0,32.65,7.57,6.48,5.85,6.04,3.91,6.03,Yes,4,9.67,2.01,65.79,0,0.0
STU04411,Male,MECH,6.55,74.16,82.12,0,4,4,0,77.4,2.99,1.04,5.85,6.06,4.72,2.69,No,4,3.33,5.37,42.75,0,0.0
STU04412,Male,IT,6.38,78.69,82.27,3,1,2,1,65.02,5.7,6.13,7.5,8.29,5.94,3.68,No,1,4.9,2.0,54.96,0,0.0
STU04413,Female,CIVIL,8.19,73.42,78.0,4,1,0,1,36.91,7.22,8.38,3.65,6.36,4.5,5.8,Yes,2,4.24,4.03,41.22,0,0.0
STU04414,Female,ECE,7.84,68.93,87.44,3,2,1,0,56.76,8.4,9.82,6.25,5.6,4.77,7.39,Yes,2,7.54,10.0,60.22,1,9.31
STU04415,Female,CSE,7.46,89.93,58.56,0,3,3,0,86.6,3.6,3.39,5.09,6.08,7.95,9.99,Yes,4,7.66,7.63,53.17,0,0.0
STU04416,Male,CSE,6.08,80.67,73.27,2,1,0,2,47.42,5.04,4.63,5.82,6.54,6.47,4.83,No,3,7.04,1.37,46.1,0,0.0
STU04417,Male,CSE,7.03,88.25,77.18,3,0,3,2,45.75,8.59,8.22,9.14,6.6,7.49,5.41,No,0,5.67,6.23,63.7,1,10.14
STU04418,Male,CSE,7.7,72.02,80.21,4,3,4,0,77.9,5.09,7.68,3.87,4.41,5.75,2.22,Yes,0,3.31,0.82,74.34,1,12.18
STU04419,Male,MECH,6.95,86.39,52.68,2,2,1,1,83.36,7.36,6.39,6.19,4.74,7.28,8.39,No,1,4.89,4.48,35.18,0,0.0
STU04420,Female,ECE,7.73,79.27,70.47,0,0,1,0,52.95,6.29,5.32,6.6,6.14,10.0,9.43,Yes,1,6.62,8.49,36.27,0,0.0
STU04421,Male,MECH,7.85,77.36,89.44,4,2,0,0,61.65,5.87,7.17,3.81,5.29,4.11,6.71,Yes,2,4.84,0.45,48.34,0,0.0
STU04422,Female,IT,6.96,94.48,75.13,1,3,0,1,56.72,5.18,5.73,2.7,5.96,6.82,6.72,Yes,1,5.69,3.45,45.36,1,9.18
STU04423,Female,CSE,6.47,74.7,49.0,0,3,1,0,74.09,9.84,9.16,5.32,6.26,6.53,1.63,No,1,4.0,6.82,53.73,0,0.0
STU04424,Female,CSE,7.86,69.24,69.29,0,3,2,0,66.11,2.54,2.27,6.72,6.77,4.56,9.31,Yes,3,5.65,7.08,51.37,0,0.0
STU04425,Male,EEE,6.29,82.23,82.17,1,3,1,2,28.53,7.38,7.89,5.61,5.1,4.96,3.94,No,4,4.07,2.18,32.1,0,0.0
STU04426,Female,CSE,7.11,88.03,72.49,2,4,1,2,39.72,6.41,6.15,7.73,7.0,7.48,7.58,Yes,1,2.88,2.63,55.05,0,0.0
STU04427,Male,CSE,7.65,80.83,85.46,0,3,1,0,71.93,4.56,3.55,4.33,6.2,8.56,3.87,No,3,4.45,5.22,42.35,0,0.0
STU04428,Male,ECE,5.47,86.62,80.76,0,4,3,0,50.04,3.34,4.35,5.98,6.58,5.63,6.05,Yes,2,4.25,0.96,41.83,0,0.0
STU04429,Male,IT,6.86,74.7,67.61,0,3,3,1,62.61,6.03,7.16,7.29,6.16,6.45,3.06,No,0,6.42,6.04,51.03,0,0.0
STU04430,Male,CSE,5.32,75.31,79.31,2,2,3,0,91.83,7.96,9.37,5.17,4.54,5.98,3.5,Yes,0,5.07,6.95,65.32,1,9.22
STU04431,Male,IT,8.62,79.29,78.95,0,3,0,3,47.74,5.9,5.89,4.16,5.58,3.51,8.68,No,4,2.03,4.59,37.44,0,0.0
STU04432,Female,CIVIL,7.05,74.35,78.6,1,1,1,0,49.5,9.01,10.0,7.1,6.3,5.4,7.3,No,2,5.9,7.96,38.12,0,0.0
STU04433,Female,CSE,5.23,94.97,68.82,1,4,2,2,69.93,5.83,5.86,3.9,4.54,3.91,2.12,Yes,3,5.64,8.23,44.34,0,0.0
STU04434,Male,EEE,7.26,68.65,80.35,2,5,3,4,64.63,7.45,8.96,4.31,4.51,3.79,2.89,Yes,0,3.09,5.03,39.88,0,0.0
STU04435,Male,MECH,8.06,81.09,83.14,1,4,1,0,64.04,3.78,6.81,6.21,7.3,5.14,5.15,No,1,5.42,1.64,42.65,0,0.0
STU04436,Female,ECE,7.28,66.56,68.07,0,3,1,2,77.39,8.06,7.88,6.42,6.98,4.77,3.74,Yes,0,4.86,6.29,44.55,0,0.0
STU04437,Male,EEE,7.71,84.64,68.74,3,2,3,0,60.1,7.99,8.19,3.41,5.34,4.07,3.87,Yes,0,5.11,10.0,58.87,1,8.94
STU04438,Female,ECE,8.48,73.5,86.44,1,5,2,0,33.5,4.9,5.21,3.87,4.91,1.95,2.02,Yes,2,1.78,9.88,48.73,0,0.0
STU04439,Male,CSE,7.27,64.77,75.68,0,6,1,3,58.09,7.6,6.74,2.42,3.75,6.87,5.32,No,1,5.0,6.8,41.51,0,0.0
STU04440,Female,ECE,7.94,82.53,87.27,0,3,1,0,66.01,7.54,6.72,2.95,4.11,6.6,4.93,No,3,3.81,4.64,56.39,1,7.91
STU04441,Female,EEE,7.37,75.64,73.41,3,3,5,0,82.66,3.47,3.92,5.86,7.57,3.08,2.45,No,2,4.43,3.74,57.83,0,0.0
STU04442,Male,IT,6.53,60.5,82.08,2,2,1,3,53.94,8.92,9.87,6.28,6.25,1.87,1.9,Yes,0,3.3,0.75,48.13,0,0.0
STU04443,Male,CSE,9.47,84.82,96.82,0,1,1,0,88.33,3.99,3.05,8.53,7.6,3.6,6.37,Yes,1,2.73,2.65,57.56,1,9.15
STU04444,Female,EEE,6.76,93.63,71.06,1,5,5,2,59.62,6.4,7.21,3.41,3.78,2.88,5.85,No,0,6.55,4.39,41.44,0,0.0
STU04445,Female,EEE,8.52,79.65,56.12,2,2,4,1,53.82,4.78,5.03,2.3,3.82,2.24,8.83,No,3,3.3,4.7,44.87,0,0.0
STU04446,Male,IT,6.24,82.75,63.97,0,4,2,2,38.32,6.8,7.83,6.48,5.81,6.55,6.57,No,1,6.47,2.12,38.85,0,0.0
STU04447,Female,CSE,9.77,68.96,60.93,3,1,0,0,71.18,3.7,3.73,5.02,6.03,5.84,7.51,No,4,5.87,2.77,56.84,1,9.45
STU04448,Male,MECH,7.24,60.18,68.33,0,4,2,0,82.3,8.08,9.68,3.99,5.93,7.69,5.47,No,1,5.15,5.48,50.01,1,7.16
STU04449,Female,IT,6.48,79.87,60.83,1,0,4,2,95.65,6.24,6.07,5.73,7.75,5.69,6.06,No,0,5.56,5.57,50.25,0,0.0
STU04450,Male,CSE,8.17,94.18,75.13,0,2,2,0,84.57,7.48,6.72,6.55,8.53,4.55,5.28,Yes,1,7.07,9.6,62.03,1,9.86
STU04451,Female,ECE,8.55,72.23,63.4,0,3,1,0,57.18,5.57,5.46,6.92,6.32,7.16,6.57,Yes,1,7.3,4.45,46.6,0,0.0
STU04452,Female,ECE,6.57,81.73,78.96,3,1,2,0,77.97,5.84,5.21,6.55,7.2,6.38,7.16,No,2,7.2,7.0,58.88,1,8.43
STU04453,Female,CSE,6.52,82.06,65.89,1,3,0,0,47.37,5.98,5.06,8.41,7.69,6.78,4.75,No,1,5.3,2.62,57.95,0,0.0
STU04454,Male,ECE,9.92,68.61,89.41,2,5,5,0,47.24,5.07,3.64,7.59,7.97,5.07,5.7,Yes,0,7.43,7.06,68.02,1,8.58
STU04455,Male,ECE,8.04,76.06,83.63,1,1,4,3,44.34,4.84,5.53,6.28,6.44,7.15,5.36,No,1,5.25,6.26,35.0,0,0.0
STU04456,Female,EEE,9.22,77.62,55.32,1,5,2,1,49.09,4.04,3.14,4.5,5.54,1.98,4.25,No,1,5.75,2.9,36.46,0,0.0
STU04457,Male,MECH,8.04,72.09,59.58,3,5,3,2,78.45,6.09,6.23,4.39,5.41,8.28,4.05,Yes,1,6.23,6.18,55.4,1,8.18
STU04458,Male,ECE,7.38,94.52,76.54,0,2,2,0,73.88,4.41,3.69,5.73,5.22,6.98,5.56,No,1,4.03,5.97,38.12,0,0.0
STU04459,Female,CIVIL,8.58,69.65,78.98,3,3,2,0,79.09,4.93,6.7,6.11,5.88,3.0,6.82,Yes,4,6.59,7.46,52.57,0,0.0
STU04460,Male,ECE,7.69,83.2,75.83,1,3,1,0,67.65,4.63,5.38,10.0,8.14,6.72,2.1,Yes,1,4.13,7.93,50.82,0,0.0
STU04461,Male,CSE,7.42,83.41,44.19,3,1,1,1,75.82,3.76,5.12,5.19,6.4,5.52,3.87,No,1,5.25,0.42,54.9,0,0.0
STU04462,Female,IT,5.88,65.02,77.11,0,4,1,1,63.91,4.45,3.31,7.23,6.69,8.86,1.79,Yes,2,3.08,5.24,47.48,0,0.0
STU04463,Male,CSE,8.26,79.61,62.81,1,4,3,0,56.9,10.0,9.61,3.43,4.78,4.76,8.26,Yes,0,4.83,6.59,66.41,1,10.82
STU04464,Female,IT,6.61,85.95,88.9,1,5,2,2,33.0,7.52,6.18,4.66,5.17,2.1,2.49,Yes,2,3.84,4.49,48.85,0,0.0
STU04465,Male,CSE,5.57,65.47,89.81,1,0,1,0,51.14,5.39,4.89,7.0,6.9,5.8,8.26,Yes,2,7.42,2.34,48.51,0,0.0
STU04466,Male,ECE,5.7,79.95,86.71,2,3,2,0,57.73,4.04,4.68,8.34,6.26,6.8,5.75,Yes,3,7.53,6.68,52.08,1,7.58
STU04467,Female,CIVIL,6.63,86.91,76.76,2,0,0,1,61.77,3.63,2.87,6.58,6.22,3.1,1.9,Yes,0,8.38,2.23,32.94,0,0.0
STU04468,Female,EEE,5.66,83.2,74.31,2,4,2,0,59.66,8.19,5.86,6.28,6.25,8.01,5.45,Yes,2,6.19,5.15,55.67,1,8.85
STU04469,Male,CIVIL,5.56,69.34,81.2,2,4,1,1,57.92,3.25,2.69,7.07,6.75,4.29,4.72,No,0,1.94,5.09,39.02,0,0.0
STU04470,Male,CSE,6.5,65.8,84.2,1,3,2,0,70.37,8.26,8.74,7.34,7.12,6.5,4.88,No,0,6.59,5.94,64.13,1,9.57
STU04471,Female,ECE,5.77,75.01,80.74,1,3,2,0,45.33,8.27,5.23,4.76,3.19,8.38,3.15,Yes,4,8.5,1.06,44.73,0,0.0
STU04472,Male,CIVIL,6.79,77.22,79.18,1,1,0,2,85.8,5.14,6.08,6.04,6.5,7.97,6.5,No,2,3.71,5.08,28.73,0,0.0
STU04473,Female,EEE,6.85,70.58,74.57,1,1,0,0,78.9,2.42,0.72,8.05,7.24,3.03,6.41,No,0,6.29,6.54,39.9,0,0.0
STU04474,Female,IT,6.98,79.3,61.16,0,2,2,1,48.85,5.59,4.76,6.6,6.86,4.16,3.91,Yes,1,8.04,5.95,42.58,0,0.0
STU04475,Male,CIVIL,8.68,66.26,76.59,4,3,4,0,33.48,6.57,7.27,4.16,5.95,4.8,1.36,No,0,3.85,2.11,46.04,0,0.0
STU04476,Female,IT,6.25,71.13,74.91,1,2,1,0,56.36,5.1,4.78,7.51,7.74,8.86,4.15,Yes,0,4.8,3.3,45.55,0,0.0
STU04477,Male,ECE,7.14,71.52,69.37,1,6,3,0,81.66,8.44,8.79,5.55,5.62,7.19,4.25,Yes,1,6.76,7.17,58.42,1,8.38
STU04478,Male,CSE,6.85,86.98,64.79,0,2,0,0,69.07,5.69,5.58,6.53,7.38,1.74,2.93,Yes,3,6.93,7.07,50.7,0,0.0
STU04479,Male,CIVIL,6.39,90.33,62.36,2,0,0,1,26.17,6.11,8.95,6.93,5.53,4.41,4.41,No,1,8.34,5.46,30.65,0,0.0
STU04480,Female,CSE,5.72,86.72,76.73,0,2,2,1,40.85,4.7,4.73,5.2,6.7,4.24,3.29,No,0,5.9,3.28,34.74,0,0.0
STU04481,Male,MECH,9.42,74.33,75.1,3,1,2,1,66.2,5.32,7.21,7.95,6.59,3.91,3.21,No,0,4.67,6.95,43.55,0,0.0
STU04482,Male,CSE,6.26,99.87,67.77,4,0,3,3,50.82,4.31,0.97,7.23,5.91,6.64,5.03,Yes,3,6.8,1.84,40.31,0,0.0
STU04483,Male,CSE,5.63,93.13,76.5,1,2,2,2,82.39,7.01,7.96,6.04,7.23,7.29,5.62,Yes,0,3.98,7.43,57.1,1,9.97
STU04484,Female,MECH,7.77,79.6,85.51,1,0,5,0,52.74,7.24,5.98,5.12,5.28,8.73,8.15,No,3,6.11,3.95,39.84,0,0.0
STU04485,Male,MECH,7.03,90.21,65.28,1,0,1,0,68.32,5.65,5.98,4.48,5.69,4.54,5.4,No,3,5.09,2.12,34.08,0,0.0
STU04486,Female,IT,6.81,76.37,85.61,0,2,3,0,53.64,7.93,8.81,7.44,6.21,4.2,10.0,Yes,1,7.8,4.8,61.67,0,0.0
STU04487,Female,CIVIL,8.35,87.47,77.16,2,4,1,0,65.88,7.25,8.59,5.76,4.99,7.56,7.1,No,0,4.68,5.79,53.7,0,0.0
STU04488,Male,EEE,7.72,82.36,61.53,4,3,2,0,65.74,5.28,4.7,7.19,6.72,5.72,0.52,No,3,8.4,7.55,60.66,1,9.78
STU04489,Female,CSE,7.4,98.47,78.12,1,2,1,0,67.21,6.05,6.45,6.96,7.56,2.52,6.18,Yes,1,5.8,5.91,55.51,1,8.73
STU04490,Male,EEE,6.54,68.44,60.91,2,2,1,0,64.03,5.6,6.42,6.31,6.34,5.4,2.92,No,0,6.0,9.36,43.91,0,0.0
STU04491,Female,CSE,7.97,73.52,84.85,1,6,2,0,100.0,4.24,3.95,4.68,6.01,4.33,4.93,Yes,0,4.83,2.89,64.66,1,8.53
STU04492,Male,IT,7.25,85.56,68.52,0,4,5,0,60.37,5.85,6.12,6.41,6.63,2.1,5.37,No,3,8.03,2.73,55.72,1,10.28
STU04493,Male,EEE,5.92,67.54,67.96,1,3,4,3,56.78,6.46,6.35,8.29,7.08,1.34,2.0,Yes,0,8.35,6.15,38.38,0,0.0
STU04494,Female,MECH,5.99,69.78,80.74,4,4,0,1,86.28,9.12,8.2,6.31,6.44,8.76,1.31,Yes,0,6.77,5.48,53.35,0,0.0
STU04495,Female,EEE,6.03,87.65,71.74,1,5,0,0,58.17,3.27,4.5,6.75,5.64,6.27,5.06,Yes,0,5.99,1.13,47.51,0,0.0
STU04496,Female,CSE,7.43,81.58,76.1,0,2,3,1,68.02,4.14,3.42,9.98,7.32,8.16,3.18,No,3,4.42,5.05,47.12,0,0.0
STU04497,Female,EEE,6.6,67.48,70.71,1,6,1,0,40.29,8.81,8.74,4.97,5.06,5.88,9.01,No,1,4.94,7.96,45.14,0,0.0
STU04498,Female,ECE,8.91,76.12,71.97,0,3,4,2,53.8,7.78,9.28,4.42,6.29,2.32,6.27,No,1,6.02,4.33,50.84,1,7.19
STU04499,Male,EEE,6.98,73.64,77.33,4,4,3,1,63.07,5.83,6.67,6.9,5.53,9.12,5.52,Yes,3,6.97,5.82,57.24,0,0.0
STU04500,Female,IT,6.29,91.24,82.93,0,0,2,0,56.74,4.78,3.5,9.08,8.33,5.5,5.51,Yes,3,7.02,8.4,49.81,0,0.0
STU04501,Male,ECE,7.07,69.17,76.59,1,3,0,0,60.65,4.0,4.18,3.11,4.42,5.55,5.34,Yes,2,7.68,8.1,48.19,0,0.0
STU04502,Male,IT,5.63,64.36,87.32,2,3,2,0,60.95,3.7,4.56,6.51,6.63,7.23,5.51,No,1,8.05,5.54,52.68,1,9.85
STU04503,Male,EEE,6.98,84.42,90.63,0,4,3,1,51.51,5.01,2.29,4.4,5.33,3.16,4.1,Yes,3,5.65,3.47,44.38,1,6.56
STU04504,Male,IT,6.68,76.85,88.3,1,3,0,4,63.89,4.09,3.76,6.89,5.75,4.11,4.79,Yes,1,4.74,5.8,34.23,0,0.0
STU04505,Male,ECE,6.09,75.55,84.77,0,0,1,2,72.19,9.07,8.04,7.08,7.32,4.03,5.28,No,1,6.45,5.71,34.16,0,0.0
STU04506,Female,CSE,6.36,65.43,69.71,1,1,1,0,38.69,6.13,8.87,9.98,8.18,7.31,4.6,Yes,3,4.82,3.56,55.71,1,9.24
STU04507,Male,CSE,7.38,73.6,84.02,1,0,0,0,57.07,5.2,2.24,9.5,6.68,6.03,5.83,Yes,1,6.23,2.64,46.36,1,8.0
STU04508,Male,CSE,9.82,58.49,77.86,1,2,1,0,53.38,4.91,4.96,4.95,6.07,3.75,4.72,Yes,2,3.68,2.06,52.51,1,8.33
STU04509,Male,IT,7.2,78.45,90.58,0,2,3,3,58.86,6.77,9.34,3.67,2.65,7.07,4.9,No,1,5.81,4.06,42.11,0,0.0
STU04510,Female,ECE,8.03,80.57,70.99,1,3,0,0,55.33,7.83,8.23,8.27,6.58,2.05,6.96,No,1,5.99,6.71,48.2,0,0.0
STU04511,Male,IT,7.6,86.61,75.34,2,1,2,1,43.08,9.75,10.0,8.27,6.61,7.17,5.4,Yes,2,8.71,8.95,60.6,1,9.84
STU04512,Male,IT,6.15,76.38,52.94,0,4,3,3,42.97,6.52,6.89,6.64,6.48,3.69,5.06,No,3,7.25,8.12,40.84,0,0.0
STU04513,Female,CIVIL,8.09,74.33,80.77,1,2,1,2,69.25,6.36,5.51,7.82,6.74,4.64,6.32,No,4,5.87,5.96,33.07,0,0.0
STU04514,Male,CSE,7.23,65.21,91.46,1,5,4,1,66.15,5.89,5.21,4.27,5.96,2.09,4.32,Yes,3,3.74,4.12,60.16,1,9.6
STU04515,Male,ECE,6.51,98.27,75.59,2,3,1,0,48.0,9.25,8.15,4.05,3.99,7.04,4.36,No,3,4.27,6.9,49.32,0,0.0
STU04516,Male,CSE,8.32,83.89,86.14,1,3,2,0,55.34,6.93,6.2,4.59,5.05,5.6,5.53,Yes,3,6.11,3.02,61.38,1,10.88
STU04517,Male,IT,6.99,76.14,84.61,2,5,5,0,61.8,3.3,3.41,8.05,6.93,8.7,3.16,No,2,7.12,6.02,62.15,1,10.13
STU04518,Male,MECH,7.67,78.1,70.14,0,5,0,1,55.83,6.75,5.13,6.41,5.06,6.68,6.32,Yes,1,2.0,7.18,32.7,0,0.0
STU04519,Female,IT,8.45,83.35,53.57,1,1,4,2,82.88,6.69,8.13,6.66,6.46,8.87,4.83,No,1,9.1,3.42,49.5,0,0.0
STU04520,Male,EEE,7.19,78.98,99.8,0,2,1,0,37.49,5.06,7.57,3.96,5.37,9.92,5.81,No,3,7.62,3.27,33.96,0,0.0
STU04521,Female,ECE,7.11,68.05,80.95,1,3,1,0,80.65,7.8,6.36,4.23,5.56,6.19,3.59,Yes,0,4.64,5.28,50.77,0,0.0
STU04522,Female,CSE,6.23,75.08,57.85,1,0,1,0,80.53,5.33,5.15,6.24,5.42,9.17,6.99,No,2,7.5,7.25,49.13,0,0.0
STU04523,Female,IT,7.48,81.26,86.23,0,4,5,0,43.22,1.48,1.13,6.96,6.39,3.48,6.59,No,0,5.3,4.8,46.82,0,0.0
STU04524,Male,EEE,6.52,76.33,86.65,1,0,3,4,76.63,3.73,2.96,9.41,7.36,5.17,5.03,Yes,3,6.67,5.97,24.92,0,0.0
STU04525,Female,EEE,9.1,97.23,85.22,0,5,1,0,59.35,3.56,4.11,9.74,7.16,2.24,2.74,No,2,7.42,1.9,49.92,0,0.0
STU04526,Male,ECE,7.26,100.0,71.07,1,1,0,0,53.54,3.99,4.2,8.26,7.31,4.55,3.77,No,3,5.39,5.51,37.22,0,0.0
STU04527,Male,CIVIL,7.13,84.86,82.31,3,3,3,0,51.87,3.89,3.58,4.67,5.74,5.53,2.04,Yes,2,1.95,5.54,45.01,0,0.0
STU04528,Female,CSE,6.51,78.22,71.97,3,5,0,0,77.1,5.2,4.8,6.22,6.17,8.31,4.28,No,0,5.52,5.29,64.6,1,9.98
STU04529,Male,IT,7.52,84.43,70.81,3,1,0,0,61.85,8.36,9.01,6.99,6.75,8.25,5.96,Yes,2,3.54,6.32,63.06,1,9.51
STU04530,Male,CIVIL,8.3,72.34,70.96,4,2,2,0,68.84,3.37,2.84,2.03,3.18,7.67,5.29,Yes,2,3.34,1.7,44.58,0,0.0
STU04531,Female,CSE,7.86,75.35,74.3,3,4,0,0,56.88,7.87,7.68,8.62,6.47,4.41,1.93,Yes,0,6.78,5.96,74.78,1,10.71
STU04532,Female,MECH,7.49,77.72,95.12,4,2,3,0,87.48,10.0,9.82,5.99,4.83,1.62,4.23,No,2,4.89,6.01,52.74,1,8.11
STU04533,Male,ECE,6.71,78.01,66.13,0,2,2,0,71.43,5.05,5.28,4.16,4.47,6.03,0.0,No,3,8.15,5.41,41.88,0,0.0
STU04534,Male,CSE,7.17,74.81,73.66,1,5,0,1,65.31,3.11,2.33,6.28,5.12,10.0,3.93,No,2,7.66,6.12,45.03,0,0.0
STU04535,Female,CIVIL,7.82,95.73,62.51,1,3,2,2,46.29,5.24,6.43,8.97,7.54,6.12,5.37,Yes,1,3.93,7.86,34.05,0,0.0
STU04536,Male,CSE,6.07,98.41,93.16,1,1,1,1,74.8,8.78,9.25,8.09,5.99,4.31,4.89,No,3,5.25,5.18,47.14,0,0.0
STU04537,Male,IT,7.16,66.26,76.42,2,1,1,2,71.46,2.79,2.02,6.67,5.41,5.15,3.11,Yes,1,5.42,6.11,42.22,0,0.0
STU04538,Female,CSE,9.02,72.07,80.47,2,5,3,2,81.85,7.13,7.22,8.08,7.41,6.68,3.63,No,1,3.89,4.71,67.31,1,9.43
STU04539,Male,IT,5.58,72.73,69.28,2,3,1,2,51.26,10.0,8.18,7.75,6.19,7.22,7.61,Yes,1,5.85,1.89,60.31,0,0.0
STU04540,Male,EEE,8.17,81.14,69.92,3,3,4,0,46.18,6.19,8.23,7.64,8.36,3.64,6.46,No,1,4.71,2.89,55.21,0,0.0
STU04541,Male,CSE,8.42,71.51,71.79,2,5,4,0,70.73,5.4,4.93,5.62,7.44,4.11,7.43,No,0,4.15,6.57,71.4,1,10.24
STU04542,Male,MECH,7.97,84.96,82.5,3,1,0,3,52.96,8.73,8.9,5.94,6.68,4.38,8.37,No,1,9.77,5.47,32.23,0,0.0
STU04543,Female,IT,6.75,72.36,65.72,0,1,1,1,35.72,6.0,5.06,3.3,4.15,2.36,5.01,Yes,0,6.58,6.33,37.37,0,0.0
STU04544,Male,CSE,7.91,62.18,70.81,1,6,1,0,56.4,5.81,7.58,7.53,7.69,0.71,4.39,Yes,0,6.13,5.94,63.88,1,9.89
STU04545,Female,ECE,4.48,69.35,90.81,2,4,4,0,31.88,6.57,6.15,7.82,6.61,4.27,7.6,No,3,7.51,6.58,50.83,0,0.0
STU04546,Female,CSE,6.46,76.1,84.11,1,3,4,1,44.29,5.76,6.22,2.37,4.42,3.41,0.9,No,1,6.89,7.45,50.85,1,8.42
STU04547,Male,ECE,4.0,81.98,65.17,1,5,0,0,87.75,7.94,10.0,6.11,6.33,2.76,3.09,Yes,4,3.85,5.12,56.85,0,0.0
STU04548,Male,ECE,6.46,80.33,77.3,1,2,1,1,51.05,8.14,9.99,5.08,5.96,6.03,3.48,Yes,0,7.82,1.56,45.3,0,0.0
STU04549,Female,ECE,8.63,83.58,70.69,0,3,2,3,68.73,2.17,0.44,5.24,6.32,4.1,6.65,Yes,3,6.88,4.89,28.84,0,0.0
STU04550,Female,CSE,6.96,81.92,75.69,1,5,3,0,78.17,8.49,8.45,6.89,7.86,6.53,8.45,Yes,2,8.14,3.4,75.81,1,11.31
STU04551,Male,CSE,5.33,78.75,74.36,0,0,0,1,62.75,4.41,4.8,9.2,7.69,8.97,5.59,Yes,1,4.34,5.59,44.62,1,8.37
STU04552,Female,IT,7.74,77.41,80.06,0,3,0,0,100.0,8.52,10.0,5.58,6.03,4.43,8.58,No,2,4.79,8.48,64.02,1,10.72
STU04553,Female,ECE,7.21,83.74,73.93,1,1,1,0,64.41,8.44,8.3,4.55,4.13,3.14,9.73,Yes,0,4.49,3.62,50.63,1,7.67
STU04554,Female,IT,7.27,76.14,68.7,2,3,1,0,81.96,6.08,4.37,5.2,6.86,5.35,6.79,No,1,2.58,4.82,62.64,1,10.52
STU04555,Male,IT,9.47,84.55,94.71,2,2,1,0,82.76,5.55,5.4,5.74,5.94,3.62,2.43,Yes,1,6.59,0.44,67.91,1,10.13
STU04556,Male,CSE,10.0,76.35,83.35,2,6,2,0,45.98,4.64,6.92,7.22,8.2,9.16,6.79,Yes,1,2.57,4.03,69.93,1,11.18
STU04557,Male,CIVIL,6.7,63.89,82.95,1,1,2,0,36.89,4.99,4.33,7.07,7.69,4.48,4.23,Yes,2,4.2,6.07,37.35,0,0.0
STU04558,Female,CSE,6.77,66.45,79.93,3,3,1,0,84.27,8.41,9.5,7.83,6.57,5.21,5.65,Yes,1,7.07,1.95,75.5,1,11.5
STU04559,Female,CSE,7.0,95.27,75.73,1,1,2,2,91.01,3.79,6.23,6.67,7.84,4.01,4.62,Yes,0,6.71,8.23,53.26,1,7.55
STU04560,Male,CSE,7.59,83.79,72.41,0,2,5,1,54.17,6.78,6.16,8.0,7.2,7.68,4.92,No,0,5.48,6.92,51.61,0,0.0
STU04561,Male,CSE,7.03,82.28,54.91,1,2,0,1,85.38,7.84,8.26,3.83,5.99,1.33,2.55,No,1,6.96,9.43,54.04,0,0.0
STU04562,Male,IT,8.09,92.11,65.09,0,3,5,1,75.98,6.47,6.19,9.37,8.69,9.32,5.22,No,1,7.48,5.58,59.69,1,9.63
STU04563,Male,CIVIL,6.52,71.55,93.51,1,6,1,2,44.34,4.8,6.13,8.91,7.31,6.46,6.86,No,2,8.6,1.97,36.47,0,0.0
STU04564,Female,ECE,9.56,77.97,81.45,2,4,3,0,88.51,7.19,8.04,4.14,4.97,2.61,10.0,Yes,0,6.25,6.9,67.38,1,10.36
STU04565,Female,CSE,5.31,92.3,60.53,0,4,1,0,56.48,6.27,3.41,5.72,6.47,8.42,5.7,Yes,0,6.48,2.14,50.04,0,0.0
STU04566,Male,CSE,9.31,86.17,88.34,1,4,3,0,36.49,5.38,4.77,8.28,5.92,4.16,5.91,Yes,1,6.74,6.27,60.48,1,8.37
STU04567,Male,CSE,7.53,77.65,58.94,2,5,3,0,45.52,6.39,7.5,6.78,6.26,3.57,5.82,Yes,2,6.53,3.72,71.05,1,10.15
STU04568,Male,ECE,7.3,87.62,82.72,0,1,0,0,69.51,5.2,5.07,5.47,4.75,6.89,2.92,Yes,3,3.26,2.5,42.18,0,0.0
STU04569,Female,CSE,7.21,65.67,50.62,1,1,5,1,77.89,2.94,0.44,10.0,7.95,6.68,1.83,Yes,1,6.73,6.12,54.34,0,0.0
STU04570,Female,MECH,7.25,62.24,91.03,0,4,4,0,50.86,5.19,4.8,6.35,6.95,4.4,4.1,Yes,0,6.19,8.06,44.9,0,0.0
STU04571,Female,ECE,7.01,68.56,75.61,3,2,0,1,68.26,7.03,7.42,6.14,5.54,4.62,9.76,Yes,0,3.37,9.33,60.41,0,0.0
STU04572,Male,CSE,6.83,75.7,85.39,0,5,3,0,50.92,6.62,5.9,5.39,5.06,7.83,8.09,No,1,4.13,4.42,59.33,1,9.25
STU04573,Female,IT,6.6,73.58,72.41,2,6,1,1,67.03,6.71,5.11,7.98,5.74,8.19,7.08,No,0,4.09,3.77,53.12,0,0.0
STU04574,Female,CIVIL,5.26,76.05,66.05,3,1,2,2,60.33,4.22,4.24,7.22,7.17,5.25,4.44,No,1,4.27,7.11,32.4,0,0.0
STU04575,Female,CIVIL,5.97,69.63,66.51,1,2,2,0,66.45,9.02,10.0,4.36,4.49,4.11,1.59,No,1,3.73,2.25,44.0,0,0.0
STU04576,Female,IT,6.2,67.11,93.87,0,5,0,2,74.34,6.92,6.12,6.04,5.36,4.57,9.11,No,0,7.78,3.15,41.57,0,0.0
STU04577,Female,IT,7.34,73.31,52.43,2,3,2,0,51.99,6.41,6.28,4.42,6.19,6.23,4.89,No,1,3.95,8.27,65.9,1,9.94
STU04578,Male,EEE,6.47,70.1,77.53,3,5,0,0,68.58,3.67,3.09,6.04,6.11,6.44,4.98,No,1,3.66,4.52,46.77,0,0.0
STU04579,Female,IT,6.2,72.83,75.49,1,2,1,1,64.75,6.6,7.21,4.4,5.32,2.91,4.34,No,0,7.06,4.82,48.73,0,0.0
STU04580,Male,IT,6.72,55.05,75.91,1,1,1,0,63.55,5.17,4.7,6.57,5.39,4.45,7.32,Yes,0,3.43,3.07,53.48,1,9.51
STU04581,Male,MECH,7.74,81.56,85.65,0,2,2,0,69.43,5.45,5.72,5.76,5.15,0.0,2.32,No,2,4.15,3.77,35.9,0,0.0
STU04582,Female,MECH,8.4,86.92,89.32,1,5,1,0,25.63,9.96,10.0,5.33,6.16,5.18,6.66,No,0,6.53,3.74,50.1,0,0.0
STU04583,Male,IT,5.89,85.94,68.32,2,3,4,0,53.59,0.0,0.0,10.0,8.91,6.59,5.52,Yes,0,5.0,1.78,53.03,1,8.88
STU04584,Male,MECH,7.62,78.18,74.04,1,1,2,2,58.55,7.64,7.97,7.2,7.52,3.95,7.4,Yes,1,9.5,4.89,41.6,0,0.0
STU04585,Male,ECE,7.57,96.47,70.13,2,2,0,0,47.98,6.38,6.39,8.33,7.48,7.55,4.98,No,1,6.33,6.01,46.12,0,0.0
STU04586,Female,CSE,7.95,43.27,73.46,2,3,1,2,56.71,4.33,3.79,6.05,6.2,5.95,5.15,No,1,5.92,3.98,49.42,1,9.12
STU04587,Male,CIVIL,8.51,91.02,77.97,0,5,4,0,46.22,7.98,9.26,5.9,6.13,6.64,8.21,No,0,4.57,7.69,47.26,0,0.0
STU04588,Male,CSE,7.46,79.35,86.22,2,4,2,0,54.55,8.51,8.76,5.05,5.6,4.53,0.74,Yes,1,5.69,0.0,67.93,1,10.99
STU04589,Male,IT,5.71,82.0,69.36,0,2,1,0,47.28,7.14,5.8,7.93,7.51,2.06,5.85,Yes,2,5.6,6.5,51.89,1,9.16
STU04590,Female,IT,5.63,74.85,71.23,0,2,0,2,29.75,8.18,8.89,5.23,4.8,9.77,4.48,No,1,7.71,0.0,25.5,0,0.0
STU04591,Male,EEE,7.11,85.75,95.7,3,4,1,1,88.6,3.65,6.07,4.07,6.85,3.97,3.01,Yes,1,10.0,9.43,56.51,0,0.0
STU04592,Female,ECE,5.52,63.9,79.46,2,2,0,1,77.04,3.44,3.06,6.69,6.4,3.8,0.0,Yes,1,6.54,3.49,42.95,1,7.55
STU04593,Female,CIVIL,8.46,85.36,63.77,1,3,0,0,57.25,5.17,5.15,6.07,6.13,4.97,6.96,No,0,6.81,2.32,41.25,0,0.0
STU04594,Male,ECE,5.48,76.05,100.0,0,2,0,1,76.94,8.86,7.55,5.53,5.6,7.75,5.91,Yes,1,6.47,0.97,42.76,0,0.0
STU04595,Female,CSE,6.92,77.3,60.34,2,1,1,0,79.4,6.4,5.59,7.43,6.14,5.63,3.3,Yes,0,2.84,4.74,65.71,0,0.0
STU04596,Female,CSE,8.02,85.18,67.89,1,5,2,0,71.13,6.05,5.89,5.96,6.13,3.86,10.0,No,1,6.04,4.76,62.01,1,9.83
STU04597,Male,ECE,7.0,97.93,71.4,1,5,2,3,48.16,7.29,8.81,8.63,7.92,0.93,1.67,Yes,1,3.55,7.07,44.0,0,0.0
STU04598,Female,MECH,6.57,81.35,70.95,1,3,2,1,35.62,7.17,5.36,3.94,4.75,8.72,3.02,Yes,3,7.46,9.52,37.73,0,0.0
STU04599,Female,ECE,7.69,73.52,59.68,2,1,4,0,68.88,7.91,9.02,8.33,7.15,7.7,4.19,No,0,7.86,4.53,64.08,1,8.17
STU04600,Female,IT,9.0,76.71,54.21,3,1,2,0,55.65,4.62,5.65,5.7,8.08,6.3,6.11,No,3,7.79,5.8,62.47,1,10.06
STU04601,Male,EEE,5.97,72.06,62.87,0,3,1,0,81.57,7.85,9.3,5.4,4.05,1.14,7.88,No,0,7.72,8.58,44.4,0,0.0
STU04602,Male,EEE,4.94,74.06,76.87,0,0,3,0,64.19,9.01,8.79,5.96,6.15,6.76,8.5,Yes,0,8.16,0.0,40.23,0,0.0
STU04603,Female,CSE,7.91,78.01,73.67,4,3,1,0,55.9,7.07,6.91,7.04,6.39,4.24,7.25,Yes,4,6.9,6.43,67.92,1,10.41
STU04604,Male,EEE,6.06,85.52,71.8,1,1,0,0,98.53,8.3,6.37,5.18,5.42,4.49,5.89,Yes,1,7.25,4.8,49.18,0,0.0
STU04605,Female,CSE,5.55,80.86,92.88,1,6,0,1,47.19,9.27,9.02,5.8,6.6,6.76,1.97,No,1,5.87,2.35,57.44,1,8.67
STU04606,Female,EEE,6.41,76.36,86.43,3,3,1,1,50.2,3.18,3.13,8.65,7.66,6.32,7.21,No,2,8.33,4.93,44.4,0,0.0
STU04607,Male,CSE,6.97,78.88,46.68,3,2,2,1,47.63,4.21,3.21,5.04,5.21,6.0,2.92,Yes,0,5.11,4.54,54.81,0,0.0
STU04608,Male,CSE,6.75,70.26,79.77,0,6,2,1,73.01,7.76,7.24,5.92,4.49,6.62,5.0,No,1,4.37,5.1,56.68,0,0.0
STU04609,Female,ECE,8.23,73.17,77.72,1,3,1,1,50.27,7.64,8.14,6.72,7.68,3.49,3.67,Yes,1,1.91,4.61,54.01,0,0.0
STU04610,Female,CSE,6.95,65.88,66.06,3,2,1,1,83.03,5.32,2.75,4.55,5.86,5.77,0.78,Yes,0,6.13,4.3,57.92,0,0.0
STU04611,Female,MECH,8.18,86.07,89.1,1,4,3,0,43.87,7.12,5.07,7.69,7.07,5.57,3.95,No,2,6.67,2.13,42.28,0,0.0
STU04612,Male,MECH,6.29,72.59,87.81,2,1,0,0,70.68,7.49,7.84,7.72,7.2,10.0,0.7,Yes,1,0.0,5.38,47.22,0,0.0
STU04613,Male,CSE,6.73,88.78,84.85,1,4,3,0,66.77,5.63,6.65,9.14,7.5,6.4,7.04,No,1,6.25,5.12,60.28,1,9.84
STU04614,Male,CSE,7.27,89.22,78.5,0,2,1,0,61.74,5.65,5.43,5.18,5.29,8.81,4.6,No,4,2.16,6.27,52.4,0,0.0
STU04615,Female,IT,9.11,99.27,87.31,1,2,1,1,81.85,5.65,4.46,5.9,5.51,1.71,4.91,Yes,1,4.75,5.37,63.32,1,10.1
STU04616,Female,CIVIL,5.95,90.95,65.59,1,1,3,0,50.76,8.43,8.79,5.73,5.75,4.41,6.64,Yes,0,6.1,2.56,38.81,0,0.0
STU04617,Female,CSE,8.4,83.58,83.07,2,2,5,0,65.24,7.06,6.14,4.1,5.1,5.83,6.61,No,0,7.27,0.22,56.32,1,9.38
STU04618,Female,ECE,8.01,76.63,67.41,0,4,1,0,85.53,9.17,10.0,3.62,5.41,4.47,2.07,Yes,2,4.22,2.53,58.55,1,8.94
STU04619,Female,CSE,6.74,73.36,83.73,1,3,4,0,65.54,6.11,5.51,7.82,8.36,3.04,3.28,Yes,0,8.28,9.76,65.25,1,10.88
STU04620,Female,IT,9.25,76.72,87.36,2,3,2,0,21.61,7.79,8.85,6.88,5.62,5.92,5.54,Yes,0,1.67,3.89,65.54,1,10.42
STU04621,Female,CSE,4.93,73.38,61.83,2,4,0,0,52.46,5.9,6.59,9.55,7.57,3.37,6.47,Yes,1,5.05,5.91,61.8,1,8.93
STU04622,Female,ECE,6.49,57.23,63.57,0,1,3,1,60.39,5.25,5.17,5.17,5.19,6.05,3.86,No,4,3.25,5.22,38.54,1,6.18
STU04623,Male,CIVIL,8.91,88.73,82.39,2,1,0,1,59.91,5.32,5.36,7.29,6.6,9.73,3.66,No,0,5.94,4.72,38.77,0,0.0
STU04624,Male,CSE,7.21,79.38,50.6,3,3,3,1,54.44,3.38,2.44,6.36,7.53,9.67,0.58,Yes,0,5.11,4.48,56.77,0,0.0
STU04625,Male,ECE,6.82,89.49,86.14,1,4,2,2,76.01,4.37,4.96,5.46,4.52,2.18,2.88,Yes,1,5.02,6.25,42.47,0,0.0
STU04626,Male,IT,6.82,92.95,66.58,0,4,0,4,23.97,4.04,2.74,6.64,6.96,1.44,4.78,Yes,2,5.18,7.27,21.02,0,0.0
STU04627,Male,IT,7.76,92.93,85.6,2,1,2,0,52.59,5.0,6.95,6.7,6.21,6.0,4.21,Yes,0,6.39,2.97,62.48,1,9.61
STU04628,Female,EEE,8.39,80.89,78.46,3,2,1,0,58.7,9.78,9.48,10.0,8.64,6.71,3.23,Yes,1,5.67,3.14,62.27,1,8.26
STU04629,Male,IT,6.87,64.82,84.1,0,4,0,0,52.61,5.31,5.58,5.73,6.37,2.95,3.4,No,2,5.66,6.71,43.92,0,0.0
STU04630,Male,MECH,6.67,73.62,65.2,1,4,1,0,61.75,3.9,3.77,7.22,7.46,2.13,6.24,Yes,1,4.74,3.08,40.79,0,0.0
STU04631,Female,CSE,7.26,92.32,71.76,1,4,1,1,54.41,7.43,6.76,7.75,6.44,6.65,0.76,No,0,3.72,5.08,65.3,1,9.47
STU04632,Male,EEE,7.38,68.9,79.22,0,2,3,0,82.1,4.47,6.36,6.17,6.51,4.59,7.1,No,1,4.0,3.73,43.42,0,0.0
STU04633,Female,CSE,9.64,66.69,87.83,2,5,1,1,58.2,8.11,8.3,9.09,6.15,1.5,3.91,Yes,3,6.55,7.37,73.97,1,10.41
STU04634,Male,ECE,7.23,69.96,70.89,1,1,1,0,45.57,3.07,4.03,3.6,5.5,4.05,7.28,Yes,1,6.7,6.49,36.2,0,0.0
STU04635,Female,CIVIL,7.34,84.79,72.44,1,1,1,2,80.1,5.98,6.49,7.8,6.31,6.33,7.15,Yes,3,4.87,4.97,31.96,0,0.0
STU04636,Female,ECE,7.79,85.0,82.67,1,2,0,0,71.33,5.89,7.08,6.7,5.87,2.38,4.44,Yes,1,5.74,3.69,57.19,0,0.0
STU04637,Female,ECE,6.22,66.07,75.63,0,2,2,2,71.43,5.86,4.98,6.09,5.44,7.52,6.64,Yes,0,7.85,6.85,40.37,0,0.0
STU04638,Male,CSE,8.46,95.61,86.33,3,2,5,0,51.94,5.34,5.26,4.85,4.39,9.06,0.23,Yes,0,7.56,6.82,62.5,0,0.0
STU04639,Male,CSE,5.71,66.92,63.27,1,3,0,0,53.93,6.82,5.28,4.49,6.12,6.08,5.38,Yes,3,3.35,6.14,54.14,0,0.0
STU04640,Male,CSE,5.53,84.1,81.97,2,1,5,2,86.86,7.97,9.4,2.88,5.48,3.44,5.84,No,0,5.25,3.0,50.55,0,0.0
STU04641,Male,MECH,5.11,65.06,88.27,2,2,3,1,27.93,4.58,2.9,6.37,6.54,1.87,5.01,Yes,0,7.32,4.37,37.44,0,0.0
STU04642,Female,CSE,6.94,85.7,89.18,3,3,3,0,86.02,7.0,8.13,7.22,5.35,3.96,6.87,No,0,4.37,6.58,72.0,1,11.39
STU04643,Female,CSE,5.47,80.7,73.61,0,5,2,1,58.91,8.1,5.87,5.97,5.77,1.0,4.01,No,0,7.59,5.42,51.94,0,0.0
STU04644,Female,CSE,7.58,57.11,69.14,0,4,0,0,51.29,2.19,3.04,6.32,5.8,8.06,2.06,No,0,7.47,7.77,50.03,0,0.0
STU04645,Male,CSE,7.9,90.63,70.45,1,1,1,1,39.55,7.05,7.22,7.65,7.06,6.31,5.36,Yes,2,5.57,4.89,51.09,1,9.26
STU04646,Female,EEE,6.31,76.77,85.5,0,3,5,1,82.47,6.3,7.35,5.75,5.06,1.51,3.63,Yes,1,2.1,3.15,39.67,0,0.0
STU04647,Male,CSE,7.25,75.77,67.56,2,4,5,0,21.64,3.56,2.95,7.1,5.74,5.26,9.72,Yes,1,10.0,5.86,56.29,1,9.21
STU04648,Male,IT,8.58,89.97,75.74,0,3,2,0,66.28,7.99,8.57,4.35,5.52,5.88,4.85,Yes,3,5.68,3.64,62.7,0,0.0
STU04649,Male,CSE,6.02,78.95,68.71,1,3,4,0,28.39,5.52,4.61,4.18,4.96,3.76,2.99,Yes,3,3.67,4.86,56.12,0,0.0
STU04650,Male,CSE,8.07,85.55,79.22,1,4,1,0,56.65,5.07,5.83,5.37,4.6,10.0,6.72,No,2,3.42,5.2,56.23,1,8.94
STU04651,Male,IT,8.42,75.89,88.34,0,5,3,0,73.86,4.9,6.15,4.63,4.6,5.9,4.66,Yes,3,4.57,2.08,69.6,1,9.57
STU04652,Male,ECE,5.47,83.07,88.49,0,5,1,1,67.75,6.57,6.67,6.95,6.73,7.21,2.13,Yes,3,7.11,6.98,43.61,0,0.0
STU04653,Female,CSE,6.77,83.22,82.08,2,2,4,2,61.97,7.64,8.73,3.95,5.9,7.75,5.74,Yes,2,1.16,1.86,58.07,1,10.21
STU04654,Male,EEE,5.79,74.32,79.14,2,2,1,0,57.36,3.14,3.36,8.27,8.49,6.77,3.13,No,0,2.83,10.0,46.03,0,0.0
STU04655,Male,EEE,6.71,87.51,77.82,1,1,2,3,60.41,5.4,7.15,6.42,6.21,4.32,5.65,No,4,6.56,3.48,26.35,0,0.0
STU04656,Male,ECE,6.92,79.37,88.96,2,3,1,0,79.31,8.06,8.45,7.92,6.88,4.32,5.47,Yes,4,3.92,5.66,60.88,1,9.08
STU04657,Male,CIVIL,6.47,81.87,79.63,2,2,3,0,56.31,4.84,4.63,3.33,3.25,6.78,3.54,Yes,1,3.3,3.23,33.0,0,0.0
STU04658,Female,MECH,7.65,84.28,71.11,0,2,3,1,22.67,4.74,5.78,6.04,5.28,10.0,4.2,Yes,0,6.84,8.0,34.97,0,0.0
STU04659,Male,IT,6.7,65.92,54.0,0,2,5,0,35.81,7.49,6.05,4.99,4.96,5.97,6.25,No,0,6.44,6.97,46.95,0,0.0
STU04660,Female,CSE,7.77,100.0,87.96,1,5,3,3,49.95,4.88,5.37,8.44,6.66,6.38,3.19,Yes,0,3.93,5.22,49.83,0,0.0
STU04661,Male,CSE,9.02,84.98,85.42,1,1,2,1,90.15,6.65,5.01,3.45,4.27,3.95,8.77,Yes,3,9.09,6.56,58.79,0,0.0
STU04662,Male,CSE,7.35,68.16,69.7,1,1,1,1,87.35,6.79,8.83,5.79,6.51,7.58,7.09,Yes,3,9.61,6.07,58.21,0,0.0
STU04663,Male,MECH,6.98,77.16,59.84,1,1,0,1,70.31,6.53,5.97,3.0,4.9,1.78,6.86,Yes,1,9.39,8.49,32.96,0,0.0
STU04664,Female,ECE,8.75,60.78,79.94,2,2,4,0,62.79,6.54,6.17,4.8,5.44,4.89,0.0,Yes,0,6.22,3.39,58.78,1,8.2
STU04665,Female,IT,7.99,74.14,72.17,2,2,1,2,80.42,3.94,4.87,5.14,5.34,4.31,1.22,Yes,0,5.53,0.18,52.18,0,0.0
STU04666,Female,IT,7.91,77.78,67.82,1,4,2,0,73.6,9.23,7.05,5.72,5.66,1.09,6.01,Yes,0,5.33,6.78,56.14,1,9.23
STU04667,Male,IT,8.83,90.75,89.43,1,1,2,1,86.04,6.54,6.47,5.18,5.07,2.68,6.02,Yes,0,5.17,7.54,59.06,1,8.19
STU04668,Male,EEE,6.73,54.78,78.14,0,4,1,0,76.38,3.24,5.2,5.08,5.58,8.24,4.81,Yes,0,5.32,7.08,39.94,0,0.0
STU04669,Male,CSE,9.66,74.37,90.45,4,5,4,0,54.92,8.75,9.22,5.19,7.52,6.01,4.49,Yes,2,6.96,2.6,87.01,1,12.99
STU04670,Female,CSE,8.39,96.71,75.67,2,1,1,1,71.9,4.7,4.97,8.81,7.56,2.37,3.6,No,0,5.17,2.08,54.52,1,9.18
STU04671,Female,CIVIL,8.66,75.52,42.45,2,5,1,0,50.82,8.07,10.0,4.59,5.99,6.87,2.25,No,1,3.12,8.11,49.75,0,0.0
STU04672,Male,EEE,6.89,85.13,85.45,1,3,2,0,57.29,4.11,3.12,7.43,6.89,7.81,5.41,Yes,0,3.06,5.66,42.02,0,0.0
STU04673,Male,CIVIL,6.97,83.25,75.08,1,2,0,0,100.0,8.16,10.0,5.52,6.17,6.4,4.0,No,2,2.5,2.29,43.84,0,0.0
STU04674,Male,ECE,6.85,82.49,65.31,1,4,3,1,61.01,5.67,6.14,6.93,6.85,3.46,3.65,No,2,6.8,6.17,49.25,0,0.0
STU04675,Male,IT,6.81,71.63,94.28,2,5,2,0,56.67,6.06,7.94,5.26,6.13,6.78,3.14,Yes,1,7.75,5.71,69.36,1,10.06
STU04676,Male,ECE,5.67,81.65,74.04,3,3,3,2,86.9,9.26,9.52,5.53,5.8,1.72,3.53,Yes,0,3.27,3.5,53.11,0,0.0
STU04677,Male,EEE,8.84,72.85,65.77,2,1,2,1,38.18,8.51,9.73,7.0,5.6,3.51,3.31,Yes,1,4.54,2.05,49.02,0,0.0
STU04678,Male,MECH,8.02,73.75,58.03,0,2,0,1,68.58,7.68,7.45,5.61,7.53,5.86,4.41,Yes,0,5.82,5.39,44.42,0,0.0
STU04679,Female,MECH,6.65,74.88,86.36,0,6,3,0,70.96,6.28,7.51,8.08,7.59,9.41,4.12,Yes,3,5.02,4.16,44.42,0,0.0
STU04680,Male,CIVIL,8.72,77.04,73.85,0,2,0,2,45.95,5.55,5.19,5.56,5.75,5.16,6.68,Yes,3,4.09,5.33,25.87,0,0.0
STU04681,Female,CSE,7.77,74.63,87.51,1,0,1,1,62.88,6.01,5.09,5.14,6.37,1.41,4.59,Yes,2,4.23,5.4,47.13,0,0.0
STU04682,Male,MECH,7.68,79.51,60.87,2,3,2,0,79.19,4.25,2.96,7.93,6.85,8.65,2.97,Yes,0,2.61,4.47,51.86,0,0.0
STU04683,Male,CSE,8.38,72.67,92.7,1,0,3,0,35.11,2.29,1.64,5.83,4.56,6.44,6.56,No,1,4.86,2.44,44.54,0,0.0
STU04684,Female,CSE,7.42,87.51,82.85,1,2,0,0,26.88,8.39,10.0,7.42,6.13,8.55,4.38,Yes,0,4.67,0.0,63.26,0,0.0
STU04685,Female,IT,7.46,75.26,73.36,1,3,1,0,59.64,4.39,2.46,5.04,4.79,8.97,5.19,No,0,2.8,6.68,49.95,0,0.0
STU04686,Male,CIVIL,7.3,67.69,79.15,0,6,4,0,61.98,4.42,4.05,5.83,6.54,5.69,3.88,Yes,1,4.05,4.87,36.45,0,0.0
STU04687,Female,CSE,7.1,72.59,78.79,0,2,0,0,44.94,8.16,7.52,4.16,4.88,5.18,6.26,Yes,0,3.19,8.91,48.33,0,0.0
STU04688,Male,EEE,7.14,78.28,94.57,1,6,2,0,40.01,2.63,3.45,5.73,5.95,6.32,1.2,No,3,5.11,6.69,47.76,1,8.31
STU04689,Male,MECH,8.06,79.78,51.19,0,4,4,1,56.23,8.26,8.53,4.63,6.31,4.97,6.13,No,4,4.35,2.01,38.35,0,0.0
STU04690,Male,IT,8.76,66.74,95.98,2,1,2,0,54.99,6.52,6.08,5.58,6.97,7.76,5.43,Yes,4,7.89,7.57,65.51,1,10.11
STU04691,Female,EEE,6.08,85.04,85.32,0,5,3,0,84.69,2.13,1.61,7.05,8.82,6.08,5.75,No,1,5.04,5.26,48.95,1,7.02
STU04692,Male,CSE,6.81,76.19,85.86,0,1,1,0,69.46,6.64,6.82,6.95,5.58,5.35,3.59,No,2,8.45,4.63,49.91,0,0.0
STU04693,Male,IT,6.52,84.59,78.27,2,3,0,1,57.2,5.58,4.52,7.58,8.45,2.73,3.81,Yes,3,6.63,3.01,46.12,1,8.92
STU04694,Female,CSE,7.99,83.1,73.84,2,3,2,0,79.47,9.02,8.16,5.64,5.62,5.91,6.99,Yes,3,6.47,2.54,74.28,1,11.49
STU04695,Male,ECE,5.09,80.78,74.53,1,2,0,0,62.2,5.09,5.94,10.0,7.12,6.3,1.06,No,0,5.77,7.18,45.66,0,0.0
STU04696,Male,ECE,8.7,91.89,96.92,2,4,2,2,42.02,7.51,9.1,8.87,6.55,0.0,6.61,Yes,0,7.14,5.26,54.14,1,8.67
STU04697,Female,ECE,8.53,64.81,71.32,2,5,2,3,35.92,6.54,4.37,3.31,5.08,3.46,4.07,No,0,6.4,7.76,37.44,0,0.0
STU04698,Female,CSE,7.77,74.01,65.61,3,2,2,0,46.61,8.76,9.04,6.6,6.81,2.38,1.48,Yes,1,4.24,5.09,64.63,1,10.38
STU04699,Male,ECE,8.3,71.27,65.27,0,1,4,0,74.37,4.84,6.08,7.08,6.77,5.92,8.21,Yes,0,5.14,5.32,49.33,0,0.0
STU04700,Male,IT,7.87,66.6,78.76,4,0,5,0,59.3,3.14,3.62,5.22,5.52,9.79,2.44,No,2,6.01,4.57,59.74,1,10.97
STU04701,Female,IT,9.32,87.84,56.0,1,2,1,0,91.16,4.71,5.27,10.0,7.91,2.67,9.11,Yes,1,5.24,5.68,64.83,1,9.18
STU04702,Female,CSE,5.93,74.53,77.62,0,5,2,0,69.47,4.17,3.14,4.37,6.24,6.49,3.97,No,2,5.32,8.35,51.12,0,0.0
STU04703,Female,ECE,8.76,82.67,86.11,1,1,3,0,57.49,5.36,5.68,7.41,5.47,5.85,5.69,Yes,1,6.24,5.86,55.62,0,0.0
STU04704,Male,EEE,6.96,71.77,78.09,0,1,2,0,75.08,1.85,0.78,4.3,4.96,2.35,5.22,No,1,8.81,5.13,26.7,0,0.0
STU04705,Male,IT,6.48,89.84,75.47,2,0,1,0,56.35,5.02,5.02,4.92,5.66,5.74,0.17,No,1,6.46,6.45,50.21,1,8.57
STU04706,Female,CSE,8.29,66.63,87.03,0,5,1,0,73.37,5.84,6.2,4.42,4.92,8.5,7.65,No,0,2.6,8.32,59.34,1,9.26
STU04707,Female,IT,7.19,76.91,66.61,3,4,0,1,71.35,4.86,4.93,7.73,7.09,2.79,0.55,No,1,6.93,9.03,62.24,1,10.17
STU04708,Male,CSE,8.34,70.04,92.95,1,6,0,1,47.58,8.73,9.54,8.29,5.06,5.98,2.67,Yes,1,3.75,2.66,58.65,1,9.18
STU04709,Male,MECH,7.83,78.28,75.75,3,4,2,4,43.1,5.74,6.69,5.16,4.5,7.49,2.1,No,0,6.1,4.63,36.56,0,0.0
STU04710,Female,IT,8.27,84.48,82.3,3,1,5,0,53.35,7.52,6.89,6.51,4.63,5.85,6.69,Yes,1,3.77,0.66,67.2,1,9.62
STU04711,Male,EEE,4.52,73.87,71.04,1,3,3,3,66.57,4.9,5.82,8.22,7.16,8.06,6.19,Yes,0,5.8,7.29,33.67,0,0.0
STU04712,Female,ECE,7.27,92.91,59.18,3,0,1,0,76.61,5.73,7.57,5.46,6.31,4.29,3.46,Yes,1,6.63,1.83,55.26,1,7.78
STU04713,Male,IT,6.29,91.59,54.29,1,2,3,0,78.83,7.4,4.3,6.79,5.75,10.0,5.68,Yes,2,3.82,4.89,57.89,1,9.61
STU04714,Male,EEE,7.21,73.45,86.24,0,1,1,2,53.47,7.68,7.1,5.82,5.16,0.05,4.4,No,1,5.77,5.38,28.01,0,0.0
STU04715,Male,ECE,8.1,76.48,74.78,0,5,0,0,53.84,4.52,4.96,9.09,7.14,6.48,7.9,Yes,2,4.28,6.28,47.46,0,0.0
STU04716,Male,EEE,6.39,76.81,63.45,0,1,0,1,72.07,0.55,0.0,2.17,3.29,2.77,5.12,Yes,0,5.21,5.17,21.81,0,0.0
STU04717,Male,CSE,7.19,65.42,72.07,2,4,3,0,63.54,7.48,7.16,6.98,8.06,5.89,7.63,Yes,0,5.52,6.23,75.2,1,12.14
STU04718,Male,ECE,7.17,84.16,79.77,0,2,1,0,72.79,3.68,3.94,1.32,5.48,6.98,3.83,Yes,0,6.38,2.52,44.13,0,0.0
STU04719,Male,EEE,7.44,69.43,64.82,0,1,1,0,88.0,5.81,3.38,7.58,7.11,7.43,7.85,No,3,6.57,1.97,41.02,0,0.0
STU04720,Female,ECE,8.28,67.0,74.29,1,1,3,0,47.27,5.51,5.99,6.02,6.1,7.13,1.94,Yes,0,7.84,4.76,47.31,0,0.0
STU04721,Female,IT,5.89,57.83,53.44,0,4,1,0,67.12,6.47,5.75,6.28,5.94,5.72,0.2,No,0,6.96,5.64,48.91,0,0.0
STU04722,Female,CIVIL,6.85,68.33,85.48,1,5,0,0,52.77,5.7,4.04,3.41,4.86,0.69,4.81,Yes,2,7.04,3.59,35.84,0,0.0
STU04723,Male,EEE,7.85,90.9,76.28,2,0,1,2,44.22,3.99,2.83,7.37,6.8,3.9,3.38,Yes,1,5.17,6.04,26.91,0,0.0
STU04724,Male,IT,6.14,75.42,74.19,1,2,0,1,64.2,9.54,9.8,3.42,4.13,4.48,4.71,No,2,6.0,5.69,58.94,1,9.59
STU04725,Male,ECE,7.08,73.97,77.68,1,0,2,0,9.82,6.24,5.85,5.85,5.1,6.34,8.13,No,3,4.2,5.95,38.88,0,0.0
STU04726,Male,CSE,7.94,73.5,83.52,1,2,4,0,51.52,5.42,4.37,7.71,7.57,4.69,4.91,Yes,0,5.91,8.63,64.56,1,9.07
STU04727,Male,CIVIL,6.95,90.76,73.17,1,3,2,0,65.86,5.02,5.71,5.24,4.38,5.74,7.1,Yes,0,5.34,3.25,40.59,0,0.0
STU04728,Male,CSE,6.87,78.15,74.76,2,2,4,0,78.89,4.84,4.24,6.6,7.26,2.77,6.47,Yes,0,2.94,1.97,59.54,1,8.7
STU04729,Female,EEE,9.37,80.24,67.52,2,2,0,0,86.07,4.66,5.22,8.55,7.13,0.7,6.94,Yes,1,7.8,4.96,54.51,1,9.17
STU04730,Male,CIVIL,5.06,76.3,74.17,2,5,2,2,74.8,4.61,4.91,9.38,6.79,3.7,6.2,No,3,8.52,3.84,34.69,0,0.0
STU04731,Male,IT,8.98,58.51,62.86,1,5,2,2,87.67,6.42,2.96,4.45,4.93,0.32,6.7,No,1,4.57,1.75,50.44,0,0.0
STU04732,Male,MECH,7.54,77.94,65.54,3,4,2,0,77.06,8.1,7.86,2.69,3.97,10.0,1.53,Yes,1,3.08,3.05,51.79,0,0.0
STU04733,Male,CSE,7.48,64.6,87.9,0,4,4,1,62.77,6.43,7.79,6.44,6.89,6.44,0.42,Yes,2,3.91,3.1,56.92,0,0.0
STU04734,Female,ECE,6.01,88.59,65.83,4,3,2,0,28.98,5.79,5.82,6.38,7.17,3.65,5.3,Yes,1,5.33,3.5,57.45,1,8.1
STU04735,Male,EEE,7.17,92.67,100.0,1,0,2,1,70.06,6.06,7.58,6.54,5.89,5.36,3.47,Yes,0,2.16,0.29,38.08,0,0.0
STU04736,Male,EEE,6.64,75.76,77.47,2,4,0,0,72.18,2.24,3.3,7.98,8.82,5.44,5.18,No,1,5.62,4.86,47.73,0,0.0
STU04737,Female,MECH,5.77,76.53,62.36,2,2,2,4,77.37,4.58,5.1,6.46,6.0,4.43,6.46,No,0,6.5,2.41,22.82,0,0.0
STU04738,Female,MECH,5.82,75.52,67.01,1,6,2,2,65.79,5.74,5.93,6.89,8.06,6.39,2.54,Yes,1,4.51,5.0,39.81,0,0.0
STU04739,Male,ECE,5.96,86.87,74.8,1,4,4,1,79.16,6.71,7.74,8.94,8.47,4.82,3.13,Yes,2,5.59,4.51,56.98,1,7.95
STU04740,Female,CSE,9.04,74.31,62.23,0,6,0,3,48.29,6.02,5.75,7.86,6.57,3.97,6.79,No,0,2.72,3.4,41.92,1,7.19
STU04741,Male,CSE,8.36,78.7,66.62,0,6,3,4,51.13,7.78,7.49,9.03,9.91,8.52,2.67,No,0,8.03,8.18,46.13,1,8.1
STU04742,Male,IT,8.19,63.17,90.63,3,2,3,1,54.52,5.99,7.23,4.44,4.66,5.18,5.42,Yes,0,7.1,7.26,58.23,1,8.68
STU04743,Male,CSE,6.61,92.69,66.52,2,3,1,0,98.5,8.01,9.55,8.49,7.17,2.26,7.17,Yes,0,2.43,7.39,71.21,1,10.68
STU04744,Female,IT,7.84,81.19,87.16,2,2,1,0,60.78,2.84,3.53,9.58,7.5,9.35,0.0,No,1,7.69,1.76,61.31,1,9.13
STU04745,Male,CSE,6.69,81.77,63.18,3,5,3,0,42.77,5.81,6.83,3.28,3.61,6.68,4.25,Yes,1,5.89,9.01,66.77,0,0.0
STU04746,Male,CSE,8.29,72.8,76.06,1,2,1,0,92.98,5.47,6.0,6.2,5.36,4.25,1.75,No,0,5.75,0.51,55.49,0,0.0
STU04747,Male,IT,7.02,72.19,89.67,1,4,0,3,75.16,3.99,5.51,6.51,7.92,3.95,7.74,Yes,1,8.13,6.73,41.44,1,7.77
STU04748,Male,IT,6.96,77.64,95.92,4,4,0,0,66.97,6.4,3.42,8.86,7.06,4.12,4.59,No,0,5.65,4.07,58.62,1,8.9
STU04749,Male,IT,7.65,64.2,76.5,3,0,2,1,57.29,6.74,8.15,7.9,7.85,6.03,8.92,Yes,4,4.86,8.32,64.41,1,9.25
STU04750,Female,CIVIL,6.88,73.48,68.2,1,1,2,0,50.27,6.39,6.52,4.08,5.62,9.24,6.67,Yes,4,2.38,5.83,34.8,0,0.0
STU04751,Male,IT,7.0,68.06,90.99,2,1,3,1,67.69,1.97,3.61,3.1,5.42,4.18,4.25,No,0,4.99,5.23,48.37,1,9.33
STU04752,Male,ECE,8.07,69.5,86.61,1,2,2,0,79.33,5.18,4.69,7.62,6.62,6.42,2.1,No,1,3.66,5.44,47.0,0,0.0
STU04753,Female,ECE,6.75,71.24,85.33,1,2,0,0,70.95,4.18,4.44,4.4,5.57,1.99,6.03,Yes,2,1.72,5.46,47.2,0,0.0
STU04754,Male,IT,6.53,64.58,94.22,1,2,2,2,48.95,6.58,7.93,9.65,7.4,5.63,3.97,Yes,1,3.94,3.69,53.57,0,0.0
STU04755,Female,EEE,6.26,77.33,64.69,4,1,0,0,67.87,6.57,6.58,7.8,6.68,6.55,2.23,Yes,2,8.99,7.05,54.3,1,8.64
STU04756,Male,CSE,5.89,78.56,81.36,2,3,0,0,45.55,6.16,5.71,5.71,5.53,8.85,4.91,Yes,4,6.22,5.31,55.4,1,8.74
STU04757,Female,CSE,7.67,71.55,75.98,0,5,0,0,57.35,5.48,6.06,6.24,6.3,5.71,4.19,Yes,2,4.56,8.85,62.81,1,10.14
STU04758,Male,EEE,6.7,81.91,76.45,0,3,2,0,67.04,2.96,1.82,5.43,5.04,5.18,2.59,No,1,5.95,0.53,31.87,0,0.0
STU04759,Female,ECE,5.13,83.22,70.76,1,3,0,0,57.88,9.52,9.51,7.94,7.24,5.85,7.25,Yes,4,6.43,2.37,55.77,1,8.09
STU04760,Female,CIVIL,6.92,74.88,85.18,2,4,2,0,40.87,2.98,4.36,6.72,6.63,6.92,2.47,No,3,7.04,4.65,36.74,0,0.0
STU04761,Male,CSE,8.34,91.49,58.78,1,2,0,1,92.06,6.69,6.34,6.62,6.66,7.24,7.2,No,0,4.8,8.95,61.05,1,8.79
STU04762,Male,CIVIL,7.71,72.28,75.83,0,6,0,1,80.17,4.86,5.58,7.21,7.14,3.46,8.69,Yes,1,2.67,8.64,42.46,1,6.03
STU04763,Female,EEE,6.51,87.15,66.59,0,2,1,1,93.34,5.89,5.53,5.38,5.14,5.45,2.97,No,3,7.26,6.95,34.51,0,0.0
STU04764,Female,CSE,7.23,70.8,78.92,1,4,2,0,48.9,5.71,5.75,4.44,4.48,2.96,6.85,Yes,0,5.8,7.89,56.44,0,0.0
STU04765,Female,CSE,7.65,81.12,64.9,4,3,0,2,50.04,5.51,6.72,7.01,7.12,5.43,7.25,Yes,1,8.18,7.48,63.2,1,9.09
STU04766,Female,CSE,6.23,93.82,81.15,1,0,2,0,59.19,6.8,6.27,5.25,5.87,3.36,4.86,No,0,3.87,4.15,53.67,1,8.79
STU04767,Male,IT,5.45,72.43,80.53,2,5,4,1,69.48,4.97,3.99,5.76,5.56,5.9,7.2,No,1,4.91,5.76,58.82,1,9.8
STU04768,Male,CSE,7.56,70.19,80.88,0,3,2,1,79.17,3.13,2.22,6.28,6.05,3.28,1.95,Yes,0,5.93,0.0,50.78,0,0.0
STU04769,Female,CSE,7.06,71.62,79.7,0,2,3,2,30.25,2.14,3.55,7.96,7.35,2.44,6.12,Yes,3,7.2,8.88,35.9,0,0.0
STU04770,Female,CSE,6.22,70.93,71.71,1,2,4,2,84.68,2.82,2.42,9.67,8.14,4.95,5.47,Yes,0,6.07,10.0,46.69,0,0.0
STU04771,Female,CSE,5.54,79.75,74.39,1,2,1,1,64.31,6.94,6.61,7.89,7.1,5.7,5.31,Yes,1,5.06,1.48,45.4,1,8.37
STU04772,Female,IT,6.85,81.12,66.34,2,3,2,0,70.95,5.0,4.85,5.52,5.8,5.07,5.7,No,1,2.71,7.36,63.31,1,9.7
STU04773,Male,CSE,9.31,75.63,82.83,0,2,3,3,54.6,8.52,7.67,6.87,6.58,10.0,5.07,Yes,0,7.15,9.65,58.49,1,9.17
STU04774,Male,ECE,6.08,77.86,89.58,1,2,0,0,63.28,5.43,6.67,10.0,8.66,3.2,2.23,Yes,0,5.59,5.27,49.07,0,0.0
STU04775,Male,CSE,6.12,69.87,60.25,2,4,2,0,69.78,7.78,8.83,5.6,5.87,7.91,4.09,Yes,2,3.84,1.03,70.24,1,11.2
STU04776,Female,EEE,7.86,73.74,69.87,2,5,2,4,80.7,4.35,5.76,7.58,5.59,4.42,2.23,Yes,2,4.81,5.15,36.9,0,0.0
STU04777,Female,EEE,6.54,67.55,73.38,0,6,1,1,62.23,6.05,6.05,5.71,6.29,6.02,8.03,Yes,1,3.67,3.78,34.3,0,0.0
STU04778,Male,ECE,6.03,63.56,93.22,0,1,2,0,70.7,7.69,4.33,5.13,4.94,5.46,6.02,No,0,5.1,7.29,38.75,0,0.0
STU04779,Female,CSE,6.48,49.92,79.65,1,2,1,1,85.93,10.0,8.87,5.39,5.5,6.66,3.15,Yes,1,5.7,8.09,59.82,0,0.0
STU04780,Male,IT,7.95,68.65,75.65,3,0,3,4,58.02,3.0,3.89,4.39,4.16,7.68,1.15,No,0,3.12,4.37,35.8,0,0.0
STU04781,Female,EEE,5.76,62.7,62.37,2,5,1,1,50.18,4.04,4.0,3.23,4.69,4.21,9.3,No,1,6.27,6.71,40.19,0,0.0
STU04782,Male,EEE,5.5,49.18,89.27,0,3,4,1,92.17,6.76,7.58,7.71,7.16,6.57,5.17,Yes,1,7.83,9.43,48.01,0,0.0
STU04783,Female,CSE,7.66,87.33,81.04,1,3,0,2,87.73,5.9,7.52,4.95,4.54,2.92,4.45,No,0,6.65,9.23,47.89,1,9.19
STU04784,Male,ECE,7.73,77.35,75.89,2,2,1,0,71.41,8.97,8.15,10.0,8.55,8.63,3.57,Yes,4,3.1,2.27,67.95,1,8.9
STU04785,Male,IT,7.07,73.78,61.26,0,2,3,1,59.31,4.85,4.14,6.03,6.7,8.39,1.77,Yes,3,5.19,2.23,46.62,0,0.0
STU04786,Female,CSE,7.07,73.46,83.88,2,1,1,1,86.62,7.72,6.01,9.45,9.32,4.65,4.41,Yes,1,4.78,4.29,63.9,1,9.87
STU04787,Female,CSE,4.77,65.83,73.12,2,4,2,1,41.46,6.63,7.8,7.04,6.62,7.11,4.24,Yes,1,5.62,3.47,53.05,0,0.0
STU04788,Female,IT,5.32,86.02,84.15,2,5,2,3,53.57,8.02,7.63,7.08,5.75,6.4,0.1,No,1,6.45,4.73,49.88,0,0.0
STU04789,Male,CSE,8.96,77.92,85.21,4,2,4,0,68.89,5.47,6.59,3.51,4.69,5.57,4.68,Yes,0,7.0,10.0,73.19,1,10.51
STU04790,Male,ECE,5.93,74.04,80.31,0,5,2,1,35.95,3.4,3.57,8.39,7.33,2.49,4.49,Yes,0,3.38,2.67,37.58,0,0.0
STU04791,Female,CSE,8.64,71.16,73.01,1,0,5,0,52.27,6.1,6.4,8.23,6.87,8.32,5.36,Yes,1,8.04,6.37,61.17,1,9.38
STU04792,Female,CIVIL,7.23,86.9,77.13,3,3,0,3,64.11,5.33,6.78,6.67,6.32,2.95,5.78,Yes,0,4.81,5.16,32.46,0,0.0
STU04793,Male,EEE,8.27,55.52,80.39,0,2,2,1,71.6,4.14,5.57,4.45,4.98,6.03,0.37,Yes,0,5.94,2.27,42.8,0,0.0
STU04794,Female,CSE,6.71,79.8,94.89,0,0,0,0,66.94,4.66,4.51,6.72,6.06,3.22,1.72,Yes,1,5.91,3.76,39.08,0,0.0
STU04795,Female,ECE,6.11,83.77,88.25,3,3,4,3,70.78,4.33,5.37,6.82,5.56,1.92,5.59,No,1,5.24,6.06,45.54,0,0.0
STU04796,Male,ECE,8.63,67.56,65.76,1,6,1,3,54.98,6.5,7.3,6.55,5.82,8.98,8.89,Yes,2,6.12,6.74,48.05,0,0.0
STU04797,Female,EEE,6.66,86.08,54.0,2,3,2,0,68.01,1.93,2.34,5.14,5.7,6.0,4.44,Yes,0,5.49,3.68,46.46,0,0.0
STU04798,Male,ECE,7.71,75.7,78.71,0,1,1,0,57.93,6.91,5.39,10.0,6.46,4.47,9.47,Yes,1,3.11,5.17,44.74,0,0.0
STU04799,Male,MECH,7.18,77.02,70.07,3,3,3,1,53.55,8.52,7.3,3.21,5.03,8.81,3.22,No,1,6.45,7.41,47.38,0,0.0
STU04800,Male,CSE,7.58,61.83,58.92,1,3,3,0,88.74,8.04,8.23,5.35,6.07,8.29,3.88,Yes,2,3.93,6.33,73.08,1,11.08
STU04801,Female,CSE,5.36,77.35,85.62,1,1,0,1,80.11,4.69,4.36,4.03,5.58,6.61,2.4,Yes,1,2.45,1.98,42.93,0,0.0
STU04802,Male,ECE,6.63,74.75,84.56,2,4,5,0,64.36,6.73,6.48,2.13,4.52,6.24,6.35,Yes,2,5.26,4.73,58.62,1,8.91
STU04803,Male,MECH,8.79,70.22,80.87,1,0,3,4,57.68,5.61,2.48,4.01,3.6,4.44,2.66,Yes,0,2.38,10.0,21.44,0,0.0
STU04804,Female,IT,6.38,64.46,83.4,1,5,0,0,90.99,4.08,5.22,6.18,4.61,3.56,0.95,No,1,6.84,5.02,57.02,0,0.0
STU04805,Male,IT,7.92,81.13,86.48,0,0,0,1,63.22,6.73,7.3,7.24,7.06,2.06,2.77,No,0,7.63,3.57,46.21,0,0.0
STU04806,Female,EEE,6.23,90.14,76.87,1,2,0,0,75.52,3.63,4.94,5.38,6.27,10.0,1.54,Yes,1,7.37,4.52,45.9,0,0.0
STU04807,Female,CSE,7.27,70.99,55.68,0,3,5,1,60.08,4.24,6.31,5.71,6.65,8.9,7.84,Yes,4,6.72,9.01,54.95,1,9.28
STU04808,Female,CSE,8.29,78.52,64.52,0,1,0,2,39.05,3.59,4.69,7.07,6.93,7.87,6.74,No,1,8.17,3.36,32.24,0,0.0
STU04809,Male,CSE,7.09,81.88,78.49,1,1,4,2,73.02,6.83,5.46,7.48,6.83,2.62,6.85,No,1,7.56,1.27,49.54,0,0.0
STU04810,Male,ECE,7.37,64.25,85.88,0,0,1,1,53.09,5.9,6.07,5.0,5.76,8.02,2.54,Yes,3,1.86,4.17,33.27,0,0.0
STU04811,Female,ECE,7.48,78.09,64.69,4,4,2,1,76.77,7.12,8.33,6.32,4.57,8.01,2.7,Yes,1,5.55,9.18,62.31,1,9.59
STU04812,Male,ECE,5.27,58.54,79.86,3,2,1,0,48.0,3.69,3.99,8.52,8.55,3.37,5.5,Yes,2,5.85,3.33,43.57,0,0.0
STU04813,Male,MECH,7.09,63.8,86.15,1,4,1,0,99.97,3.82,3.21,3.09,2.89,7.0,3.72,No,1,7.03,4.25,44.04,0,0.0
STU04814,Male,CSE,7.89,70.42,74.44,1,3,1,0,66.28,8.0,7.31,6.02,5.86,4.89,9.36,No,4,7.89,6.7,64.88,0,0.0
STU04815,Female,CIVIL,7.41,83.6,61.67,4,3,1,0,85.08,4.52,5.22,4.17,3.97,7.15,7.45,No,1,5.52,4.53,45.58,0,0.0
STU04816,Male,IT,8.29,64.73,92.57,0,0,5,2,78.66,4.94,4.88,3.65,4.73,3.93,5.14,No,0,7.37,1.86,36.35,0,0.0
STU04817,Male,CSE,8.89,88.77,99.96,1,2,4,0,100.0,6.1,5.68,7.24,7.28,4.16,4.81,Yes,2,5.42,6.04,68.58,1,9.75
STU04818,Male,MECH,6.48,87.06,63.59,3,3,5,1,73.32,4.6,3.34,4.31,4.67,7.21,5.96,Yes,1,3.55,5.22,41.27,0,0.0
STU04819,Female,ECE,8.35,54.46,73.56,0,0,0,0,49.65,3.17,1.42,5.92,4.84,5.01,4.01,Yes,0,8.41,6.49,37.93,0,0.0
STU04820,Male,EEE,6.01,63.26,73.92,3,3,0,0,53.28,7.92,6.07,3.89,3.93,8.38,3.48,No,0,3.96,0.51,43.42,0,0.0
STU04821,Male,CSE,7.45,97.22,71.91,1,2,0,0,45.34,7.65,9.0,8.71,7.97,1.93,7.65,Yes,0,6.8,5.79,56.95,1,9.55
STU04822,Female,IT,8.63,76.32,91.39,4,4,3,1,52.7,5.11,6.08,5.69,6.0,2.88,3.22,Yes,3,7.03,5.54,68.44,0,0.0
STU04823,Male,ECE,7.28,78.76,74.44,2,2,2,1,85.53,6.08,4.67,6.52,7.1,5.34,4.06,Yes,3,4.95,6.58,56.26,1,7.64
STU04824,Male,IT,8.05,59.61,70.02,2,4,0,0,22.43,3.26,3.56,8.2,7.31,5.84,10.0,Yes,0,5.07,3.49,60.57,1,10.16
STU04825,Female,MECH,9.16,69.76,70.8,2,5,4,3,58.85,7.89,8.11,7.17,6.16,7.41,2.72,Yes,3,5.5,5.1,49.39,0,0.0
STU04826,Female,CIVIL,7.26,84.33,79.99,2,5,5,0,100.0,7.85,7.91,2.85,3.71,8.68,5.08,Yes,1,7.33,7.28,58.51,1,8.78
STU04827,Male,IT,6.14,76.14,75.16,0,2,1,0,76.53,6.32,6.63,7.36,6.91,2.19,2.07,Yes,0,8.07,3.0,54.48,1,10.07
STU04828,Female,EEE,7.27,81.84,81.84,3,3,4,0,70.95,4.12,5.71,4.73,4.69,8.72,4.05,No,2,6.48,10.0,52.95,0,0.0
STU04829,Female,CSE,7.95,77.98,60.84,1,1,2,2,48.5,5.36,7.04,7.42,5.91,5.84,5.31,Yes,0,6.88,7.36,51.06,1,9.05
STU04830,Male,CSE,6.67,83.9,88.96,0,1,1,2,40.62,6.77,6.41,3.41,4.57,3.77,3.98,No,2,7.83,7.05,32.33,0,0.0
STU04831,Female,EEE,6.95,82.26,72.34,3,2,1,0,36.93,7.92,9.2,6.17,7.1,3.35,10.0,No,3,5.45,5.22,47.36,0,0.0
STU04832,Female,MECH,6.68,78.27,77.33,0,3,1,0,44.77,7.16,5.81,6.44,5.99,5.09,5.49,Yes,4,6.22,6.3,40.08,0,0.0
STU04833,Male,IT,7.24,76.23,100.0,4,5,1,0,63.67,6.44,6.3,5.9,4.7,2.49,2.54,Yes,3,3.74,1.93,71.07,1,10.7
STU04834,Male,ECE,5.65,85.47,59.58,0,5,2,0,82.39,8.29,6.44,5.95,7.59,3.36,5.14,Yes,0,1.03,7.16,51.02,1,7.75
STU04835,Male,ECE,7.35,77.63,79.97,0,5,2,0,80.96,6.81,7.53,5.69,4.47,6.88,3.87,No,0,5.77,5.16,49.27,1,7.42
STU04836,Male,ECE,5.43,71.5,71.76,0,2,1,3,40.33,9.69,10.0,6.47,6.01,7.58,0.63,Yes,3,1.75,2.08,39.01,0,0.0
STU04837,Male,ECE,7.35,75.65,55.75,0,0,3,0,46.45,7.43,4.83,5.51,6.1,5.37,5.81,No,0,1.01,2.63,39.14,0,0.0
STU04838,Male,CSE,7.06,65.74,84.87,1,2,1,0,91.13,7.88,5.84,5.86,7.15,2.13,7.81,Yes,1,8.5,8.21,54.66,1,9.85
STU04839,Female,EEE,6.72,67.04,74.22,1,4,5,3,77.83,5.61,5.46,9.46,7.88,7.07,7.54,Yes,1,5.84,3.22,42.46,0,0.0
STU04840,Male,EEE,4.93,69.97,91.35,1,3,1,1,57.96,7.22,8.04,6.85,6.52,3.7,5.57,Yes,1,4.89,10.0,45.83,1,8.12
STU04841,Female,CIVIL,7.29,83.73,64.02,3,0,3,0,83.38,5.66,6.24,4.46,5.57,7.92,5.11,Yes,0,5.23,8.12,45.22,0,0.0
STU04842,Female,IT,5.04,76.17,72.74,2,2,4,1,45.6,7.43,7.34,6.82,6.33,4.42,1.87,No,1,2.78,5.75,48.44,0,0.0
STU04843,Female,CIVIL,6.44,68.3,83.63,3,0,2,2,34.88,5.13,6.51,6.97,5.54,7.28,4.17,Yes,4,4.37,5.75,32.17,0,0.0
STU04844,Female,ECE,9.23,72.97,92.28,1,0,4,0,37.78,2.38,1.59,4.88,2.57,2.47,8.23,Yes,1,6.76,0.79,44.79,1,7.62
STU04845,Male,CSE,7.52,100.0,85.52,0,2,2,0,68.78,6.06,5.8,4.71,6.6,6.07,6.3,No,0,5.45,5.87,50.77,0,0.0
STU04846,Male,ECE,7.08,83.58,73.81,2,2,1,3,25.45,2.85,1.74,4.22,5.68,6.78,7.55,No,0,3.69,5.81,29.31,0,0.0
STU04847,Female,ECE,7.36,75.65,67.34,0,1,3,0,30.88,4.58,6.28,6.15,6.96,7.83,3.57,No,1,6.54,0.0,37.26,0,0.0
STU04848,Male,IT,5.51,73.14,76.27,0,3,1,0,34.23,6.43,6.79,6.9,5.32,3.73,3.11,No,1,5.57,4.63,55.1,1,9.47
STU04849,Male,CSE,6.56,86.83,62.98,0,2,2,2,61.56,2.22,0.59,7.43,6.56,6.84,6.77,No,1,7.64,5.78,35.63,0,0.0
STU04850,Male,IT,7.3,69.43,80.28,2,2,0,0,66.09,5.71,5.67,6.4,6.69,5.15,6.03,No,2,4.03,2.87,51.07,0,0.0
STU04851,Male,ECE,6.76,83.74,71.61,1,4,1,1,41.27,7.93,9.35,5.83,6.41,6.2,6.22,Yes,0,3.69,10.0,61.67,1,9.14
STU04852,Female,CIVIL,8.29,71.22,70.1,1,5,0,2,43.1,7.21,6.68,5.99,5.99,4.15,1.7,Yes,1,5.3,4.85,40.82,0,0.0
STU04853,Male,IT,7.85,85.27,65.03,2,6,0,0,51.63,5.12,8.19,6.73,5.49,5.49,4.05,Yes,1,3.98,0.56,63.55,1,9.93
STU04854,Female,CSE,6.97,67.03,52.74,2,0,3,1,64.44,6.67,7.29,5.83,3.95,7.49,3.64,Yes,1,2.44,4.7,57.66,1,9.22
STU04855,Male,CSE,7.03,80.11,75.41,4,3,3,0,64.62,4.08,2.2,6.52,6.2,4.78,4.13,Yes,2,3.7,6.19,67.13,1,9.76
STU04856,Male,MECH,7.82,86.3,53.61,1,1,0,0,100.0,4.84,4.97,4.83,5.18,4.8,2.65,No,1,3.87,7.34,33.89,0,0.0
STU04857,Male,EEE,6.83,68.31,87.85,1,5,0,0,60.24,4.84,6.8,6.43,7.03,3.97,7.99,No,2,7.07,5.12,49.24,1,7.73
STU04858,Male,CIVIL,8.46,70.6,65.49,1,4,2,3,60.2,7.68,8.13,6.06,6.24,5.48,5.89,Yes,2,5.01,3.78,38.86,0,0.0
STU04859,Male,IT,7.27,80.41,77.47,4,4,1,4,51.66,6.19,6.38,5.23,5.29,9.7,6.69,Yes,0,5.06,5.25,48.4,1,8.66
STU04860,Male,CSE,8.79,85.91,65.29,1,2,3,1,50.42,4.66,4.78,5.97,6.31,6.65,6.22,Yes,0,1.63,6.22,56.12,1,9.83
STU04861,Female,IT,7.74,62.35,89.64,1,0,1,3,82.49,5.0,5.05,8.58,6.07,3.63,3.69,No,2,3.9,4.79,42.34,0,0.0
STU04862,Female,CSE,8.1,77.88,79.64,2,3,1,0,63.8,6.87,6.87,5.06,4.61,2.07,6.03,No,3,1.75,5.78,60.48,1,9.74
STU04863,Male,ECE,9.12,78.28,54.95,1,2,3,1,45.85,4.86,6.3,3.5,4.13,6.95,3.32,Yes,1,6.1,2.77,44.24,0,0.0
STU04864,Female,ECE,7.43,96.85,100.0,0,4,2,0,84.47,6.88,6.4,5.25,5.18,6.84,4.03,Yes,2,5.66,4.25,53.81,0,0.0
STU04865,Male,CSE,7.05,87.04,80.59,1,2,2,0,82.39,7.25,9.11,5.62,6.56,6.65,0.68,No,0,7.52,3.88,55.79,0,0.0
STU04866,Female,CSE,9.48,95.86,72.57,1,3,0,0,40.11,6.26,4.26,5.35,5.06,8.32,2.37,Yes,2,4.66,3.26,51.11,0,0.0
STU04867,Female,CIVIL,6.62,65.69,89.89,1,4,0,1,34.14,5.9,5.42,8.91,9.39,3.66,5.27,No,3,7.03,7.96,39.24,0,0.0
STU04868,Female,CSE,5.3,79.57,67.23,2,5,2,2,79.64,4.76,4.18,3.01,5.87,3.24,4.54,No,0,5.06,0.76,51.78,0,0.0
STU04869,Male,CSE,8.71,78.33,72.22,0,1,0,2,35.34,5.76,5.65,5.0,7.45,7.16,4.51,Yes,1,4.18,4.33,42.16,0,0.0
STU04870,Male,MECH,8.07,90.73,73.94,4,3,0,1,77.68,6.01,4.86,6.53,5.47,3.88,5.22,Yes,2,3.27,7.25,48.6,0,0.0
STU04871,Female,CSE,6.11,93.06,64.19,3,6,4,1,87.51,5.58,5.43,6.67,5.43,5.29,6.42,Yes,4,4.87,9.09,73.32,1,10.74
STU04872,Male,IT,5.46,86.2,59.83,2,2,5,0,55.68,5.57,7.08,4.86,5.22,3.15,3.68,Yes,1,4.3,3.83,54.75,0,0.0
STU04873,Male,CSE,7.48,72.89,76.12,0,0,1,1,28.4,9.22,8.7,8.41,7.97,4.51,6.52,Yes,0,4.92,4.47,51.34,1,7.89
STU04874,Male,CSE,7.51,82.58,79.56,1,2,2,0,44.02,4.08,2.41,5.08,5.32,8.02,4.38,No,1,5.56,4.5,50.95,1,8.96
STU04875,Female,EEE,7.66,62.38,75.58,3,5,0,3,75.4,5.62,4.59,6.0,6.06,2.43,3.79,No,3,6.01,8.53,42.36,0,0.0
STU04876,Female,MECH,7.36,76.7,71.84,1,2,4,2,84.53,5.89,5.24,7.91,7.07,4.03,4.79,No,1,4.67,6.1,33.44,0,0.0
STU04877,Female,CIVIL,5.82,73.14,81.61,2,2,1,2,79.62,9.34,8.69,5.59,6.48,4.91,8.38,No,3,7.01,3.85,35.96,0,0.0
STU04878,Male,CSE,5.7,83.41,62.58,1,2,1,1,56.37,6.91,6.64,7.85,7.54,1.38,2.02,No,1,3.82,4.49,43.95,0,0.0
STU04879,Female,ECE,9.82,59.77,72.92,1,0,0,0,42.36,5.02,3.86,6.71,7.08,8.12,5.38,Yes,4,5.43,1.51,45.51,0,0.0
STU04880,Male,IT,7.45,80.65,76.72,3,1,5,1,67.48,8.83,7.2,5.02,6.62,5.2,6.5,Yes,0,4.91,6.8,66.44,1,10.24
STU04881,Male,IT,7.04,80.09,81.94,3,2,3,0,47.95,9.37,9.35,3.08,3.72,4.82,7.28,Yes,1,6.67,4.47,64.9,1,10.17
STU04882,Male,CSE,7.77,79.3,78.44,0,1,3,1,55.15,5.53,6.6,5.66,4.37,6.25,8.28,Yes,1,4.63,2.82,45.88,0,0.0
STU04883,Female,EEE,7.41,86.79,58.38,4,5,0,0,89.84,3.25,2.47,3.23,2.93,5.87,5.25,Yes,0,3.14,5.34,54.0,1,6.59
STU04884,Male,IT,6.94,69.0,69.45,3,4,2,0,44.99,8.21,6.74,6.13,5.3,3.91,0.0,Yes,1,6.35,3.22,66.75,1,10.26
STU04885,Male,EEE,6.33,86.61,87.8,1,1,1,0,84.0,5.88,5.41,5.41,6.99,2.14,4.84,Yes,1,5.6,5.51,47.48,0,0.0
STU04886,Female,IT,4.14,80.61,80.45,3,5,1,0,95.54,5.83,6.4,6.34,4.3,5.69,1.14,No,3,3.54,3.98,60.08,1,9.85
STU04887,Female,ECE,6.96,80.75,75.36,2,4,4,0,46.4,5.03,6.09,7.17,6.79,6.54,8.61,No,0,5.4,5.0,61.08,1,8.19
STU04888,Female,EEE,6.54,86.49,75.34,0,2,2,1,63.55,3.51,3.71,7.59,7.33,7.03,7.83,No,1,4.58,1.92,37.05,0,0.0
STU04889,Male,CSE,7.51,85.58,74.12,1,2,2,0,68.3,7.67,6.61,5.28,6.74,8.45,5.98,Yes,1,6.83,3.64,64.54,1,10.5
STU04890,Male,CSE,7.3,78.71,79.65,0,2,3,0,50.78,6.47,7.95,9.97,7.77,7.05,5.68,Yes,0,4.71,4.42,59.57,1,9.7
STU04891,Male,CSE,7.87,70.97,57.4,4,2,1,1,0.0,7.82,7.23,6.1,6.05,5.48,0.53,No,2,7.22,6.12,51.93,0,0.0
STU04892,Female,CIVIL,5.59,66.44,74.91,3,0,2,0,55.42,4.19,5.65,7.99,7.29,8.66,7.66,No,4,9.16,6.81,36.31,0,0.0
STU04893,Male,EEE,6.19,69.25,76.76,1,2,1,1,83.13,6.06,5.68,8.37,7.44,4.84,3.16,Yes,0,9.29,4.83,43.63,0,0.0
STU04894,Female,ECE,7.75,76.33,73.48,3,1,1,2,88.84,3.76,3.99,8.64,6.83,4.03,2.88,Yes,3,4.53,8.8,51.59,1,8.43
STU04895,Female,CSE,9.0,79.81,70.11,2,2,0,0,71.41,3.39,2.1,6.57,6.99,4.77,4.49,Yes,1,6.92,8.41,57.05,1,9.44
STU04896,Male,IT,5.92,85.55,72.52,2,1,1,1,75.52,6.06,5.18,6.93,7.31,4.85,5.54,No,0,0.95,4.59,48.88,1,8.23
STU04897,Female,IT,5.44,64.72,80.52,3,0,1,2,30.12,5.42,5.7,7.21,7.23,5.67,4.43,Yes,0,6.73,3.33,41.89,0,0.0
STU04898,Male,CSE,9.45,75.18,87.48,1,5,3,1,58.5,2.93,2.08,6.78,7.43,5.23,3.27,Yes,0,5.53,5.5,58.61,1,10.28
STU04899,Female,CIVIL,7.7,72.68,72.72,0,2,0,0,71.01,4.18,5.92,5.68,6.51,7.17,7.25,Yes,0,6.74,3.58,42.21,0,0.0
STU04900,Female,MECH,5.85,82.14,81.68,0,0,5,0,76.94,4.92,4.95,4.0,4.19,5.02,6.66,No,1,6.12,4.94,33.26,0,0.0
STU04901,Male,CIVIL,7.89,75.81,81.31,1,4,4,2,60.68,4.81,5.36,7.3,7.05,4.56,4.1,Yes,1,4.03,8.36,38.04,0,0.0
STU04902,Male,CSE,6.62,94.51,87.49,1,5,5,2,56.33,5.04,3.3,3.75,4.65,8.77,1.95,Yes,0,4.13,7.65,52.7,1,9.61
STU04903,Male,CSE,7.7,65.1,68.64,2,3,0,2,88.55,5.84,6.36,8.84,7.99,6.47,6.28,Yes,4,5.38,5.1,55.14,1,8.84
STU04904,Female,CSE,8.07,78.44,81.88,1,1,5,0,71.25,6.1,5.04,6.01,7.26,1.77,0.58,Yes,2,4.32,4.84,61.24,1,10.64
STU04905,Female,CIVIL,8.49,62.97,71.45,1,5,3,1,47.07,6.84,5.4,5.41,5.76,5.82,3.13,Yes,0,6.57,7.47,40.31,0,0.0
STU04906,Female,ECE,4.54,77.1,69.55,1,3,0,0,55.6,5.15,7.14,5.9,4.36,2.59,2.44,Yes,1,4.82,2.26,43.23,0,0.0
STU04907,Male,IT,7.08,82.86,82.89,0,0,0,0,72.77,7.53,8.94,7.12,8.24,5.83,5.44,No,2,7.71,4.82,52.88,0,0.0
STU04908,Male,MECH,7.24,70.07,71.19,0,2,1,2,71.16,4.32,4.82,7.7,5.71,5.82,4.2,No,3,7.46,10.0,22.02,0,0.0
STU04909,Female,IT,8.91,74.46,74.56,1,2,3,0,57.69,7.65,5.67,6.81,6.76,3.39,9.1,No,1,3.24,2.81,58.43,1,8.35
STU04910,Female,ECE,7.57,44.21,75.25,4,2,0,2,70.79,3.51,3.18,8.24,6.56,5.36,7.61,Yes,3,6.98,6.51,49.45,0,0.0
STU04911,Male,EEE,7.34,76.54,56.99,2,3,4,0,37.29,6.43,6.16,6.28,6.03,3.95,2.03,Yes,0,5.67,1.94,52.2,0,0.0
STU04912,Male,CSE,6.37,88.83,93.27,2,3,2,0,76.82,1.8,2.05,5.47,6.14,6.62,3.93,No,0,3.8,5.52,50.48,0,0.0
STU04913,Male,ECE,6.98,92.86,71.82,1,2,0,1,69.16,3.69,6.23,6.17,7.0,9.69,3.85,Yes,0,5.35,5.18,45.07,0,0.0
STU04914,Female,CSE,8.43,77.05,94.48,0,3,1,3,62.8,3.99,5.71,8.56,6.63,6.71,5.78,Yes,3,2.15,6.55,48.02,0,0.0
STU04915,Male,ECE,6.59,79.23,67.93,2,2,0,0,40.71,4.88,6.59,7.7,7.34,10.0,8.31,Yes,1,10.0,7.77,48.2,1,6.54
STU04916,Male,MECH,8.73,73.98,92.28,3,1,3,4,33.36,5.07,7.25,6.33,5.09,5.63,7.17,No,1,6.25,4.12,34.21,0,0.0
STU04917,Male,IT,5.42,63.16,86.16,1,1,1,2,60.6,7.05,7.47,6.56,5.81,4.63,5.96,Yes,1,4.98,4.94,45.76,0,0.0
STU04918,Male,CIVIL,6.57,95.24,73.38,2,2,0,0,88.62,5.14,3.35,6.87,5.83,8.08,6.13,Yes,1,3.68,8.96,37.35,0,0.0
STU04919,Male,IT,5.9,77.9,78.53,2,3,2,1,51.31,6.34,6.82,6.61,5.92,8.16,4.15,No,0,5.29,10.0,57.57,1,9.57
STU04920,Male,CSE,5.45,69.62,87.52,1,5,0,0,97.17,3.85,3.56,6.17,5.68,0.0,3.03,No,2,8.38,8.75,49.15,0,0.0
STU04921,Female,EEE,6.14,92.71,100.0,0,3,1,0,43.75,8.33,6.62,7.42,7.32,3.48,5.05,No,0,8.83,2.99,43.08,0,0.0
STU04922,Male,MECH,6.19,72.87,86.55,1,6,2,2,49.5,9.07,9.06,5.18,5.95,0.46,5.61,No,2,8.6,6.47,41.97,0,0.0
STU04923,Female,CSE,8.68,93.59,79.34,1,1,0,0,55.52,4.23,2.97,6.31,6.54,6.65,10.0,No,2,5.51,1.8,47.08,0,0.0
STU04924,Male,CSE,9.17,85.33,82.88,1,4,3,0,4.26,3.91,3.83,6.27,7.41,8.52,4.79,Yes,1,2.34,3.0,53.88,1,9.48
STU04925,Male,CSE,7.55,76.14,78.98,3,4,0,0,76.79,6.2,8.28,7.32,6.07,6.24,6.18,Yes,1,6.87,8.33,72.72,1,10.7
STU04926,Male,IT,8.47,70.34,94.06,0,0,2,2,42.32,4.85,6.83,6.23,6.1,5.98,4.4,Yes,1,7.56,3.93,38.11,0,0.0
STU04927,Male,CSE,8.0,75.56,68.59,0,0,3,0,64.6,5.27,4.92,6.52,7.83,7.34,3.52,No,0,4.44,4.47,49.33,0,0.0
STU04928,Male,IT,7.08,70.61,71.79,0,1,3,1,67.49,5.1,5.58,8.16,6.18,4.43,3.12,Yes,1,8.61,6.01,52.22,0,0.0
STU04929,Male,IT,7.18,80.98,83.43,2,2,3,2,45.29,5.2,6.78,8.0,6.98,1.84,7.07,No,4,7.61,6.05,48.51,0,0.0
STU04930,Female,CIVIL,8.3,83.97,76.37,1,3,2,2,41.67,3.99,2.97,4.98,6.41,5.33,7.46,Yes,0,6.08,2.73,33.93,0,0.0
STU04931,Female,EEE,5.78,78.98,65.08,1,1,0,0,65.57,6.51,3.76,5.74,4.67,7.33,0.73,No,1,3.62,3.31,37.1,0,0.0
STU04932,Female,IT,7.26,57.39,81.33,0,1,3,0,73.03,6.47,6.51,5.42,5.05,4.11,6.83,No,2,4.47,0.98,51.02,0,0.0
STU04933,Female,CSE,5.92,93.26,94.6,1,1,2,0,68.53,7.0,7.42,4.17,4.18,6.7,4.12,No,0,4.52,5.3,53.95,1,8.98
STU04934,Female,ECE,5.92,73.2,67.83,4,4,3,2,61.93,3.49,5.93,3.8,4.84,8.22,3.91,Yes,0,6.18,7.09,49.28,1,7.49
STU04935,Female,CSE,7.34,79.56,72.92,0,4,0,0,85.2,3.73,3.09,4.51,4.88,5.5,4.61,Yes,2,2.99,2.78,47.97,0,0.0
STU04936,Male,MECH,6.33,77.65,68.18,1,5,2,0,58.06,8.83,9.6,3.41,2.54,10.0,5.91,Yes,0,4.84,5.56,50.16,0,0.0
STU04937,Male,CSE,4.94,80.59,75.86,3,4,0,1,71.38,6.0,6.61,4.58,3.88,6.26,4.6,No,2,4.93,1.89,59.79,1,10.05
STU04938,Female,EEE,7.43,64.29,71.2,0,2,1,2,34.45,6.3,7.75,3.28,6.09,5.49,4.36,No,0,4.52,3.88,33.74,0,0.0
STU04939,Female,IT,6.97,90.59,86.88,4,0,3,1,58.27,5.0,4.22,6.32,6.72,6.34,9.22,No,0,6.41,7.07,50.89,1,8.95
STU04940,Female,CIVIL,4.86,71.73,84.4,0,5,2,2,64.1,4.59,4.83,7.12,7.72,3.12,6.94,No,0,8.0,0.55,29.87,0,0.0
STU04941,Female,EEE,8.72,73.46,73.6,1,3,3,0,37.67,6.71,7.39,6.62,4.92,6.48,6.36,No,0,4.67,8.16,49.36,1,7.78
STU04942,Female,ECE,5.53,81.81,61.1,3,1,1,2,76.23,3.92,3.58,6.17,6.23,0.71,4.29,Yes,0,6.47,1.15,40.62,0,0.0
STU04943,Female,CSE,7.69,81.84,81.12,0,2,5,0,50.03,5.56,5.41,4.85,6.46,5.85,4.56,No,1,6.97,2.98,53.59,1,9.07
STU04944,Female,IT,7.1,80.92,79.07,0,2,5,0,73.21,7.5,5.67,5.79,5.04,3.21,1.87,No,1,8.0,7.46,48.07,0,0.0
STU04945,Male,ECE,6.86,93.37,87.52,1,1,3,1,47.15,7.79,8.06,5.35,6.4,7.98,5.31,Yes,1,2.83,3.33,52.42,0,0.0
STU04946,Female,CSE,7.25,74.79,59.82,0,2,1,0,65.25,6.8,6.72,7.65,7.35,5.55,3.93,No,0,5.42,3.47,51.59,0,0.0
STU04947,Male,CSE,8.41,69.39,92.3,1,5,1,0,79.17,7.51,7.39,5.44,6.24,10.0,5.08,No,0,7.49,4.64,71.06,1,10.66
STU04948,Male,EEE,7.73,54.61,89.61,4,4,5,4,49.46,7.81,5.95,7.22,7.68,1.78,7.78,Yes,1,4.47,1.98,41.42,0,0.0
STU04949,Male,ECE,6.87,69.3,75.72,3,2,1,0,56.31,9.87,10.0,9.0,7.84,5.92,2.79,Yes,0,6.33,5.93,62.8,1,8.72
STU04950,Female,IT,8.86,76.43,77.42,2,3,2,0,66.61,6.37,5.25,7.82,6.88,3.79,3.12,Yes,0,3.24,4.67,62.72,1,8.97
STU04951,Female,CSE,9.54,63.3,73.97,1,1,2,0,100.0,8.06,8.2,5.52,4.94,2.7,3.61,Yes,0,6.48,5.6,71.96,1,11.63
STU04952,Male,ECE,9.31,80.6,78.93,4,5,1,0,49.34,5.9,5.42,6.04,5.6,3.47,5.41,Yes,0,5.6,4.99,65.97,1,7.91
STU04953,Female,EEE,7.24,78.69,76.75,0,3,0,2,49.4,2.59,2.13,7.23,7.79,5.04,4.68,Yes,2,4.99,6.29,20.93,0,0.0
STU04954,Male,MECH,7.78,77.77,79.88,3,5,3,0,1.24,7.7,8.73,8.44,6.11,3.53,2.39,Yes,3,5.81,5.75,55.76,1,7.47
STU04955,Male,CSE,6.92,85.76,89.21,3,0,2,2,75.25,5.24,4.99,8.63,6.63,5.61,5.86,No,4,5.09,8.03,53.82,1,9.17
STU04956,Female,ECE,8.05,73.05,68.45,1,6,1,0,86.37,4.28,4.91,6.73,6.72,6.79,6.23,Yes,3,6.05,5.8,60.3,1,8.75
STU04957,Male,ECE,8.59,79.27,55.09,1,1,0,0,49.25,6.25,7.61,8.59,9.33,3.98,5.01,Yes,1,6.0,6.71,59.6,1,8.74
STU04958,Female,IT,6.61,73.23,93.69,1,2,2,2,64.4,7.81,8.24,8.52,5.85,6.97,5.53,No,0,4.82,5.33,47.09,0,0.0
STU04959,Male,ECE,7.81,91.98,63.11,1,6,1,0,55.05,6.46,8.88,7.95,7.18,5.26,1.43,No,2,4.39,2.08,55.4,0,0.0
STU04960,Male,CSE,7.47,78.4,85.48,2,2,4,2,72.65,6.74,9.01,4.91,3.79,6.64,4.48,Yes,4,7.69,4.53,61.31,0,0.0
STU04961,Male,ECE,7.88,74.54,72.7,0,3,5,0,62.81,4.12,3.8,6.32,5.81,5.95,3.88,Yes,3,5.81,5.85,53.88,1,8.79
STU04962,Male,CSE,6.16,53.73,60.95,2,1,0,0,66.33,6.92,5.61,5.16,6.33,7.88,7.16,No,1,5.97,2.98,56.11,0,0.0
STU04963,Male,CSE,6.7,69.82,65.31,1,2,1,0,41.8,4.28,2.55,6.72,6.43,6.04,5.1,Yes,4,8.33,1.88,43.38,1,6.83
STU04964,Male,CSE,6.8,76.39,90.4,1,5,3,0,52.27,6.18,5.24,7.32,7.87,2.81,6.83,No,4,2.96,1.02,56.39,1,9.15
STU04965,Female,EEE,7.18,66.04,75.09,3,5,0,0,64.9,9.56,10.0,7.27,5.2,2.81,1.63,No,1,5.14,4.25,54.49,1,8.09
STU04966,Male,IT,6.95,73.85,71.55,2,2,0,0,53.98,5.44,6.57,4.65,7.48,7.14,8.53,No,3,6.04,4.34,54.2,0,0.0
STU04967,Male,ECE,6.41,67.99,87.96,2,3,1,0,67.07,10.0,9.72,7.04,7.03,2.73,5.57,Yes,3,6.77,6.67,60.23,0,0.0
STU04968,Male,ECE,8.01,68.12,76.72,1,0,2,1,53.63,3.05,3.27,5.77,5.18,3.38,4.37,No,4,4.18,7.36,37.71,0,0.0
STU04969,Male,CSE,6.86,89.05,80.84,0,1,1,1,62.62,3.04,3.75,4.95,4.41,4.54,3.59,Yes,0,6.82,2.89,36.58,0,0.0
STU04970,Male,CIVIL,8.36,69.3,71.55,2,0,1,2,76.74,4.87,5.76,6.27,6.0,5.82,4.61,Yes,1,6.06,1.32,34.0,0,0.0
STU04971,Male,ECE,8.66,69.34,75.38,0,4,2,0,17.0,8.82,8.44,4.66,3.65,6.8,5.93,Yes,1,5.15,3.18,55.43,0,0.0
STU04972,Female,CSE,5.7,87.47,76.1,1,2,5,0,48.52,4.72,4.88,8.7,7.17,5.17,8.67,No,4,2.02,3.04,53.09,0,0.0
STU04973,Female,CIVIL,6.76,87.78,67.28,0,3,0,0,48.1,7.74,6.66,8.23,8.37,4.35,8.73,Yes,1,7.15,5.44,43.71,0,0.0
STU04974,Female,IT,7.02,72.03,68.85,0,3,0,1,46.07,3.76,4.74,6.54,6.1,3.85,4.9,Yes,4,5.95,8.13,36.56,0,0.0
STU04975,Male,CSE,4.42,64.2,71.89,0,3,2,0,91.24,4.68,3.79,7.13,6.23,5.69,4.9,Yes,0,4.61,4.1,49.85,0,0.0
STU04976,Male,IT,6.96,83.59,75.51,1,3,2,2,85.48,5.75,5.35,7.1,6.52,5.17,3.63,No,4,8.65,5.48,49.38,0,0.0
STU04977,Female,CSE,8.27,74.85,86.83,0,1,0,1,61.89,4.08,2.73,5.21,5.87,3.55,5.57,Yes,1,7.24,1.86,35.96,0,0.0
STU04978,Female,IT,6.87,72.66,85.36,2,2,1,0,76.56,6.19,6.98,8.05,6.95,2.09,3.65,Yes,0,4.91,8.47,66.09,1,11.23
STU04979,Male,CIVIL,5.61,84.91,71.08,2,5,4,0,82.95,3.46,4.59,7.63,7.22,3.43,2.87,Yes,0,6.05,3.82,47.35,0,0.0
STU04980,Female,CSE,6.69,86.39,83.89,1,2,0,0,56.12,7.01,8.45,4.58,5.97,4.71,0.69,Yes,2,10.0,5.61,60.13,0,0.0
STU04981,Female,CSE,5.45,88.73,78.18,2,2,3,0,62.04,6.04,3.64,7.26,6.57,4.55,5.24,Yes,1,5.68,9.27,67.3,1,10.09
STU04982,Female,ECE,6.07,84.04,56.32,2,6,4,2,48.14,3.38,0.99,5.31,4.68,7.81,5.87,Yes,4,4.17,3.55,49.33,0,0.0
STU04983,Female,CSE,5.84,90.05,79.04,3,2,1,1,42.12,3.19,3.48,5.73,6.35,8.21,5.75,Yes,2,5.34,5.14,49.08,0,0.0
STU04984,Male,EEE,5.69,63.2,60.11,2,3,1,2,69.78,7.54,7.81,2.82,4.58,5.52,4.87,No,0,5.56,5.25,35.69,0,0.0
STU04985,Female,CSE,8.27,84.3,84.09,4,1,2,3,79.87,5.83,7.08,5.47,6.73,6.03,4.94,No,0,5.54,7.78,52.03,0,0.0
STU04986,Female,ECE,7.86,72.23,65.94,2,4,1,0,32.65,9.64,10.0,6.43,5.55,3.81,5.57,No,1,6.33,10.0,51.48,0,0.0
STU04987,Female,EEE,7.01,90.54,79.85,1,2,2,2,61.68,7.87,9.04,5.52,6.14,5.32,5.58,Yes,1,5.43,5.98,44.56,1,6.78
STU04988,Female,IT,7.05,73.45,94.29,0,0,1,0,53.46,8.09,8.94,10.0,7.76,6.8,5.61,Yes,1,7.55,1.06,56.07,1,9.84
STU04989,Female,EEE,6.95,74.13,76.55,1,0,5,1,43.7,5.34,4.47,7.0,6.41,5.33,2.86,No,2,6.73,5.79,36.13,0,0.0
STU04990,Male,EEE,6.72,74.71,74.53,2,0,2,0,75.26,5.92,6.86,5.27,6.1,4.91,5.14,Yes,1,5.07,2.85,51.73,0,0.0
STU04991,Male,ECE,7.05,89.06,52.73,0,3,2,1,31.56,7.67,7.2,6.24,5.27,7.15,6.15,Yes,1,6.91,6.95,47.47,0,0.0
STU04992,Male,CSE,8.75,79.16,76.82,1,5,3,1,83.19,4.29,4.11,9.28,6.71,9.02,6.95,Yes,0,3.84,6.32,69.8,1,9.83
STU04993,Female,CSE,7.58,89.48,90.95,0,1,1,0,47.94,2.26,0.89,5.32,5.87,6.66,4.86,No,2,4.42,4.04,39.13,0,0.0
STU04994,Male,CSE,7.65,66.37,76.62,0,3,0,3,71.62,5.13,3.75,6.62,6.33,6.53,3.26,Yes,1,4.17,7.85,46.83,1,8.49
STU04995,Female,IT,5.93,82.25,70.75,0,2,0,3,67.13,2.7,0.0,5.23,5.96,2.95,0.66,Yes,2,8.8,4.11,27.17,0,0.0
STU04996,Female,EEE,7.54,90.63,70.42,2,1,2,0,73.49,7.87,8.03,4.2,4.73,7.46,6.01,Yes,1,3.52,8.69,58.44,1,8.62
STU04997,Male,MECH,5.25,90.71,98.08,2,2,0,0,68.77,6.57,7.97,9.5,7.27,5.78,5.24,No,0,6.5,5.73,40.65,0,0.0
STU04998,Male,CIVIL,7.28,81.11,74.19,1,0,2,1,99.67,7.06,5.21,6.35,5.42,8.94,2.73,No,0,5.56,5.87,41.48,0,0.0
STU04999,Male,CSE,7.14,92.12,72.82,1,4,3,2,100.0,5.8,6.16,4.52,6.27,5.66,7.15,Yes,0,4.59,9.5,58.42,1,8.98
STU05000,Female,IT,6.59,81.39,42.31,2,3,1,0,80.16,3.59,3.47,4.36,3.74,5.84,3.83,Yes,1,6.52,3.29,50.57,0,0.0
STU05001,Female,CSE,7.47,85.75,74.49,4,3,0,2,49.6,6.32,8.86,5.96,7.64,2.14,4.44,Yes,0,5.49,3.33,55.27,0,0.0
STU05002,Male,ECE,6.54,81.61,67.07,4,3,0,0,48.16,6.88,6.32,5.88,7.55,5.25,8.01,No,0,7.95,8.23,46.92,0,0.0
STU05003,Female,CSE,9.18,62.7,72.99,0,6,3,0,49.55,6.94,8.71,9.52,8.01,3.86,8.01,No,2,5.97,2.56,63.26,1,9.86
STU05004,Female,CIVIL,8.44,86.52,77.42,1,4,2,1,72.17,5.35,3.98,2.78,2.46,5.14,9.11,Yes,3,7.18,7.81,41.63,1,7.02
STU05005,Female,IT,8.52,79.6,68.6,1,4,1,1,59.2,6.21,4.34,5.66,6.21,7.73,6.98,Yes,2,5.74,1.09,56.57,1,8.59
STU05006,Female,CSE,7.03,81.17,70.37,3,1,5,4,58.53,2.87,2.53,4.24,5.26,5.43,9.6,Yes,3,4.35,7.63,48.63,0,0.0
STU05007,Male,IT,6.03,78.11,56.32,4,1,0,0,66.65,5.4,5.01,7.48,6.09,8.35,4.31,Yes,1,0.0,3.99,52.37,1,8.23
STU05008,Male,IT,7.87,68.62,75.53,1,3,0,1,46.52,4.84,4.63,2.86,5.13,0.85,1.0,Yes,1,7.15,4.97,44.44,0,0.0
STU05009,Female,ECE,7.89,99.72,69.45,0,3,0,0,93.2,7.2,6.36,5.14,6.34,8.91,3.76,No,0,6.92,5.08,44.68,0,0.0
STU05010,Male,CSE,5.51,89.7,92.25,0,2,2,0,31.67,9.18,9.61,10.0,8.35,5.54,3.27,Yes,3,6.63,4.59,59.27,1,8.36
STU05011,Female,EEE,7.62,70.45,47.04,0,5,5,1,50.81,5.66,5.4,5.27,6.16,6.74,4.74,Yes,4,5.74,4.19,44.33,1,6.71
STU05012,Female,CSE,8.1,55.83,83.79,2,3,2,0,42.36,6.46,7.89,4.61,4.97,3.11,6.25,Yes,1,6.6,3.5,61.59,1,9.72
STU05013,Female,CSE,6.39,80.68,47.53,1,3,2,1,64.0,6.83,6.63,8.27,7.06,7.85,2.86,Yes,0,7.7,2.72,56.7,1,9.19
STU05014,Female,CSE,5.06,79.51,69.81,0,0,4,2,43.49,7.84,9.0,6.2,4.65,4.33,5.94,No,2,5.04,3.48,39.77,0,0.0
STU05015,Female,IT,7.48,96.17,71.26,0,2,1,1,81.57,3.63,4.15,5.21,6.89,6.14,0.0,Yes,3,5.09,2.65,36.26,0,0.0
STU05016,Female,ECE,7.35,76.48,64.52,0,2,1,2,54.32,6.66,7.45,7.4,6.66,4.56,7.04,Yes,3,2.53,0.14,45.43,0,0.0
STU05017,Male,IT,7.42,75.13,87.85,2,3,2,1,88.07,3.15,2.5,4.58,4.99,7.67,6.83,Yes,2,5.08,10.0,58.11,1,9.94
STU05018,Male,IT,8.26,74.41,76.07,2,4,2,0,21.5,6.1,5.7,5.0,3.79,5.12,4.51,Yes,1,3.72,5.65,59.9,0,0.0
STU05019,Male,ECE,6.53,75.43,75.36,0,4,0,2,37.35,6.42,7.09,8.22,8.51,5.03,3.76,No,0,5.52,4.61,32.19,0,0.0
STU05020,Female,EEE,6.46,78.69,77.3,2,2,3,0,42.23,6.36,7.39,8.26,6.88,4.75,5.71,Yes,0,7.27,7.14,51.22,0,0.0
STU05021,Female,CSE,9.08,70.77,79.12,3,4,0,1,52.71,8.29,8.67,6.62,6.01,5.16,6.57,No,3,6.81,5.58,70.16,1,11.34
STU05022,Female,ECE,7.45,100.0,64.79,3,4,3,0,85.04,3.1,4.85,7.06,6.05,3.15,7.37,Yes,1,4.96,7.18,53.49,1,8.84
STU05023,Female,ECE,6.5,82.11,87.13,0,3,1,0,30.93,10.0,10.0,2.88,3.87,3.97,5.23,Yes,1,8.0,4.79,46.02,0,0.0
STU05024,Male,EEE,9.0,76.85,62.98,1,3,0,4,51.89,7.24,7.14,6.42,6.03,3.14,2.37,No,1,3.65,9.1,31.71,0,0.0
STU05025,Female,CSE,5.23,86.93,82.27,4,4,2,0,53.86,5.83,4.68,6.55,6.51,3.11,6.91,Yes,3,4.47,3.45,66.49,1,10.61
STU05026,Male,CSE,6.66,87.22,89.86,0,1,1,0,66.34,2.95,2.4,8.68,6.87,1.44,6.24,Yes,2,3.9,3.65,41.32,0,0.0
STU05027,Male,CSE,10.0,86.8,72.46,3,0,1,0,51.39,6.37,5.75,7.23,7.77,2.74,5.45,Yes,0,4.59,6.62,66.21,1,10.45
STU05028,Female,CSE,7.14,73.34,68.72,1,1,1,1,100.0,3.49,3.98,8.72,9.33,7.12,7.08,Yes,4,5.09,4.5,54.29,1,10.54
STU05029,Male,IT,7.05,76.23,76.87,1,5,2,1,64.68,3.19,4.27,7.38,6.51,3.22,4.86,Yes,1,6.39,10.0,50.64,1,7.81
STU05030,Male,CSE,6.47,90.12,78.09,0,3,3,4,66.62,7.28,7.43,5.54,6.84,8.0,4.69,Yes,1,6.02,2.53,38.8,0,0.0
STU05031,Female,ECE,6.51,74.02,99.46,2,3,5,0,46.82,6.42,6.91,3.31,4.33,5.9,8.18,No,0,7.75,7.48,53.51,0,0.0
STU05032,Female,CSE,6.53,77.15,82.17,0,4,2,4,69.04,5.05,5.51,5.82,5.74,8.69,5.22,Yes,2,5.05,7.01,42.58,0,0.0
STU05033,Male,IT,6.71,91.57,70.49,4,1,2,1,73.99,9.19,6.66,5.2,6.0,5.21,6.23,No,1,8.27,6.57,56.33,1,9.28
STU05034,Male,EEE,7.68,80.93,53.29,0,2,1,0,47.18,5.75,4.57,7.96,6.67,6.23,4.44,Yes,1,4.52,1.51,40.19,0,0.0
STU05035,Male,ECE,5.74,86.96,91.0,1,2,1,1,61.85,5.79,5.0,4.11,4.76,7.54,3.74,Yes,1,3.28,5.69,42.52,0,0.0
STU05036,Male,IT,8.73,68.73,64.49,0,1,3,0,44.76,3.9,4.17,6.33,5.68,3.64,3.16,Yes,1,7.54,3.82,44.71,0,0.0
STU05037,Male,EEE,4.81,81.76,100.0,3,2,2,1,44.67,6.76,6.7,6.47,5.62,5.43,4.2,Yes,2,6.47,7.91,45.32,1,7.28
STU05038,Male,EEE,7.94,81.84,83.8,1,3,3,0,49.18,4.6,5.59,2.93,4.29,6.28,5.89,No,1,5.58,4.5,41.74,0,0.0
STU05039,Male,ECE,4.42,76.31,91.72,1,5,4,0,81.12,9.51,8.82,6.97,6.91,3.09,0.67,Yes,2,5.33,5.92,62.12,0,0.0
STU05040,Male,EEE,7.94,82.34,75.72,1,3,2,3,54.15,5.81,6.87,4.73,5.03,5.27,3.02,Yes,4,2.35,0.0,34.69,0,0.0
STU05041,Female,CSE,6.67,90.94,58.39,2,4,2,1,49.56,4.93,4.42,8.12,6.51,5.07,7.02,No,0,2.75,2.7,53.42,0,0.0
STU05042,Male,CSE,5.62,90.65,83.99,2,3,1,0,31.07,4.78,4.44,6.25,7.48,5.09,6.45,Yes,2,4.8,3.52,58.16,1,9.5
STU05043,Male,CIVIL,6.21,71.89,80.13,2,2,0,0,100.0,6.25,3.23,4.63,6.4,7.33,7.68,Yes,3,4.89,5.81,38.7,0,0.0
STU05044,Female,CSE,6.77,90.72,65.18,1,6,5,0,61.61,7.53,7.68,6.23,6.25,3.81,4.99,Yes,1,7.22,5.01,68.51,1,10.88
STU05045,Male,MECH,7.63,66.53,54.3,0,0,3,0,80.08,8.7,9.03,3.57,5.04,4.96,1.92,No,3,8.93,5.08,38.53,0,0.0
STU05046,Male,IT,7.59,86.62,76.62,2,1,3,0,44.59,6.34,5.03,6.75,6.61,7.19,6.92,Yes,3,5.27,5.63,58.16,1,8.46
STU05047,Female,ECE,6.82,61.61,67.9,0,4,3,3,32.49,7.28,8.21,6.05,6.24,3.89,4.43,No,3,5.87,4.08,34.28,0,0.0
STU05048,Male,EEE,6.17,77.99,78.75,1,5,3,2,48.47,2.78,3.21,3.61,5.1,5.56,1.94,No,1,6.14,7.99,30.76,0,0.0
STU05049,Female,CSE,6.98,86.27,66.08,0,2,5,0,55.48,7.44,5.36,3.0,4.24,9.75,5.78,Yes,2,8.12,4.96,51.49,0,0.0
STU05050,Female,IT,7.45,82.57,71.23,0,4,1,0,75.39,4.06,4.4,7.89,7.14,5.74,9.34,Yes,1,7.34,4.84,56.62,1,8.91
STU05051,Female,MECH,6.17,80.97,85.6,0,4,4,2,44.92,5.03,2.94,2.05,4.69,7.87,5.91,No,0,5.93,6.18,28.07,0,0.0
STU05052,Female,ECE,6.48,60.49,82.47,4,4,1,0,64.56,5.85,4.07,5.45,5.87,3.84,7.23,No,2,7.95,1.57,54.77,1,7.62
STU05053,Female,ECE,5.43,73.07,76.98,3,5,0,0,100.0,6.27,6.38,6.03,5.08,1.68,7.78,Yes,1,4.67,6.37,64.44,0,0.0
STU05054,Female,CSE,7.26,77.32,90.3,1,3,1,2,35.28,4.8,7.53,4.57,4.45,3.82,8.67,No,4,4.0,1.1,39.27,0,0.0
STU05055,Female,EEE,6.91,71.25,77.44,2,4,2,1,85.07,4.64,5.06,6.34,6.45,3.06,3.81,Yes,0,3.81,2.72,47.33,0,0.0
STU05056,Female,CIVIL,7.84,69.49,75.56,2,2,2,0,79.72,4.56,4.02,7.32,6.37,6.82,4.3,Yes,3,7.08,2.04,45.11,0,0.0
STU05057,Female,ECE,7.34,81.11,83.88,0,4,5,1,86.68,5.73,4.31,5.95,5.83,3.85,7.23,Yes,1,7.47,5.69,51.37,0,0.0
STU05058,Female,ECE,6.23,69.23,86.8,1,4,5,0,86.67,3.64,3.68,8.95,7.56,7.72,6.29,No,0,6.63,5.64,55.45,1,8.22
STU05059,Male,CSE,6.56,71.15,72.02,1,2,5,0,58.59,6.86,7.03,7.16,7.0,2.77,4.95,No,3,8.04,5.94,58.99,1,10.03
STU05060,Male,MECH,7.66,82.04,80.47,1,1,1,0,75.01,6.67,7.29,4.96,4.97,4.4,1.66,Yes,0,5.11,3.59,47.96,0,0.0
STU05061,Female,ECE,8.34,77.18,92.91,1,3,1,2,100.0,6.48,5.63,4.74,5.32,0.79,2.47,No,1,2.9,0.0,47.34,0,0.0
STU05062,Female,EEE,8.77,77.58,70.75,1,0,0,0,70.27,7.86,7.16,7.71,6.28,6.6,0.96,No,0,7.84,3.0,45.42,0,0.0
STU05063,Male,MECH,7.64,72.47,79.21,0,2,1,0,43.02,7.45,9.15,9.08,7.38,5.23,6.67,Yes,0,3.23,8.14,41.75,0,0.0
STU05064,Male,MECH,7.97,90.0,66.95,1,0,5,0,58.98,4.31,3.51,6.55,5.94,5.45,5.55,No,1,2.4,2.25,39.49,0,0.0
STU05065,Male,CSE,7.63,72.62,69.75,3,5,2,0,49.59,8.01,9.55,5.49,5.72,4.31,1.62,No,1,4.45,9.16,69.98,1,9.97
STU05066,Female,CSE,6.02,91.62,72.29,0,2,3,4,61.74,4.59,4.54,5.29,4.9,5.07,8.18,Yes,1,3.79,4.02,36.48,0,0.0
STU05067,Male,IT,7.2,62.28,54.68,2,0,5,2,34.98,6.52,7.45,6.51,4.8,2.68,4.53,No,1,5.47,3.64,44.37,0,0.0
STU05068,Female,ECE,7.52,69.44,63.67,0,0,1,1,82.7,7.21,8.93,6.53,6.64,3.04,5.81,No,0,8.1,7.65,41.78,0,0.0
STU05069,Female,MECH,8.32,57.85,68.9,0,3,0,0,70.35,8.72,9.8,9.93,7.68,2.05,5.31,Yes,2,6.58,6.11,44.72,0,0.0
STU05070,Female,CSE,6.15,76.19,92.22,1,4,1,0,100.0,0.72,0.8,4.59,5.96,4.98,5.02,No,0,4.93,4.3,50.14,1,8.32
STU05071,Male,ECE,6.51,70.42,83.38,1,1,2,0,64.12,4.72,2.63,6.58,7.14,5.53,7.27,No,1,9.35,5.74,45.8,0,0.0
STU05072,Female,IT,7.61,88.3,76.41,0,4,3,0,98.68,9.04,7.86,4.69,6.56,5.36,5.53,No,1,6.62,3.73,68.01,1,10.65
STU05073,Male,ECE,6.98,63.33,81.16,2,5,2,0,82.66,9.3,9.17,6.4,7.22,5.71,4.61,No,1,7.16,0.1,68.05,1,9.22
STU05074,Male,IT,8.64,84.55,86.94,0,3,0,0,90.24,5.04,4.61,6.47,5.59,3.64,8.63,No,2,3.94,6.82,59.81,0,0.0
STU05075,Male,CSE,7.01,79.76,79.95,1,4,2,0,83.17,5.41,3.56,9.39,7.79,4.32,6.76,No,4,3.82,2.84,60.83,1,10.29
STU05076,Male,EEE,7.78,94.92,69.48,2,4,1,0,65.01,8.28,8.99,5.54,5.75,8.47,6.33,Yes,4,6.27,4.28,62.64,1,7.54
STU05077,Female,CSE,6.33,78.66,57.68,1,0,3,1,68.33,5.69,5.21,6.11,6.69,6.67,5.06,No,1,7.88,3.99,43.04,0,0.0
STU05078,Female,ECE,8.66,69.99,61.41,1,1,3,0,73.15,3.81,4.16,8.47,7.03,4.5,6.29,No,3,7.33,6.09,49.46,0,0.0
STU05079,Female,EEE,6.64,74.74,81.63,1,0,5,0,87.0,10.0,8.36,5.24,5.06,8.53,7.62,No,0,7.1,1.35,54.08,0,0.0
STU05080,Male,EEE,7.33,71.71,59.98,1,4,2,1,30.79,5.84,6.39,9.46,7.24,6.06,2.52,Yes,1,6.38,5.18,44.55,1,7.57
STU05081,Male,IT,8.22,93.83,77.43,1,3,5,1,83.02,4.09,4.46,3.4,4.72,6.48,10.0,No,0,3.31,7.64,53.88,1,9.39
STU05082,Female,CSE,6.68,91.82,73.49,0,3,5,0,51.8,4.93,6.43,5.73,7.03,6.2,8.53,No,1,4.66,9.58,55.85,1,8.75
STU05083,Female,IT,5.26,68.96,77.41,0,4,0,0,67.66,8.25,5.89,4.99,6.17,5.36,6.56,No,1,4.31,4.42,49.59,0,0.0
STU05084,Female,ECE,6.4,93.36,68.76,0,1,3,1,66.92,7.11,8.8,8.34,8.41,3.97,5.7,Yes,1,6.67,4.06,38.58,0,0.0
STU05085,Female,ECE,7.85,75.68,75.13,2,4,2,2,29.73,5.17,5.79,5.69,5.78,8.0,7.22,No,0,7.44,1.61,43.83,0,0.0
STU05086,Male,IT,7.33,73.34,68.52,0,4,5,0,55.11,5.19,2.53,7.69,6.29,1.22,6.34,No,1,0.9,1.09,57.48,0,0.0
STU05087,Female,CSE,6.93,73.55,63.22,1,1,0,0,81.81,6.52,4.26,4.66,4.72,3.59,8.02,Yes,0,5.82,7.34,50.41,0,0.0
STU05088,Male,CSE,7.48,100.0,70.68,1,4,3,1,71.19,6.75,6.78,6.47,6.07,3.45,6.25,Yes,2,6.18,3.92,62.24,0,0.0
STU05089,Male,CSE,6.26,79.07,76.13,1,2,0,2,73.72,5.81,5.78,4.76,5.44,5.55,9.04,Yes,1,8.12,3.73,46.49,0,0.0
STU05090,Female,EEE,8.44,85.08,91.04,0,1,2,1,67.76,8.93,9.34,8.43,5.66,3.28,6.89,Yes,3,4.49,3.45,41.23,0,0.0
STU05091,Male,CSE,8.2,89.19,83.79,0,2,5,0,70.31,7.38,7.49,4.69,6.06,4.21,8.08,Yes,0,4.44,4.29,64.06,1,9.88
STU05092,Male,CIVIL,6.72,80.94,77.54,0,3,3,0,81.27,3.85,2.57,2.04,5.12,5.58,2.07,Yes,1,4.99,8.76,36.01,0,0.0
STU05093,Male,CIVIL,6.2,63.81,89.25,0,3,1,0,59.18,7.66,8.98,6.84,7.29,6.53,2.77,No,1,5.58,3.42,40.47,0,0.0
STU05094,Female,IT,8.75,88.02,74.56,0,2,1,2,89.59,6.7,8.74,5.13,5.19,3.29,5.54,Yes,1,6.6,4.53,50.79,1,8.26
STU05095,Female,CSE,8.15,79.73,61.31,0,4,1,0,67.64,8.04,8.87,6.74,5.81,4.23,3.0,No,3,7.54,1.57,60.08,0,0.0
STU05096,Female,ECE,6.47,70.41,64.51,3,4,4,0,47.57,4.2,3.59,7.19,5.62,8.08,2.23,Yes,2,8.99,7.43,61.18,0,0.0
STU05097,Male,CSE,8.66,89.43,64.29,0,2,2,0,65.68,5.71,5.17,6.02,5.95,6.2,7.68,No,2,4.67,3.38,51.32,0,0.0
STU05098,Female,ECE,8.17,67.75,75.21,2,3,0,3,75.04,9.91,10.0,10.0,8.14,4.93,4.03,Yes,1,4.03,10.0,52.74,0,0.0
STU05099,Male,EEE,6.0,69.94,64.0,3,3,2,1,50.77,7.32,6.86,9.73,7.26,5.35,4.12,Yes,0,7.31,3.98,53.42,1,8.37
STU05100,Female,CIVIL,6.88,75.68,64.01,0,5,0,2,93.06,1.87,3.47,5.89,7.55,8.93,8.96,No,4,3.65,2.46,31.86,0,0.0
STU05101,Female,CIVIL,6.91,82.44,57.82,0,3,0,0,38.41,6.59,6.42,9.0,7.19,7.15,7.6,No,1,5.82,8.06,38.48,0,0.0
STU05102,Female,EEE,7.68,72.29,84.22,1,2,1,0,56.42,8.91,8.5,7.64,7.11,6.42,5.22,No,0,5.69,8.0,48.44,0,0.0
STU05103,Male,ECE,8.14,64.69,87.32,3,2,3,0,43.7,5.01,4.51,5.73,6.73,6.32,2.83,No,0,3.56,5.36,53.15,0,0.0
STU05104,Male,ECE,6.28,79.11,91.66,0,1,1,3,38.62,7.55,6.26,6.31,6.3,3.49,5.58,No,2,4.85,2.31,20.99,0,0.0
STU05105,Female,CSE,7.66,77.81,61.07,4,1,3,0,30.04,3.01,4.84,6.76,6.36,7.5,8.87,Yes,1,5.99,2.95,52.35,1,9.67
STU05106,Female,CSE,7.23,75.26,78.48,1,5,5,1,43.64,6.89,5.28,6.49,6.37,6.45,4.61,No,2,7.32,8.71,59.18,0,0.0
STU05107,Female,EEE,5.0,79.61,81.45,2,5,1,2,46.77,3.63,3.66,8.41,7.91,2.62,4.64,No,1,5.32,4.62,34.02,0,0.0
STU05108,Male,CSE,9.86,66.28,78.39,0,5,1,0,67.91,6.78,6.56,6.89,6.9,6.05,3.72,No,4,4.94,3.12,61.43,0,0.0
STU05109,Male,EEE,6.11,100.0,69.29,1,5,3,1,90.84,5.4,3.34,3.63,5.29,5.46,5.41,Yes,3,6.85,3.56,47.16,0,0.0
STU05110,Female,CSE,7.4,75.0,87.96,2,3,3,0,66.53,4.78,4.97,5.49,5.93,3.57,5.89,Yes,1,1.51,6.58,65.85,1,10.21
STU05111,Female,IT,7.63,89.95,56.91,2,3,5,0,79.39,6.03,8.5,4.33,5.59,5.27,5.05,No,4,6.86,6.74,71.14,1,10.25
STU05112,Female,ECE,7.44,100.0,96.32,0,3,5,0,74.75,4.25,6.42,3.48,4.45,6.5,0.45,No,0,2.37,4.43,42.46,0,0.0
STU05113,Male,CSE,6.13,81.24,92.98,0,3,1,0,54.83,4.77,4.49,3.76,6.38,6.59,6.6,No,0,8.25,4.82,45.49,0,0.0
STU05114,Female,CIVIL,6.92,88.95,74.68,1,6,3,0,43.85,7.33,6.79,7.39,7.52,8.61,5.87,Yes,1,5.79,6.58,49.46,1,7.8
STU05115,Female,ECE,6.86,79.89,68.87,0,1,1,1,35.56,2.25,3.23,5.38,5.21,5.56,2.32,Yes,2,6.16,5.93,32.58,0,0.0
STU05116,Male,ECE,7.4,61.8,62.52,3,4,0,0,64.79,7.8,4.77,8.14,6.31,4.16,5.14,Yes,1,7.83,8.05,71.27,1,9.69
STU05117,Male,CSE,6.12,84.47,61.5,1,2,5,4,55.2,5.67,5.33,7.21,7.61,4.97,2.34,No,1,3.72,2.55,33.27,0,0.0
STU05118,Male,IT,8.74,80.6,63.58,0,1,1,0,89.51,4.35,5.17,9.68,8.51,4.46,4.17,No,0,6.37,7.02,50.96,1,8.85
STU05119,Male,CSE,5.45,77.36,76.39,3,3,3,0,55.68,7.45,8.53,6.91,5.99,1.5,6.04,No,1,4.73,3.4,66.25,1,9.75
STU05120,Female,IT,5.65,67.34,75.42,1,2,4,0,82.04,7.02,7.15,4.81,4.86,4.25,3.38,No,1,3.38,4.22,57.86,0,0.0
STU05121,Female,ECE,7.95,68.46,84.04,0,5,3,0,61.9,9.4,9.75,5.83,5.37,4.74,8.42,Yes,0,3.45,6.7,63.41,1,9.52
STU05122,Male,CIVIL,7.79,90.61,82.28,0,3,1,3,66.34,6.98,7.25,6.24,5.88,8.47,6.17,No,1,4.91,6.24,34.01,0,0.0
STU05123,Male,IT,6.17,59.86,71.71,1,3,1,0,35.84,4.77,6.94,4.84,4.3,4.3,3.84,Yes,0,5.05,5.92,48.85,0,0.0
STU05124,Female,CSE,7.3,65.8,59.97,2,1,2,0,86.7,5.97,5.63,4.15,4.77,3.06,4.12,Yes,1,2.84,6.73,62.88,1,9.32
STU05125,Male,CSE,4.21,69.23,75.4,2,4,3,0,54.59,3.32,3.65,7.87,7.39,4.2,6.75,Yes,1,3.78,0.8,60.89,0,0.0
STU05126,Female,IT,8.83,74.67,71.29,1,2,5,2,63.14,6.71,6.6,5.77,5.98,7.98,8.2,No,1,8.2,3.66,54.59,0,0.0
STU05127,Female,MECH,9.09,75.95,77.56,2,4,2,0,56.84,6.18,6.57,7.97,8.2,2.35,7.07,No,0,6.05,3.56,56.84,1,7.84
STU05128,Male,CIVIL,7.15,87.81,66.28,3,4,0,0,41.65,6.16,5.81,5.3,5.53,4.92,7.76,No,2,3.77,4.83,46.62,1,8.43
STU05129,Male,ECE,7.16,85.06,70.09,0,3,4,0,39.35,10.0,10.0,6.74,4.95,5.73,1.89,No,4,6.9,7.78,53.44,0,0.0
STU05130,Male,IT,5.4,90.0,66.02,1,0,0,0,86.05,6.64,6.88,5.11,4.06,8.31,4.73,Yes,0,4.09,7.33,48.59,1,8.07
STU05131,Female,CSE,6.13,92.91,62.85,0,3,1,1,38.84,6.36,6.32,7.55,6.01,4.68,4.91,No,2,6.47,7.94,43.12,0,0.0
STU05132,Female,EEE,7.76,79.9,58.08,1,3,1,1,65.47,5.91,4.45,5.86,6.41,6.41,2.76,Yes,0,5.68,4.24,44.44,0,0.0
STU05133,Male,IT,7.35,88.78,91.89,0,3,1,0,80.8,8.34,8.87,7.54,6.52,6.66,4.92,No,2,5.97,2.91,55.56,0,0.0
STU05134,Male,ECE,7.37,82.39,69.06,4,4,1,3,77.31,6.0,5.14,5.48,6.29,4.58,5.51,Yes,4,4.17,2.76,47.65,0,0.0
STU05135,Female,CSE,7.87,81.17,89.84,1,3,3,1,53.21,6.01,7.04,5.84,4.41,8.23,6.56,No,0,3.42,10.0,55.27,1,9.78
STU05136,Male,EEE,7.02,67.16,51.83,1,0,0,1,70.19,4.22,4.42,4.21,4.42,4.07,4.18,Yes,3,2.91,2.99,35.81,0,0.0
STU05137,Male,CSE,8.34,86.7,75.0,3,1,0,0,42.76,4.91,3.39,5.8,6.01,5.67,4.9,Yes,1,7.65,6.61,56.36,1,9.31
STU05138,Male,IT,7.7,63.5,77.12,0,6,2,0,74.82,4.02,3.94,6.16,7.23,6.53,4.47,Yes,4,4.28,3.62,57.89,1,9.71
STU05139,Male,CSE,5.27,70.21,82.33,2,3,4,0,86.69,4.52,5.47,7.33,6.82,5.28,4.4,No,3,6.1,6.24,62.33,1,10.28
STU05140,Male,CSE,6.48,76.76,87.84,1,1,4,1,100.0,6.93,7.43,6.72,6.8,3.93,6.01,Yes,2,6.0,1.61,58.25,1,8.92
STU05141,Female,CSE,7.65,72.85,59.11,1,2,1,2,59.25,5.75,3.1,5.48,6.3,1.01,4.69,No,0,4.64,6.07,43.83,0,0.0
STU05142,Male,MECH,6.83,64.0,84.16,1,5,2,0,59.71,7.07,4.98,3.4,6.35,7.25,4.06,No,0,2.68,3.19,38.16,0,0.0
STU05143,Male,IT,8.16,71.18,84.19,4,2,0,2,78.72,7.5,7.07,5.84,6.21,6.51,4.87,Yes,3,6.49,5.88,57.93,1,10.24
STU05144,Male,EEE,6.12,66.72,77.9,2,4,2,0,69.15,5.52,5.04,5.89,6.85,2.1,3.37,No,2,4.67,2.67,44.7,0,0.0
STU05145,Male,MECH,6.51,72.69,73.07,0,4,4,2,82.38,4.17,3.63,4.93,6.7,5.7,4.54,No,2,3.32,3.4,32.64,0,0.0
STU05146,Female,MECH,7.59,83.19,61.34,0,4,3,1,56.11,9.38,10.0,5.94,5.73,5.12,2.22,Yes,1,2.58,6.02,40.29,0,0.0
STU05147,Male,CSE,6.17,81.1,72.65,0,5,2,0,63.18,5.74,7.05,6.84,8.52,4.52,5.15,Yes,1,3.41,6.11,63.32,1,8.81
STU05148,Female,ECE,4.54,68.17,63.52,0,4,2,0,23.2,3.81,5.38,6.46,6.06,6.15,7.79,Yes,1,6.28,4.1,35.66,0,0.0
STU05149,Female,IT,7.23,88.72,90.84,0,3,2,0,70.42,8.76,8.46,7.41,6.54,5.85,3.59,Yes,0,6.86,5.06,59.66,1,8.62
STU05150,Male,MECH,5.61,83.2,66.95,2,4,5,0,77.55,6.77,6.17,7.29,7.0,9.79,6.58,No,0,4.65,9.62,45.49,0,0.0
STU05151,Male,CSE,6.4,67.64,68.15,0,3,0,0,63.81,7.59,9.24,6.35,5.36,8.61,5.86,Yes,1,4.48,6.66,60.19,0,0.0
STU05152,Female,ECE,5.07,77.66,63.55,4,2,4,3,61.37,6.14,5.69,5.86,6.84,5.15,3.69,Yes,3,3.33,6.92,44.27,0,0.0
STU05153,Female,EEE,8.74,80.46,64.85,1,4,0,1,83.5,6.77,5.15,5.83,5.85,5.62,4.55,Yes,3,5.52,3.72,49.63,0,0.0
STU05154,Male,EEE,8.79,56.12,73.13,3,1,2,0,28.39,4.67,6.09,5.43,6.75,8.81,6.96,Yes,1,5.14,7.73,59.04,0,0.0
STU05155,Female,CSE,6.19,74.14,84.52,2,2,0,0,73.65,8.86,9.5,7.69,5.71,4.98,4.78,No,0,6.18,5.26,66.34,0,0.0
STU05156,Female,CSE,9.23,84.61,91.45,3,4,4,2,45.54,7.92,6.68,5.3,5.93,10.0,4.53,Yes,2,5.71,3.65,70.39,1,10.14
STU05157,Male,ECE,6.22,95.59,96.37,1,6,0,1,68.87,8.67,8.86,6.7,6.17,5.6,6.16,No,2,5.93,4.67,52.49,0,0.0
STU05158,Male,IT,7.45,65.83,65.81,2,2,3,1,96.61,7.11,9.19,6.92,7.34,4.01,6.31,No,0,5.42,4.71,61.74,1,10.15
STU05159,Female,CIVIL,7.37,87.68,58.78,3,3,5,0,56.91,5.31,6.93,1.23,3.22,4.26,6.36,Yes,2,7.33,5.6,45.24,0,0.0
STU05160,Female,MECH,8.51,63.31,71.12,0,6,4,1,70.81,4.21,5.88,5.11,5.63,3.0,5.34,Yes,1,7.19,5.07,47.12,0,0.0
STU05161,Male,CSE,6.23,77.0,45.76,1,3,2,1,68.05,5.04,2.46,5.5,5.03,5.3,1.51,Yes,1,6.65,0.0,46.45,0,0.0
STU05162,Male,ECE,6.75,74.33,74.32,0,5,1,1,52.59,4.01,2.97,5.4,6.61,4.88,3.58,Yes,1,7.07,3.7,42.7,0,0.0
STU05163,Female,CIVIL,8.39,90.65,72.95,1,2,3,3,60.18,6.29,7.29,6.73,6.61,8.64,5.12,No,0,4.27,8.0,29.59,0,0.0
STU05164,Male,CSE,8.02,91.43,74.96,3,3,0,0,55.74,5.89,5.17,5.17,5.9,3.09,3.73,Yes,0,4.32,4.06,60.72,1,8.18
STU05165,Male,EEE,7.64,85.36,72.12,1,4,0,0,46.68,5.61,5.68,7.25,6.98,4.22,5.45,No,1,4.05,7.07,41.75,0,0.0
STU05166,Female,CSE,7.9,78.14,83.81,2,4,3,2,48.97,5.34,5.74,4.73,6.43,5.22,5.16,Yes,2,4.26,2.41,54.03,0,0.0
STU05167,Female,ECE,9.32,86.3,93.42,3,6,2,1,76.75,5.12,4.57,5.86,5.44,6.73,8.23,Yes,3,5.94,0.5,58.92,1,8.12
STU05168,Female,MECH,6.74,82.09,70.38,0,1,3,0,60.15,8.78,10.0,8.36,7.73,6.14,3.1,Yes,0,9.42,3.2,46.97,0,0.0
STU05169,Female,CIVIL,5.03,67.15,67.61,1,6,2,3,87.14,6.25,8.2,9.12,8.96,3.88,7.68,No,1,5.46,4.19,28.91,0,0.0
STU05170,Male,ECE,7.72,84.08,79.14,4,6,1,0,60.65,7.92,8.53,5.21,4.77,7.78,4.03,Yes,1,6.58,7.82,57.61,0,0.0
STU05171,Female,IT,6.55,68.44,65.9,1,0,2,1,47.72,3.63,4.44,9.49,8.51,9.98,3.9,Yes,2,5.5,5.88,46.95,0,0.0
STU05172,Male,ECE,6.07,73.84,99.04,3,5,0,1,53.6,8.27,8.63,3.77,4.8,5.1,4.28,Yes,2,4.05,9.61,59.34,1,8.26
STU05173,Male,CSE,8.86,76.7,68.08,1,0,0,0,66.66,2.53,1.3,8.08,7.66,5.96,6.76,Yes,1,3.5,6.13,43.42,0,0.0
STU05174,Female,CSE,6.32,81.77,69.54,3,3,4,0,41.61,3.3,1.47,6.1,8.48,2.83,0.0,Yes,1,3.96,2.55,57.14,1,9.76
STU05175,Female,EEE,7.28,70.94,66.31,1,6,2,2,64.17,6.18,6.28,3.73,5.17,10.0,5.15,No,2,8.62,5.74,34.47,0,0.0
STU05176,Male,MECH,6.86,75.79,72.57,2,1,3,0,39.43,5.54,8.34,3.58,3.7,2.15,6.83,No,1,8.13,4.73,40.36,0,0.0
STU05177,Male,MECH,6.23,91.46,86.54,1,3,1,1,39.57,5.98,5.4,7.4,7.07,8.97,6.19,Yes,0,6.35,7.13,47.45,0,0.0
STU05178,Female,IT,6.38,79.18,69.08,0,5,2,0,46.25,7.25,7.9,3.78,4.55,6.42,3.16,No,4,4.67,4.48,52.24,0,0.0
STU05179,Female,IT,6.81,82.51,58.99,4,2,1,3,50.81,6.2,6.47,4.46,2.96,3.5,0.37,No,4,6.81,7.6,38.5,0,0.0
STU05180,Male,CSE,7.15,61.74,76.17,0,2,1,1,31.07,5.91,3.54,4.55,6.43,5.24,10.0,Yes,0,3.18,3.91,39.73,0,0.0
STU05181,Male,IT,7.55,90.15,68.22,2,2,2,1,87.47,1.8,0.62,9.69,8.3,9.38,6.98,Yes,0,6.44,6.28,55.67,1,8.28
STU05182,Female,CSE,7.28,88.21,90.03,1,4,3,0,39.44,5.2,4.64,6.28,7.06,5.56,3.66,No,0,6.34,6.69,52.94,0,0.0
STU05183,Male,CSE,8.05,72.4,65.11,1,5,3,1,49.61,5.22,5.03,5.8,5.26,7.71,4.07,No,4,3.63,8.93,55.53,0,0.0
STU05184,Male,MECH,7.13,90.33,58.14,0,2,2,0,67.7,5.02,5.22,5.93,5.04,3.67,7.13,Yes,3,6.84,3.08,40.4,0,0.0
STU05185,Female,CSE,9.95,87.85,70.34,3,1,0,0,80.62,7.39,6.56,4.88,5.19,3.13,5.11,No,1,7.35,4.96,63.49,0,0.0
STU05186,Female,CSE,6.98,93.03,71.4,0,4,2,0,81.86,5.63,4.32,6.4,5.79,6.26,3.3,Yes,3,4.98,5.37,59.02,1,10.25
STU05187,Female,CSE,8.79,56.06,69.99,0,1,2,0,76.62,7.34,8.33,3.67,3.66,8.33,0.55,Yes,0,6.76,5.45,64.21,1,9.78
STU05188,Male,CSE,7.96,76.4,93.87,3,0,5,3,62.69,8.7,9.2,5.98,6.84,7.18,5.77,Yes,4,6.04,7.19,58.09,1,8.9
STU05189,Male,ECE,4.93,61.95,65.19,1,4,0,1,37.24,4.17,5.45,5.7,5.95,3.94,6.64,Yes,2,8.03,2.77,31.33,0,0.0
STU05190,Female,ECE,4.51,70.96,63.69,3,4,1,0,72.89,6.7,6.84,7.81,6.01,2.47,5.42,No,4,8.06,1.08,52.17,1,7.35
STU05191,Male,IT,6.15,61.71,80.85,0,5,2,2,48.57,7.98,8.9,9.2,6.35,8.73,3.26,Yes,1,4.76,5.98,58.93,1,8.36
STU05192,Male,ECE,7.69,78.6,69.27,0,4,4,0,86.66,6.29,5.57,7.34,7.11,5.76,1.76,No,0,2.27,3.63,55.11,1,8.05
STU05193,Male,CSE,8.25,82.38,71.65,2,0,1,0,57.67,5.59,6.36,8.81,7.55,7.29,6.79,No,2,4.79,3.32,54.73,0,0.0
STU05194,Male,EEE,6.99,77.06,76.46,1,1,5,0,80.98,6.3,6.97,3.65,5.2,5.96,6.39,Yes,1,4.35,3.53,46.14,0,0.0
STU05195,Female,IT,8.33,82.41,71.41,0,4,0,0,57.18,7.42,8.18,4.26,5.25,6.14,7.61,No,0,4.77,3.79,56.33,1,8.95
STU05196,Female,EEE,7.13,86.42,80.27,0,5,2,0,57.07,7.28,5.32,5.31,5.67,7.14,7.25,No,3,5.02,1.82,40.29,0,0.0
STU05197,Male,MECH,9.71,87.84,65.45,0,3,4,0,77.49,7.08,4.82,6.22,5.53,5.27,4.31,No,1,6.75,5.14,39.7,0,0.0
STU05198,Female,MECH,6.84,90.27,79.24,1,5,1,0,59.86,4.8,5.15,5.94,6.77,6.79,6.28,No,1,7.92,5.62,39.74,0,0.0
STU05199,Female,CIVIL,5.59,83.78,66.87,2,2,0,0,42.18,8.26,8.65,8.44,7.02,5.7,3.02,No,1,7.16,2.43,36.28,0,0.0
STU05200,Male,CSE,5.89,87.46,77.42,2,1,0,0,23.31,4.06,4.14,3.83,4.79,4.1,5.91,No,1,4.86,7.4,41.74,0,0.0
STU05201,Male,EEE,6.02,77.83,74.2,2,1,5,0,45.39,6.38,6.41,5.44,5.81,5.49,6.21,No,4,7.08,2.61,43.22,0,0.0
STU05202,Female,MECH,5.99,72.11,85.29,2,5,1,1,42.71,4.8,4.54,6.76,5.87,9.06,4.39,No,4,6.78,5.01,34.04,0,0.0
STU05203,Female,IT,6.79,66.13,79.87,0,3,0,1,39.59,6.85,6.97,7.28,5.99,7.38,2.87,Yes,1,5.58,6.38,48.46,0,0.0
STU05204,Female,CSE,6.43,82.27,72.83,0,4,0,0,48.95,8.45,6.66,5.96,6.57,7.95,4.86,No,0,2.8,0.0,52.68,1,9.09
STU05205,Female,ECE,7.26,96.08,69.18,2,3,1,3,70.87,5.93,6.51,9.92,6.77,7.68,7.34,Yes,3,4.74,3.91,50.74,0,0.0
STU05206,Male,CSE,8.17,63.95,68.07,2,3,2,1,73.66,5.39,4.34,5.8,6.41,2.92,2.61,Yes,1,6.94,4.53,68.57,1,10.21
STU05207,Male,CSE,6.63,82.47,74.16,1,2,1,0,33.59,8.26,9.71,7.79,7.44,6.54,6.02,Yes,2,4.32,10.0,57.5,0,0.0
STU05208,Male,CSE,9.35,77.25,75.72,4,5,3,1,61.29,6.68,8.58,6.89,6.23,4.15,5.5,Yes,1,5.05,3.26,76.72,1,11.36
STU05209,Female,CIVIL,4.19,81.42,65.92,2,0,2,0,82.59,8.3,9.36,6.51,5.27,6.58,5.85,No,2,7.82,5.69,43.5,0,0.0
STU05210,Female,CSE,6.79,75.09,82.48,1,4,3,2,74.79,4.84,4.79,4.58,5.24,4.03,5.27,No,0,2.56,3.44,47.27,0,0.0
STU05211,Male,ECE,6.11,85.67,84.43,2,4,0,3,74.44,6.58,8.2,7.02,6.04,5.37,6.96,Yes,4,6.35,3.79,45.56,0,0.0
STU05212,Male,ECE,6.36,69.8,62.76,1,3,3,0,50.77,6.51,7.12,3.01,5.86,10.0,4.76,Yes,0,6.95,10.0,52.21,0,0.0
STU05213,Male,CSE,7.03,88.33,78.34,2,3,1,2,48.59,7.49,7.2,7.73,8.06,4.1,6.32,Yes,4,5.01,7.71,56.77,1,10.23
STU05214,Male,CSE,8.55,81.28,93.43,4,0,1,3,91.04,3.54,2.8,8.76,7.1,3.88,7.56,Yes,4,5.76,4.93,54.37,1,8.39
STU05215,Male,IT,7.0,75.34,85.8,2,3,0,1,85.71,3.94,3.59,4.83,6.9,7.41,2.99,Yes,1,4.38,4.16,52.51,0,0.0
STU05216,Male,ECE,6.74,81.52,79.67,4,0,2,0,37.87,5.77,7.94,5.07,5.68,3.41,6.2,Yes,0,5.03,9.31,52.53,0,0.0
STU05217,Female,ECE,8.21,76.4,67.98,2,3,1,1,51.69,6.74,6.6,5.7,6.35,4.42,3.97,No,2,9.2,6.24,46.41,1,7.62
STU05218,Male,IT,7.33,90.55,75.53,2,4,2,0,58.12,5.14,8.45,5.96,6.26,7.83,8.21,No,2,7.46,5.16,62.77,1,10.35
STU05219,Female,CIVIL,5.7,84.52,87.55,1,1,0,2,60.32,8.26,7.31,3.53,6.04,4.02,6.12,No,0,6.5,3.52,28.56,0,0.0
STU05220,Male,CSE,6.74,80.81,94.44,3,4,0,0,87.06,4.3,4.84,5.81,4.95,5.47,5.49,Yes,3,2.34,0.28,63.66,1,9.92
STU05221,Male,EEE,7.75,74.5,77.43,2,5,1,0,72.24,7.11,7.81,7.14,6.91,5.18,6.53,No,2,4.02,1.59,60.32,1,7.28
STU05222,Female,IT,7.55,81.25,87.71,1,1,0,0,70.1,3.8,5.29,6.44,6.15,2.06,5.45,No,3,3.84,2.18,43.7,1,7.06
STU05223,Male,ECE,6.74,69.92,50.34,3,4,1,0,56.37,4.47,2.78,5.9,5.64,3.78,5.69,No,3,5.7,4.06,52.42,0,0.0
STU05224,Male,CSE,6.79,77.72,79.79,1,3,2,4,59.49,7.43,7.36,4.21,5.55,4.67,5.67,No,0,4.82,2.8,47.56,0,0.0
STU05225,Female,CSE,6.23,80.35,72.21,2,4,2,0,100.0,9.59,10.0,4.34,5.3,2.66,7.25,Yes,2,6.52,3.11,79.59,1,10.96
STU05226,Female,EEE,6.81,78.86,79.39,1,6,4,1,49.92,7.1,4.55,6.54,5.84,0.06,5.98,Yes,3,4.93,1.82,50.45,0,0.0
STU05227,Female,CSE,7.8,89.02,77.11,2,5,3,0,39.82,6.38,6.63,6.25,7.53,8.92,4.29,Yes,3,6.79,3.4,69.2,1,9.47
STU05228,Male,IT,6.61,68.14,71.24,2,1,1,0,36.7,6.91,8.38,4.58,6.69,8.4,3.39,No,1,7.12,4.49,49.6,0,0.0
STU05229,Male,ECE,8.43,77.95,82.68,1,5,2,0,73.85,4.47,9.51,6.34,5.67,4.55,7.19,No,1,4.42,4.95,56.46,1,8.14
STU05230,Male,MECH,7.98,93.35,83.83,1,2,1,0,60.27,4.54,5.31,3.34,5.44,8.36,5.75,Yes,1,6.5,5.19,37.83,0,0.0
STU05231,Female,IT,5.68,64.63,68.16,4,3,5,1,56.96,6.5,7.7,6.94,6.58,4.03,6.2,No,1,7.33,4.41,59.98,0,0.0
STU05232,Male,IT,8.25,77.17,72.8,2,3,1,0,57.21,6.95,6.01,6.88,6.46,7.88,6.64,Yes,1,4.68,5.24,64.82,1,10.49
STU05233,Male,MECH,6.71,89.49,98.4,2,3,0,4,99.92,7.32,6.99,7.12,5.83,4.06,4.13,Yes,2,5.57,8.88,33.88,0,0.0
STU05234,Female,IT,7.51,88.46,56.18,2,1,3,0,63.7,4.71,5.9,8.3,7.02,3.3,1.21,No,2,6.28,2.22,62.99,1,9.81
STU05235,Female,IT,6.38,100.0,68.77,0,4,0,3,51.43,4.32,4.58,6.6,6.46,2.39,2.0,No,1,7.28,5.07,27.82,0,0.0
STU05236,Female,ECE,8.26,84.09,95.69,2,3,1,0,64.21,9.94,10.0,2.89,5.3,8.2,2.89,Yes,2,6.6,4.24,55.35,1,7.84
STU05237,Male,CSE,6.79,89.41,85.92,2,0,3,1,100.0,6.35,6.3,9.67,7.56,4.23,6.69,No,4,5.74,9.61,62.16,1,8.97
STU05238,Male,CSE,5.59,85.3,79.64,1,3,3,0,90.64,3.18,0.96,7.31,5.79,4.21,6.51,Yes,2,5.69,5.44,54.3,1,9.25
STU05239,Female,ECE,7.58,86.16,77.52,1,1,0,0,67.96,8.26,10.0,5.78,6.8,3.49,5.73,No,2,7.33,9.67,46.85,0,0.0
STU05240,Female,MECH,8.4,75.24,75.57,2,4,0,0,49.16,5.24,6.0,6.72,6.35,8.22,9.63,No,0,3.37,2.48,45.2,0,0.0
STU05241,Male,IT,6.58,63.27,85.49,4,5,2,0,61.34,8.58,9.42,3.12,3.82,2.14,4.77,Yes,1,4.12,3.34,73.68,1,11.02
STU05242,Male,IT,9.19,53.58,66.27,0,5,1,0,61.35,6.9,5.18,8.79,6.84,7.76,0.08,Yes,2,3.01,3.87,68.5,1,10.22
STU05243,Male,CSE,6.82,86.98,62.71,2,2,4,1,60.26,7.89,8.45,2.67,3.09,3.33,4.85,No,2,3.75,4.69,57.17,1,10.29
STU05244,Male,MECH,8.63,56.97,82.39,4,1,3,0,47.18,4.86,4.2,6.38,6.09,6.28,2.7,No,0,4.16,6.37,49.84,0,0.0
STU05245,Female,ECE,10.0,82.26,74.7,0,2,3,0,48.69,6.37,7.13,3.15,6.07,7.18,4.35,Yes,1,10.0,4.56,46.44,0,0.0
STU05246,Female,MECH,6.4,68.82,59.02,1,2,1,1,55.45,7.86,6.13,5.76,5.74,2.9,3.86,No,2,8.89,0.93,36.51,0,0.0
STU05247,Male,MECH,6.47,91.82,79.09,0,3,2,2,61.8,10.0,10.0,5.53,4.76,3.99,7.18,No,2,5.94,1.47,29.59,0,0.0
STU05248,Female,CSE,8.78,72.9,67.6,2,2,2,1,72.8,8.11,9.4,5.6,5.23,10.0,7.85,Yes,2,2.59,4.49,74.15,1,10.61
STU05249,Male,EEE,7.63,87.49,84.37,1,5,1,1,71.86,8.79,6.91,6.14,7.04,7.13,7.82,No,2,6.0,4.68,51.53,0,0.0
STU05250,Male,MECH,6.98,69.32,91.28,0,2,3,4,35.4,5.76,5.76,6.89,8.34,2.53,2.36,No,1,4.32,0.0,18.68,0,0.0
STU05251,Female,CSE,6.37,87.93,95.19,1,2,4,0,49.36,7.06,6.98,8.85,6.33,3.55,9.09,No,2,5.25,5.39,61.09,1,8.8
STU05252,Male,ECE,6.03,59.77,84.16,2,1,3,0,51.95,5.83,6.48,5.87,5.58,8.48,4.4,Yes,0,4.97,4.99,52.0,0,0.0
STU05253,Male,ECE,7.63,90.27,69.38,1,2,1,0,73.49,8.92,7.94,7.01,6.51,7.47,2.57,Yes,1,2.75,4.08,56.64,1,8.47
STU05254,Male,ECE,6.51,93.5,88.95,0,3,0,0,63.55,6.81,7.66,5.54,6.88,8.22,4.82,Yes,1,6.15,5.9,49.75,0,0.0
STU05255,Male,CSE,5.57,87.94,74.12,1,1,0,1,54.43,7.51,8.66,6.41,5.55,0.74,5.61,No,3,2.76,5.34,42.35,0,0.0
STU05256,Male,ECE,4.58,72.13,67.66,1,1,0,0,79.31,5.23,3.98,5.85,5.92,3.89,0.61,Yes,3,6.5,4.47,43.64,0,0.0
STU05257,Female,IT,5.11,82.65,72.03,0,5,5,1,39.73,4.05,3.29,7.34,7.43,9.27,4.11,Yes,1,4.5,7.2,44.75,0,0.0
STU05258,Male,IT,6.42,85.5,68.86,2,5,3,3,29.17,4.63,5.49,8.58,6.73,4.76,3.98,No,2,5.5,6.29,51.2,1,8.59
STU05259,Male,ECE,9.03,100.0,75.03,1,4,2,1,44.86,3.03,3.61,6.7,7.09,5.56,9.41,Yes,0,7.44,4.73,47.84,0,0.0
STU05260,Male,MECH,6.04,67.84,70.05,1,2,0,0,76.24,6.72,7.1,6.38,5.62,2.64,5.79,No,0,1.85,3.84,43.27,0,0.0
STU05261,Male,MECH,6.73,98.09,70.68,2,3,3,0,31.3,5.11,6.8,7.97,7.07,7.67,7.19,Yes,1,2.49,3.34,49.27,0,0.0
STU05262,Female,CSE,6.62,75.88,62.59,2,3,1,0,82.07,6.39,7.95,4.93,4.81,5.54,3.99,Yes,1,5.2,4.3,64.07,1,9.46
STU05263,Male,ECE,6.71,86.55,72.28,0,5,1,0,95.32,7.18,8.11,5.33,5.96,7.19,4.45,Yes,1,2.8,6.69,55.52,1,8.07
STU05264,Female,EEE,7.87,69.05,85.09,1,3,4,0,60.81,7.03,7.82,6.04,5.51,4.93,2.3,No,2,2.93,2.25,53.48,1,7.03
STU05265,Female,ECE,10.0,99.37,90.58,1,5,3,0,41.35,7.95,5.78,4.15,5.09,9.07,5.22,No,1,5.2,6.0,58.23,1,8.06
STU05266,Male,ECE,5.98,71.94,76.93,0,0,4,2,78.16,4.52,4.97,6.77,6.75,5.36,5.71,Yes,2,6.59,6.21,37.06,0,0.0
STU05267,Male,ECE,6.65,67.1,64.81,0,1,2,0,40.84,6.39,5.4,6.09,6.27,1.94,5.36,No,0,6.54,3.38,38.5,0,0.0
STU05268,Female,ECE,8.12,54.17,81.42,2,3,3,0,81.5,6.61,7.43,9.3,7.87,2.22,5.72,No,4,6.02,5.81,60.47,1,8.68
STU05269,Male,EEE,7.76,71.5,67.9,3,3,0,0,43.01,5.57,4.47,5.58,5.21,5.66,1.27,Yes,2,6.65,5.15,53.64,1,7.92
STU05270,Male,IT,7.91,86.28,79.94,0,3,0,3,39.28,5.38,6.37,6.78,6.87,0.46,6.85,No,4,4.18,4.21,30.59,0,0.0
STU05271,Female,CSE,4.94,90.41,72.11,1,1,3,4,78.98,5.04,5.51,6.44,6.79,5.01,7.32,Yes,0,4.22,7.08,42.05,0,0.0
STU05272,Male,IT,7.5,90.29,71.71,3,3,2,0,86.64,5.64,6.82,5.14,5.48,10.0,7.0,Yes,4,6.99,5.93,69.38,1,10.34
STU05273,Male,ECE,5.18,72.73,54.94,2,4,0,1,75.92,5.69,5.27,4.24,4.04,5.56,3.25,Yes,1,8.55,5.59,45.94,0,0.0
STU05274,Female,EEE,7.07,69.0,62.54,1,3,4,0,72.01,8.34,7.3,4.99,5.27,4.26,7.73,No,1,3.85,4.32,46.74,1,7.42
STU05275,Male,EEE,6.97,93.45,77.42,4,2,3,0,69.86,3.84,2.95,6.8,6.16,5.58,6.17,Yes,4,5.43,5.2,58.81,1,7.1
STU05276,Female,CSE,7.4,93.52,93.14,4,5,2,2,52.9,4.96,3.44,6.31,6.59,2.0,5.53,Yes,0,6.6,5.87,57.62,1,9.58
STU05277,Male,IT,7.09,92.38,71.71,1,2,1,1,81.87,5.69,5.86,7.42,5.81,2.8,6.51,Yes,2,6.63,4.7,50.62,0,0.0
STU05278,Male,IT,6.29,92.65,82.18,0,2,0,0,90.09,4.09,2.45,6.26,6.12,3.26,4.79,Yes,3,5.93,3.65,45.58,1,7.93
STU05279,Female,CSE,5.92,89.43,84.51,0,4,2,0,100.0,6.26,6.46,4.87,3.59,4.96,0.44,Yes,0,6.92,5.79,55.98,0,0.0
STU05280,Male,ECE,6.86,78.19,76.38,1,6,2,3,57.6,4.91,2.81,8.45,8.43,5.5,4.66,Yes,0,7.04,6.61,36.71,0,0.0
STU05281,Female,CSE,9.12,73.28,78.76,1,2,3,0,75.63,3.7,2.62,7.48,5.78,3.37,8.16,Yes,4,4.72,2.35,61.15,0,0.0
STU05282,Male,MECH,9.52,66.7,73.62,0,3,0,0,99.69,7.71,9.55,4.69,5.99,6.88,4.36,No,3,5.37,6.51,41.87,0,0.0
STU05283,Female,IT,8.0,89.78,100.0,0,4,0,2,51.22,4.29,3.49,4.99,7.43,3.79,5.32,No,1,6.28,1.66,33.52,0,0.0
STU05284,Female,IT,9.53,95.97,63.49,0,2,2,2,51.06,7.11,7.95,7.1,5.79,3.92,2.5,No,1,8.17,7.45,47.02,0,0.0
STU05285,Female,IT,5.76,95.07,86.12,3,1,3,1,53.44,6.98,6.83,6.75,7.06,6.82,4.14,Yes,1,5.68,7.4,63.45,1,10.88
STU05286,Female,MECH,8.74,71.75,73.13,0,1,3,0,100.0,2.68,3.32,7.68,8.02,9.48,7.07,Yes,4,5.38,1.76,46.05,0,0.0
STU05287,Male,IT,7.34,69.94,59.85,2,2,1,0,82.79,5.68,8.42,6.52,6.48,5.19,3.05,Yes,4,8.03,2.36,68.86,1,10.54
STU05288,Female,MECH,7.54,73.13,68.51,1,1,1,4,57.78,5.36,4.1,4.07,4.6,2.99,4.31,No,1,3.31,8.16,16.64,0,0.0
STU05289,Male,ECE,6.93,66.3,83.52,0,5,2,0,59.84,8.82,9.77,4.67,5.65,7.71,0.0,Yes,0,4.79,9.19,54.08,0,0.0
STU05290,Female,EEE,6.57,87.61,57.07,2,3,3,3,51.8,5.45,2.72,6.46,5.69,7.59,1.53,Yes,0,7.16,3.72,34.81,0,0.0
STU05291,Male,CSE,6.72,54.57,88.64,2,3,3,1,53.38,6.28,5.09,7.17,6.72,6.58,4.77,Yes,1,7.56,8.48,61.95,1,8.54
STU05292,Male,IT,6.38,77.5,61.46,3,1,4,1,46.66,5.28,5.06,7.28,5.17,4.03,4.05,No,0,6.49,6.35,52.64,1,9.52
STU05293,Female,CSE,8.82,90.82,76.68,4,3,1,2,64.54,6.25,4.93,3.16,4.24,8.72,4.39,No,1,5.49,2.27,58.47,1,9.45
STU05294,Male,CIVIL,7.04,81.41,96.3,3,3,0,1,72.38,7.42,8.11,6.79,7.69,7.75,6.46,No,0,5.6,3.98,48.29,1,7.08
STU05295,Male,ECE,6.69,78.43,76.0,1,6,5,0,74.84,4.9,3.53,5.82,6.06,6.2,5.65,Yes,1,9.77,4.1,59.07,0,0.0
STU05296,Male,CSE,6.97,84.15,70.71,1,4,2,0,55.36,3.17,2.61,4.02,4.7,4.19,8.06,Yes,2,4.48,1.43,52.66,0,0.0
STU05297,Male,IT,7.2,90.09,68.99,1,4,1,0,23.26,6.81,6.43,4.87,6.69,4.23,6.73,No,3,5.24,6.19,49.82,0,0.0
STU05298,Male,EEE,8.32,65.28,82.35,2,2,3,0,51.83,2.9,3.04,3.59,3.92,2.32,5.08,Yes,3,4.16,2.41,52.28,0,0.0
STU05299,Male,CSE,7.08,72.06,76.94,0,4,0,0,64.88,8.62,10.0,8.43,8.07,7.1,4.65,Yes,3,5.32,7.1,67.57,1,10.59
STU05300,Male,CSE,9.48,76.57,65.13,0,0,2,4,76.42,4.76,3.03,8.1,7.04,4.15,8.9,Yes,2,8.0,2.35,41.78,0,0.0
STU05301,Female,EEE,7.97,76.82,86.51,0,4,1,3,71.15,6.49,6.39,7.51,6.89,3.46,7.13,Yes,0,7.0,6.06,38.65,0,0.0
STU05302,Male,CIVIL,6.32,90.43,76.09,2,3,4,4,52.82,7.19,6.78,7.63,6.29,3.16,5.52,Yes,4,6.22,4.86,26.16,0,0.0
STU05303,Male,CSE,7.68,98.71,62.57,3,3,5,2,88.76,6.74,6.79,6.94,5.32,4.41,5.51,Yes,0,3.92,6.04,70.69,1,11.36
STU05304,Male,ECE,6.08,74.5,71.71,0,0,2,1,65.98,4.94,3.99,6.72,6.53,3.98,0.87,Yes,3,4.4,5.53,32.66,0,0.0
STU05305,Male,CSE,7.42,69.25,81.32,0,4,3,0,71.07,9.85,8.88,3.87,5.23,5.21,4.57,Yes,1,3.54,2.78,63.8,1,9.57
STU05306,Male,CSE,6.87,75.17,84.64,2,3,0,0,98.09,4.7,3.13,5.48,6.18,7.17,6.14,Yes,0,6.61,7.61,59.6,0,0.0
STU05307,Female,IT,8.26,100.0,93.58,1,5,2,0,66.67,4.75,3.17,8.02,8.92,6.58,4.49,No,3,3.16,2.66,59.88,0,0.0
STU05308,Female,MECH,7.62,71.25,63.11,3,2,0,3,81.29,3.94,2.52,7.09,8.12,4.7,8.61,Yes,1,6.44,4.59,38.22,0,0.0
STU05309,Male,ECE,5.81,87.32,83.59,3,5,1,0,88.65,5.99,5.48,3.44,4.49,5.6,6.12,Yes,3,8.33,4.21,57.98,0,0.0
STU05310,Male,MECH,6.98,82.09,79.88,2,2,0,0,58.38,9.36,7.99,2.13,3.94,6.26,10.0,Yes,4,5.5,3.81,43.45,0,0.0
STU05311,Female,CSE,6.55,93.92,80.74,4,3,2,0,77.75,6.48,7.49,5.75,5.86,10.0,5.09,No,0,5.78,2.98,69.68,1,11.08
STU05312,Male,IT,6.28,71.29,95.49,3,2,1,2,80.22,6.48,6.73,7.35,6.31,3.33,0.8,No,4,9.61,6.95,53.22,0,0.0
STU05313,Female,MECH,7.53,73.97,81.69,1,4,2,1,65.43,4.58,6.26,6.05,6.4,3.72,1.84,No,2,6.71,2.54,42.1,0,0.0
STU05314,Male,ECE,5.68,76.39,89.31,1,2,2,2,67.56,7.91,7.8,2.75,5.94,5.08,2.44,No,2,8.22,4.2,33.1,0,0.0
STU05315,Male,ECE,7.92,71.13,65.15,3,4,4,0,89.99,7.87,7.82,7.28,7.33,6.22,3.33,Yes,2,2.19,6.09,70.37,1,10.23
STU05316,Female,CSE,5.58,83.63,100.0,1,3,2,0,31.54,4.94,5.89,6.84,6.06,5.89,6.73,No,0,4.9,8.52,47.33,0,0.0
STU05317,Female,CSE,7.14,75.98,68.44,3,2,1,0,62.42,4.44,4.38,6.63,6.1,7.43,8.66,Yes,1,5.42,4.97,61.5,0,0.0
STU05318,Female,ECE,7.87,50.44,80.52,3,4,4,0,90.37,7.91,7.43,4.94,5.26,6.31,2.11,Yes,1,4.76,1.59,71.05,1,8.72
STU05319,Male,MECH,5.52,67.49,81.23,2,5,2,1,65.92,4.95,4.16,4.33,4.11,4.97,6.14,Yes,1,2.14,6.79,39.62,0,0.0
STU05320,Male,CIVIL,7.71,82.55,75.01,4,5,2,0,43.52,7.65,8.41,9.1,7.51,4.76,2.6,Yes,2,4.54,3.95,60.15,1,6.95
STU05321,Male,IT,6.9,71.93,84.8,0,3,1,1,44.67,8.09,8.16,4.68,5.83,7.16,8.75,Yes,4,6.51,6.52,52.83,1,6.93
STU05322,Male,ECE,6.9,97.32,99.49,0,6,0,2,62.61,5.57,6.46,8.01,7.25,3.78,4.15,No,0,5.16,4.5,34.54,0,0.0
STU05323,Female,EEE,8.3,77.73,83.86,0,5,0,1,51.81,5.44,5.14,8.18,8.28,7.41,8.25,Yes,1,6.0,3.22,47.07,1,6.12
STU05324,Female,CSE,7.64,94.65,92.87,1,3,4,0,84.15,7.06,7.85,4.79,6.26,4.68,7.29,Yes,2,3.51,4.52,69.41,1,10.49
STU05325,Male,CSE,7.82,74.64,78.57,2,1,4,0,58.02,6.09,6.3,7.1,7.23,2.89,4.96,Yes,1,5.75,5.28,60.43,1,7.8
STU05326,Female,CSE,6.31,85.59,75.94,1,4,3,2,97.88,7.89,8.04,3.67,4.2,6.76,5.09,Yes,0,7.48,8.28,60.84,1,8.88
STU05327,Female,CSE,7.18,78.95,79.34,2,5,0,2,69.74,7.43,5.77,6.99,8.7,4.32,5.37,No,2,4.14,4.83,60.57,1,9.13
STU05328,Female,CSE,7.69,80.7,78.43,3,2,2,1,52.97,8.94,10.0,5.03,6.4,5.51,8.61,No,2,5.53,4.32,62.08,1,10.31
STU05329,Female,IT,6.4,87.09,83.91,1,2,2,0,49.87,3.05,3.0,4.91,5.86,5.7,7.01,No,4,7.05,6.93,45.13,0,0.0
STU05330,Male,CSE,7.51,95.81,70.34,1,3,2,0,56.47,6.13,5.72,3.12,4.7,6.91,7.17,No,1,5.83,4.96,44.89,0,0.0
STU05331,Male,CSE,7.31,82.92,98.96,4,2,0,0,71.22,6.86,5.29,3.88,5.71,3.81,5.31,Yes,2,6.02,6.48,66.9,1,9.91
STU05332,Female,CSE,7.2,67.66,70.4,0,4,1,3,47.66,8.33,7.25,5.53,5.72,9.53,3.77,Yes,1,6.95,6.71,47.25,1,8.4
STU05333,Male,CIVIL,6.96,80.14,77.5,0,3,0,0,75.25,5.54,6.81,8.99,7.48,5.89,4.29,Yes,2,3.13,5.49,35.26,0,0.0
STU05334,Male,IT,9.38,87.54,73.42,0,4,4,0,49.19,7.49,5.08,6.77,6.07,4.54,5.09,Yes,2,4.88,2.61,63.29,1,8.82
STU05335,Female,MECH,8.22,69.28,71.3,1,5,0,0,45.06,9.58,7.95,5.27,6.76,5.13,5.97,No,3,7.48,6.8,40.57,0,0.0
STU05336,Female,CSE,8.0,71.33,69.32,0,2,3,4,42.99,6.1,5.73,6.61,6.58,2.38,5.61,No,0,6.46,3.85,37.59,0,0.0
STU05337,Male,IT,6.84,90.86,82.02,1,4,1,1,49.34,6.06,4.84,5.99,4.54,3.98,7.03,No,3,5.29,3.63,47.18,0,0.0
STU05338,Female,ECE,7.67,90.88,82.59,0,3,0,0,89.74,5.19,4.41,5.86,6.26,0.3,3.42,No,3,8.8,6.17,40.6,0,0.0
STU05339,Female,ECE,6.05,67.36,75.56,1,4,1,0,94.86,5.32,5.24,5.5,6.69,8.54,4.12,Yes,0,4.67,5.9,53.2,0,0.0
STU05340,Male,IT,8.38,75.04,75.13,1,2,1,0,62.78,8.32,9.51,4.23,3.8,7.49,3.66,Yes,1,6.02,4.85,64.15,1,10.39
STU05341,Female,ECE,7.26,74.54,79.66,1,0,0,0,75.22,4.31,4.63,5.57,6.04,5.59,3.69,No,1,5.43,9.25,37.28,0,0.0
STU05342,Male,IT,6.76,60.75,65.15,0,1,1,0,59.28,8.21,8.51,3.8,4.85,6.82,4.89,No,2,2.68,3.4,54.84,1,8.82
STU05343,Female,CIVIL,6.54,79.81,89.54,3,2,0,0,74.93,8.72,7.54,9.93,8.05,6.98,5.24,No,3,4.58,5.55,53.75,0,0.0
STU05344,Female,ECE,6.62,80.58,89.31,1,1,2,1,36.96,7.04,7.18,8.1,6.7,7.26,2.11,Yes,2,9.97,2.58,48.56,0,0.0
STU05345,Male,ECE,7.05,80.67,59.45,4,1,0,0,48.03,4.07,3.57,7.16,5.44,5.39,1.52,No,1,5.98,7.8,45.58,0,0.0
STU05346,Male,CSE,7.6,65.85,68.19,0,1,2,1,37.93,6.43,6.59,5.94,5.4,7.2,9.48,No,1,5.94,0.0,34.71,0,0.0
STU05347,Male,IT,6.64,83.51,96.08,1,2,0,1,55.17,5.43,5.61,7.57,7.23,6.08,5.11,Yes,2,7.5,7.02,49.65,1,9.56
STU05348,Male,CSE,6.89,65.49,71.36,0,4,2,3,60.6,4.22,1.45,6.02,6.07,5.48,6.78,No,2,4.98,3.58,35.38,0,0.0
STU05349,Male,EEE,7.43,66.91,51.15,2,4,1,3,74.32,4.64,4.86,9.22,7.59,6.54,2.06,No,1,4.65,9.74,41.2,0,0.0
STU05350,Male,IT,8.51,66.09,61.06,1,3,2,0,67.64,7.79,7.05,2.93,4.08,4.4,3.15,Yes,1,6.02,1.01,64.06,1,9.22
STU05351,Male,IT,6.19,79.03,92.31,1,6,1,0,72.68,5.55,4.8,4.95,4.87,4.87,2.9,No,3,5.87,1.51,55.85,0,0.0
STU05352,Female,ECE,7.17,77.76,61.32,0,1,3,1,62.98,4.2,4.78,4.57,5.88,3.78,6.78,Yes,1,2.34,7.23,40.99,0,0.0
STU05353,Male,EEE,8.13,83.13,77.12,1,3,0,1,72.49,6.79,5.38,6.26,6.23,5.3,6.46,No,0,4.93,4.45,43.13,0,0.0
STU05354,Male,CSE,6.47,69.96,84.67,1,1,1,0,74.93,9.7,9.96,7.81,7.33,4.77,4.06,Yes,0,6.49,6.39,61.25,1,9.74
STU05355,Male,CSE,6.45,76.2,81.43,2,3,2,4,44.45,9.03,9.44,6.05,5.3,4.21,5.28,No,1,3.56,5.61,47.63,0,0.0
STU05356,Female,CIVIL,6.94,65.46,98.82,4,2,2,0,49.65,4.42,5.48,3.82,5.45,1.3,7.82,No,3,7.08,2.82,37.85,0,0.0
STU05357,Male,CSE,5.9,67.64,74.36,0,3,5,4,91.14,5.98,6.15,6.53,5.14,2.03,7.66,No,0,7.85,7.21,38.73,0,0.0
STU05358,Female,CSE,7.05,62.49,68.03,0,3,0,0,57.48,5.1,4.13,6.01,7.48,0.36,4.93,No,0,6.42,5.22,51.55,0,0.0
STU05359,Male,ECE,7.73,69.29,81.23,1,3,3,1,66.98,6.28,4.0,8.56,8.84,5.47,3.46,Yes,1,4.43,5.58,56.23,0,0.0
STU05360,Male,IT,7.46,89.0,94.44,2,4,0,1,97.16,4.16,4.3,8.06,6.43,5.39,6.71,No,0,7.67,10.0,53.92,0,0.0
STU05361,Female,ECE,7.1,83.73,67.13,4,1,2,2,54.72,5.67,5.5,4.21,5.72,5.86,6.92,Yes,3,4.47,5.93,44.59,0,0.0
STU05362,Male,CSE,6.99,91.84,72.17,2,2,2,2,90.36,9.56,9.55,7.3,5.84,6.03,3.13,Yes,1,6.04,7.81,65.3,1,9.07
STU05363,Male,MECH,7.02,75.25,78.48,4,0,1,0,75.55,3.86,2.89,9.52,7.39,6.64,3.75,Yes,4,4.28,7.5,38.95,1,7.29
STU05364,Female,IT,5.65,87.7,75.69,0,1,5,0,18.44,7.88,7.27,5.32,6.0,4.78,4.27,No,3,4.25,8.33,50.16,0,0.0
STU05365,Female,MECH,7.94,94.02,72.85,0,0,0,0,54.81,4.38,3.16,5.03,5.88,3.53,6.39,No,2,5.44,4.36,33.41,0,0.0
STU05366,Male,ECE,7.57,71.46,87.56,1,4,0,1,73.14,9.51,7.49,6.62,6.59,3.42,5.89,Yes,1,8.42,5.01,52.37,0,0.0
STU05367,Male,IT,6.7,73.58,63.19,4,0,5,1,31.22,2.25,2.91,5.51,5.07,4.9,5.97,Yes,0,7.24,4.96,47.41,0,0.0
STU05368,Female,EEE,6.44,88.75,72.59,1,3,4,0,100.0,6.13,6.16,8.29,6.31,4.48,6.17,Yes,0,5.43,7.21,56.15,0,0.0
STU05369,Female,IT,9.03,75.92,73.79,0,3,4,0,59.75,4.59,4.45,7.45,7.66,3.11,8.73,Yes,1,4.23,5.54,58.05,0,0.0
STU05370,Male,CSE,8.48,74.79,79.47,0,3,0,0,35.76,7.55,9.15,2.88,3.76,4.5,0.0,Yes,3,2.35,5.31,45.53,0,0.0
STU05371,Female,EEE,6.61,80.24,94.02,2,6,1,0,46.47,8.15,8.73,5.91,5.79,8.3,6.54,Yes,0,4.1,1.66,55.25,1,6.56
STU05372,Female,CSE,9.05,81.37,63.76,3,0,2,2,61.6,4.86,3.93,8.86,7.76,6.38,2.85,No,1,4.41,7.76,56.65,0,0.0
STU05373,Female,ECE,8.37,92.95,74.81,2,3,0,0,81.81,6.23,6.49,4.45,4.12,7.71,5.45,No,3,4.1,2.37,58.5,1,8.56
STU05374,Female,ECE,9.68,95.42,67.2,2,1,5,0,69.03,8.56,8.31,6.64,4.73,5.77,4.51,Yes,2,3.86,7.72,61.27,1,7.9
STU05375,Male,ECE,8.57,85.36,69.95,2,3,1,0,51.53,5.86,6.37,4.63,5.95,7.26,4.89,Yes,0,4.7,5.39,48.01,0,0.0
STU05376,Female,ECE,5.13,80.48,67.84,3,2,0,0,55.72,5.93,9.03,4.83,5.29,6.0,7.49,Yes,4,9.92,7.53,48.9,1,6.97
STU05377,Female,IT,7.59,72.52,82.61,1,4,2,0,71.01,6.81,6.13,9.93,9.26,5.21,2.66,No,0,4.48,6.57,66.52,1,9.98
STU05378,Female,EEE,7.85,75.23,67.8,1,0,2,3,75.81,6.78,6.87,8.53,6.64,7.33,7.84,No,2,4.79,1.77,36.38,0,0.0
STU05379,Male,EEE,6.47,78.85,86.01,2,2,0,1,77.4,4.82,6.42,4.18,4.83,8.18,6.4,No,2,3.81,6.16,36.16,0,0.0
STU05380,Male,CSE,7.89,75.23,64.91,0,4,0,0,57.13,5.13,5.41,8.7,7.1,3.26,4.65,No,3,6.98,8.82,49.17,1,8.7
STU05381,Male,CSE,5.74,81.33,70.04,1,3,1,1,47.07,7.96,7.79,7.1,5.53,2.07,4.36,No,0,6.59,6.2,53.76,1,8.11
STU05382,Female,IT,5.88,98.55,80.42,0,4,0,1,56.83,7.68,8.03,5.94,4.45,6.16,4.2,No,4,3.24,3.26,47.09,0,0.0
STU05383,Female,ECE,8.25,75.8,78.4,1,6,1,0,83.84,9.29,9.32,10.0,8.47,4.16,4.64,No,2,7.19,1.52,60.65,1,9.23
STU05384,Male,ECE,8.35,77.16,69.01,4,2,1,0,69.24,6.77,8.78,9.21,8.13,1.64,7.15,No,1,4.21,6.1,66.58,1,8.62
STU05385,Male,EEE,7.91,86.04,67.94,1,2,1,0,53.85,9.57,8.91,8.45,6.35,4.3,5.47,No,0,7.29,5.04,50.35,0,0.0
STU05386,Female,ECE,8.04,67.12,82.0,1,3,3,2,57.18,7.49,6.67,2.39,3.59,5.1,2.12,Yes,0,7.35,3.08,48.16,0,0.0
STU05387,Female,CIVIL,8.27,84.5,59.91,4,5,4,0,60.44,7.17,5.76,9.68,7.84,7.11,4.67,No,2,3.98,3.85,50.47,1,6.38
STU05388,Male,CSE,6.31,74.53,61.02,4,3,2,2,52.57,0.74,1.57,4.28,5.37,6.59,7.5,No,2,7.04,3.71,47.69,0,0.0
STU05389,Male,CSE,6.6,74.74,62.65,4,2,4,2,44.22,6.17,7.32,8.06,5.65,0.0,4.72,Yes,0,4.74,3.51,55.51,1,9.18
STU05390,Male,IT,6.32,90.47,77.17,1,4,0,0,66.31,3.66,2.6,4.15,4.41,3.09,8.5,No,0,2.87,8.55,46.54,0,0.0
STU05391,Male,ECE,5.31,79.28,63.99,1,0,2,1,67.39,6.86,6.66,3.21,4.1,4.3,6.28,No,3,7.11,2.34,43.72,0,0.0
STU05392,Female,CSE,5.35,78.12,78.88,0,4,0,0,97.71,5.4,3.72,6.18,5.08,5.35,4.7,Yes,2,7.0,2.45,53.88,0,0.0
STU05393,Female,CSE,5.73,75.93,73.76,0,6,1,1,54.75,5.67,6.01,3.54,5.02,7.62,6.69,Yes,0,5.45,2.46,45.02,0,0.0
STU05394,Female,ECE,6.97,84.21,78.69,1,3,1,0,31.27,2.83,4.41,7.41,6.28,6.51,2.03,No,1,6.53,7.02,39.91,0,0.0
STU05395,Male,CIVIL,6.39,96.29,74.67,2,5,1,2,78.91,7.03,6.93,6.05,5.51,5.34,7.99,No,3,4.41,3.57,36.64,0,0.0
STU05396,Female,ECE,8.63,83.77,65.61,2,4,2,2,62.04,5.97,6.35,4.55,4.97,8.99,5.23,No,0,5.57,6.31,44.87,0,0.0
STU05397,Male,CSE,6.49,75.46,62.03,1,3,5,0,50.91,5.64,4.57,6.58,7.2,4.54,5.31,No,1,5.05,7.4,56.89,1,10.27
STU05398,Female,CIVIL,8.62,99.2,80.89,1,0,0,2,62.78,5.78,5.65,4.01,3.65,8.75,5.26,No,0,6.61,6.75,27.88,0,0.0
STU05399,Female,CSE,8.83,74.2,81.14,1,0,3,1,57.78,6.31,4.95,8.01,5.3,2.38,0.0,No,1,4.95,7.46,49.4,0,0.0
STU05400,Male,EEE,5.5,83.6,76.21,0,2,0,0,60.37,6.43,5.67,4.91,5.73,4.18,6.42,Yes,0,5.49,7.91,37.22,0,0.0
STU05401,Male,IT,8.42,70.62,50.18,1,6,2,2,100.0,5.37,4.67,8.04,7.22,5.57,7.2,Yes,0,7.43,6.03,53.22,1,8.74
STU05402,Male,MECH,6.03,80.3,93.2,0,0,1,0,52.45,3.46,3.17,6.01,5.3,0.0,6.01,No,1,8.78,3.75,25.86,0,0.0
STU05403,Male,MECH,8.1,81.37,76.68,1,3,0,0,42.36,7.09,9.15,5.6,7.11,4.39,3.65,No,1,7.61,4.25,44.55,0,0.0
STU05404,Male,CSE,6.59,83.7,83.94,2,1,5,0,56.84,4.56,6.52,6.53,6.88,6.21,3.45,Yes,2,5.79,2.51,60.22,1,10.16
STU05405,Female,IT,8.07,71.09,90.93,1,3,2,0,53.07,4.81,6.79,6.6,7.15,5.98,4.12,Yes,0,2.55,2.35,61.88,1,9.25
STU05406,Female,CSE,5.45,78.89,67.31,0,5,2,1,68.15,9.35,9.11,4.6,6.11,2.4,5.1,No,1,6.04,9.25,52.41,1,9.15
STU05407,Female,CIVIL,7.52,72.98,82.88,0,2,1,0,57.67,4.05,3.3,3.72,3.6,9.81,5.21,No,0,4.92,5.08,29.94,0,0.0
STU05408,Male,EEE,7.06,77.59,67.53,4,0,4,0,74.69,5.74,6.82,5.58,5.59,6.65,6.6,No,3,5.96,4.6,57.74,0,0.0
STU05409,Male,MECH,6.85,83.77,70.73,0,3,3,2,60.31,4.13,4.83,6.67,5.28,6.94,4.42,Yes,2,3.62,1.26,32.51,0,0.0
STU05410,Female,CSE,5.87,89.69,73.95,1,4,3,0,51.58,7.65,8.14,8.28,7.05,2.53,5.06,No,0,3.29,6.02,68.69,1,10.37
STU05411,Female,CIVIL,8.69,78.25,94.33,1,5,0,0,87.58,5.49,3.15,4.72,5.61,5.61,8.64,Yes,0,2.93,9.5,46.83,0,0.0
STU05412,Male,EEE,7.92,82.13,74.82,3,1,1,0,65.78,6.2,4.82,3.99,4.26,5.67,1.79,Yes,1,4.48,5.65,51.65,0,0.0
STU05413,Male,IT,5.38,77.35,71.61,1,3,0,1,56.2,6.08,6.97,8.61,6.54,7.58,6.25,No,1,4.6,2.49,51.67,0,0.0
STU05414,Female,ECE,6.94,86.33,90.09,1,6,1,3,45.0,5.32,6.39,6.72,7.45,4.38,1.31,No,2,6.53,8.47,40.12,0,0.0
STU05415,Male,CSE,8.26,95.81,61.81,0,2,1,4,38.36,10.0,10.0,6.35,7.48,4.24,6.04,Yes,0,8.63,8.01,44.79,1,8.14
STU05416,Male,ECE,5.66,74.3,72.94,1,3,1,0,49.69,8.82,9.77,5.62,4.79,8.16,4.39,No,0,6.39,4.99,50.19,0,0.0
STU05417,Male,MECH,6.87,89.69,74.41,2,2,4,0,100.0,7.57,5.84,4.74,4.65,6.53,0.57,Yes,1,5.51,4.88,47.08,0,0.0
STU05418,Female,CSE,8.95,73.73,65.42,2,0,1,0,92.42,5.28,5.67,9.14,6.44,5.74,7.38,Yes,1,7.46,6.29,64.2,1,10.67
STU05419,Male,CSE,8.69,66.5,91.23,3,0,1,2,71.89,4.13,6.13,4.56,4.52,2.54,1.96,No,1,5.8,6.22,51.55,1,7.39
STU05420,Female,MECH,8.2,92.18,66.98,0,3,2,1,39.27,5.2,6.13,3.31,4.9,6.06,1.99,No,0,3.87,5.12,33.28,0,0.0
STU05421,Male,EEE,8.7,72.23,64.39,1,4,5,2,100.0,5.52,4.4,4.96,5.53,2.96,4.08,Yes,0,3.39,6.1,47.68,0,0.0
STU05422,Male,IT,6.32,63.36,64.29,1,1,3,2,68.28,4.77,4.87,2.62,3.15,6.62,6.23,No,0,5.31,3.1,41.31,0,0.0
STU05423,Male,CSE,8.45,61.97,72.53,1,0,3,0,57.56,6.25,4.42,6.17,6.81,4.93,1.26,Yes,2,4.79,0.0,56.03,1,10.22
STU05424,Female,CIVIL,6.41,67.94,83.86,0,4,2,0,89.83,5.1,5.12,5.14,4.57,4.37,5.68,No,2,6.49,1.14,42.27,0,0.0
STU05425,Male,ECE,6.71,78.49,51.46,2,2,0,0,40.05,3.51,2.73,5.11,6.43,0.34,1.16,No,2,3.73,7.62,38.41,0,0.0
STU05426,Male,CSE,5.93,59.81,76.84,1,0,1,1,100.0,4.31,2.86,5.69,6.33,4.64,4.32,No,2,6.84,10.0,45.11,0,0.0
STU05427,Female,EEE,7.47,80.89,80.05,0,4,1,0,51.22,5.52,7.61,8.1,7.18,2.44,3.15,Yes,2,6.72,3.55,49.25,0,0.0
STU05428,Male,ECE,7.38,66.58,71.27,1,5,1,0,38.61,3.03,3.21,6.69,6.54,5.55,6.32,Yes,1,7.98,4.87,52.1,0,0.0
STU05429,Female,CSE,5.07,80.6,57.43,3,1,1,0,63.52,9.41,8.59,7.86,7.96,3.83,9.57,Yes,0,6.03,1.75,66.27,1,10.55
STU05430,Male,ECE,6.84,74.62,82.22,0,4,0,2,56.36,7.15,6.51,9.24,8.53,6.72,6.48,Yes,1,7.11,3.52,41.48,0,0.0
STU05431,Female,CSE,6.43,82.09,63.69,1,5,1,4,71.03,6.11,4.62,7.4,6.03,4.43,0.98,Yes,0,4.09,5.7,45.92,0,0.0
STU05432,Male,ECE,8.57,83.47,91.15,3,6,5,0,61.08,3.13,4.62,4.58,5.8,2.72,5.99,Yes,1,5.42,5.38,54.86,1,8.58
STU05433,Female,EEE,6.58,83.42,51.47,1,2,1,1,62.59,10.0,10.0,7.61,6.68,4.54,7.72,Yes,2,9.37,2.96,47.33,0,0.0
STU05434,Male,ECE,7.67,91.6,66.96,2,3,1,0,54.28,5.62,5.97,4.57,5.94,2.49,7.2,Yes,0,6.74,3.01,49.19,1,7.03
STU05435,Male,ECE,8.01,95.82,69.48,0,0,5,0,60.83,5.04,5.46,7.64,6.46,3.33,7.59,No,0,5.69,1.34,48.45,0,0.0
STU05436,Male,CSE,6.15,72.73,76.18,1,4,3,1,58.13,8.42,8.31,8.69,8.08,1.99,0.28,Yes,0,3.62,9.73,63.4,1,9.79
STU05437,Male,CSE,7.25,64.11,76.84,0,6,3,0,50.72,7.47,8.11,6.43,7.09,6.36,6.18,No,1,4.08,3.3,62.93,1,9.36
STU05438,Male,IT,6.54,82.55,75.03,1,1,3,0,63.81,7.35,7.43,5.8,5.25,3.58,5.87,No,1,3.72,5.59,56.26,1,8.95
STU05439,Female,CSE,8.24,88.85,81.64,1,4,2,0,50.98,6.75,6.33,5.74,4.66,0.98,6.75,No,1,5.85,2.58,54.46,0,0.0
STU05440,Female,ECE,6.37,82.63,80.08,4,2,2,1,23.74,6.94,7.3,4.07,4.45,9.75,4.77,No,0,6.05,5.39,44.08,0,0.0
STU05441,Male,ECE,7.65,80.98,71.31,2,6,2,0,67.53,5.5,4.81,3.39,6.09,9.89,5.31,Yes,0,5.24,3.25,60.08,1,8.86
STU05442,Male,ECE,7.6,73.28,67.96,2,5,1,0,60.1,10.0,10.0,8.43,7.28,10.0,5.75,No,1,5.23,3.37,71.14,1,9.65
STU05443,Male,ECE,5.91,88.24,61.0,2,2,5,0,77.81,7.12,8.22,6.33,6.23,5.18,4.31,No,3,5.04,7.22,59.63,0,0.0
STU05444,Male,MECH,8.62,65.3,65.28,1,0,1,3,48.88,8.07,10.0,5.37,5.11,5.33,5.78,Yes,3,4.32,5.91,34.96,0,0.0
STU05445,Male,CSE,5.96,77.39,86.96,3,2,0,2,69.43,8.42,6.9,6.16,5.42,7.8,2.4,No,1,5.64,6.71,53.83,0,0.0
STU05446,Female,CIVIL,6.84,77.94,72.31,3,4,1,1,74.24,8.2,7.91,6.81,6.9,8.71,2.84,No,4,5.19,7.77,43.12,0,0.0
STU05447,Female,MECH,7.1,77.85,89.01,1,3,0,3,100.0,4.72,4.27,6.9,5.43,4.3,5.97,No,0,7.26,7.57,31.14,0,0.0
STU05448,Female,MECH,8.16,76.01,85.94,1,3,4,0,83.21,7.8,6.49,2.98,3.01,2.19,3.68,No,1,5.59,0.88,48.38,1,8.56
STU05449,Male,MECH,5.84,62.81,64.79,1,4,2,0,55.29,5.46,7.28,6.73,7.16,6.18,3.59,Yes,2,5.58,4.48,45.17,1,7.11
STU05450,Male,CSE,6.91,73.62,75.7,0,2,1,0,44.36,5.04,5.67,5.4,5.69,5.79,5.37,No,0,5.06,0.25,42.02,1,7.69
STU05451,Female,ECE,8.0,96.23,73.36,2,6,2,1,63.2,9.09,8.01,7.14,7.52,4.69,4.57,Yes,1,7.98,2.46,60.89,1,7.98
STU05452,Male,EEE,5.32,89.6,77.31,3,2,4,2,31.52,7.89,7.39,6.46,5.61,6.96,3.93,No,4,10.0,3.7,40.04,0,0.0
STU05453,Female,MECH,7.33,92.22,78.12,2,0,2,0,94.5,4.01,4.15,9.57,8.25,3.73,0.23,No,0,7.02,4.86,39.81,0,0.0
STU05454,Female,IT,6.86,80.88,84.87,3,3,3,0,62.61,6.69,5.49,7.2,5.85,0.2,6.13,Yes,3,6.6,6.26,71.5,1,10.41
STU05455,Male,IT,7.73,59.6,65.4,2,4,2,0,63.52,7.91,8.78,6.07,6.56,3.28,7.16,Yes,0,5.06,3.55,66.15,1,10.54
STU05456,Male,MECH,6.17,85.7,99.7,2,3,5,2,47.72,8.13,6.95,6.66,7.06,0.5,3.48,Yes,4,5.03,2.14,42.62,0,0.0
STU05457,Male,MECH,5.06,68.62,74.04,0,6,3,0,34.96,6.39,6.36,4.53,4.93,2.51,4.35,No,1,3.88,2.64,36.22,0,0.0
STU05458,Male,ECE,7.65,89.8,75.91,2,3,3,0,58.99,5.08,5.29,5.96,6.8,2.71,3.69,Yes,4,4.65,2.58,52.08,0,0.0
STU05459,Male,EEE,7.48,76.27,82.36,1,1,1,0,62.61,5.3,3.77,6.11,6.52,5.05,3.89,Yes,0,6.62,6.27,48.95,0,0.0
STU05460,Female,ECE,7.73,75.55,77.77,1,0,5,3,46.56,3.08,1.61,8.85,9.16,10.0,4.57,Yes,2,4.27,8.98,34.55,0,0.0
STU05461,Male,CIVIL,5.46,84.01,61.66,2,3,0,0,79.84,9.4,9.19,5.37,5.06,2.3,4.19,Yes,2,5.32,5.09,42.45,0,0.0
STU05462,Male,IT,5.68,81.51,71.36,3,6,4,2,94.3,5.92,7.66,7.2,6.29,9.5,9.69,No,1,4.82,7.34,65.73,1,10.16
STU05463,Male,IT,8.13,58.62,80.39,2,6,3,0,65.12,2.29,2.17,7.93,7.84,3.95,3.59,Yes,1,6.27,4.0,67.15,1,10.01
STU05464,Female,IT,7.14,73.9,82.78,1,5,2,3,92.71,8.59,9.75,7.63,8.58,5.77,3.14,Yes,3,6.37,6.57,57.72,1,9.6
STU05465,Female,ECE,8.54,70.21,83.87,4,5,1,0,84.78,5.0,6.48,4.14,5.71,9.71,2.11,Yes,1,6.55,10.0,61.65,1,8.2
STU05466,Female,CIVIL,7.52,77.16,85.13,4,6,2,2,42.83,7.1,8.99,5.0,5.13,3.52,3.1,Yes,1,2.33,5.23,47.71,0,0.0
STU05467,Male,CIVIL,6.4,85.19,64.51,1,1,4,1,98.4,2.83,1.4,5.96,5.5,6.76,3.99,Yes,1,7.66,8.65,39.7,0,0.0
STU05468,Male,CSE,7.79,75.22,69.31,1,5,3,2,62.28,6.21,6.2,4.21,4.74,7.24,2.46,Yes,2,5.96,7.42,59.13,1,9.95
STU05469,Male,CSE,6.53,60.57,76.96,0,5,2,0,49.67,5.45,7.73,3.12,6.3,5.42,6.41,Yes,3,2.78,3.76,53.28,0,0.0
STU05470,Male,IT,6.18,71.41,76.11,3,2,2,1,55.34,5.47,5.0,5.73,5.7,4.43,9.47,Yes,3,5.47,6.52,52.64,0,0.0
STU05471,Male,IT,8.36,62.85,67.13,3,3,3,0,79.31,4.87,5.17,6.96,6.87,5.11,6.43,Yes,2,8.06,5.28,70.56,1,11.47
STU05472,Male,IT,5.21,82.65,67.81,3,5,2,0,54.56,5.96,7.18,8.94,7.78,5.37,5.67,No,0,3.31,3.55,66.38,1,11.16
STU05473,Male,ECE,6.91,92.03,57.23,2,5,5,1,98.85,5.96,5.64,4.53,4.2,6.31,2.74,Yes,0,7.79,2.57,62.57,1,9.28
STU05474,Male,CSE,6.18,91.63,95.22,3,1,5,0,87.91,6.63,7.49,8.24,7.06,6.61,3.19,Yes,0,6.12,7.27,73.29,1,10.16
STU05475,Male,ECE,8.12,82.05,86.59,0,4,0,1,72.66,7.87,7.82,6.25,6.06,4.33,3.54,No,0,7.25,6.38,48.27,0,0.0
STU05476,Female,CSE,6.87,86.52,58.76,0,2,1,0,41.95,6.48,4.79,2.41,4.82,2.93,7.15,No,2,7.33,4.63,43.42,0,0.0
STU05477,Male,ECE,6.18,61.55,95.58,1,0,0,2,78.99,4.04,4.16,5.71,6.65,7.76,5.77,Yes,0,3.09,3.85,33.49,0,0.0
STU05478,Female,ECE,6.51,50.27,74.63,1,1,3,0,67.91,7.75,5.67,7.22,7.32,5.8,8.0,No,0,7.92,4.29,55.89,1,8.6
STU05479,Female,MECH,6.87,83.71,89.4,1,2,1,1,68.55,3.74,3.03,4.9,5.46,6.52,5.91,Yes,0,4.92,7.86,32.29,0,0.0
STU05480,Male,IT,7.6,70.4,78.26,0,4,4,3,35.17,0.3,0.0,7.3,7.52,6.66,6.18,Yes,0,7.81,0.0,36.64,0,0.0
STU05481,Female,CSE,7.45,56.89,86.91,0,2,2,0,51.23,8.8,9.85,7.64,5.86,6.0,4.06,Yes,0,5.54,4.14,61.67,1,9.0
STU05482,Male,ECE,7.49,74.39,85.87,0,2,1,0,56.52,9.9,10.0,6.76,7.06,7.28,3.39,Yes,2,6.1,10.0,50.81,0,0.0
STU05483,Male,ECE,4.87,85.06,89.1,3,1,0,4,65.88,2.29,0.86,9.3,7.6,3.58,0.82,Yes,1,6.36,2.85,25.0,0,0.0
STU05484,Female,ECE,6.32,77.02,100.0,2,3,3,0,58.37,5.51,5.59,5.92,6.1,4.66,8.62,No,1,6.56,5.35,44.71,0,0.0
STU05485,Male,CSE,7.89,76.58,85.34,1,2,2,0,70.99,8.1,9.24,5.29,5.53,4.67,8.18,No,2,6.47,3.86,58.84,0,0.0
STU05486,Male,ECE,5.73,82.2,78.58,1,4,1,0,84.65,6.23,6.13,6.79,5.37,7.03,6.83,Yes,1,4.38,3.97,54.09,0,0.0
STU05487,Male,CSE,7.0,83.48,82.77,0,1,4,0,60.8,5.48,5.87,6.56,5.43,7.56,1.85,Yes,0,3.14,8.6,58.4,1,9.59
STU05488,Male,CIVIL,6.82,77.36,62.5,2,0,3,1,47.68,7.22,7.01,6.11,5.06,2.13,4.24,No,0,6.58,0.0,36.33,0,0.0
STU05489,Female,EEE,7.04,82.6,71.39,2,3,2,1,53.52,5.43,4.72,3.37,6.23,2.23,5.08,No,1,6.19,8.03,41.66,0,0.0
STU05490,Female,ECE,7.97,70.95,77.36,0,2,2,2,66.9,5.24,6.36,5.53,6.16,7.8,5.19,Yes,2,7.02,6.37,38.13,0,0.0
STU05491,Male,ECE,9.67,60.11,69.79,1,5,1,4,92.98,8.19,7.25,5.0,5.51,6.59,5.98,No,4,5.19,4.1,46.23,0,0.0
STU05492,Female,IT,7.57,71.79,79.01,0,1,4,0,84.95,7.94,4.73,5.85,6.46,5.09,5.97,No,0,5.33,2.86,54.62,0,0.0
STU05493,Male,ECE,7.03,83.09,79.94,0,2,3,0,21.55,5.39,4.55,5.78,5.23,5.71,3.77,Yes,1,3.46,5.84,45.71,0,0.0
STU05494,Female,EEE,7.2,97.77,69.3,0,2,2,1,72.42,5.92,4.91,5.24,5.21,2.88,0.73,No,2,6.08,7.03,33.65,0,0.0
STU05495,Female,ECE,7.46,76.59,64.46,3,2,1,0,74.06,6.18,6.24,6.56,6.17,8.01,1.07,No,0,5.66,4.39,53.47,0,0.0
STU05496,Female,CIVIL,4.14,75.71,82.79,1,2,0,0,47.94,4.44,3.52,8.27,6.23,3.86,6.0,No,0,8.26,7.96,33.13,0,0.0
STU05497,Female,CSE,7.85,68.26,89.05,0,0,3,2,65.06,3.59,5.43,8.71,7.11,9.84,5.36,No,0,5.86,4.55,41.28,0,0.0
STU05498,Female,MECH,9.32,76.2,73.31,1,4,2,0,28.11,7.67,3.77,7.65,6.88,7.36,2.18,Yes,4,7.3,1.42,50.49,0,0.0
STU05499,Male,ECE,6.7,72.6,62.11,2,1,4,0,92.74,5.91,5.31,5.86,5.12,9.3,4.35,Yes,0,6.62,6.64,59.62,1,8.67
STU05500,Male,IT,8.33,59.72,100.0,1,4,1,0,71.25,1.43,2.74,7.14,7.93,3.38,6.33,No,0,8.28,3.34,56.59,1,9.42
STU05501,Male,CSE,6.89,82.64,70.04,1,1,1,0,52.43,5.23,5.3,6.82,6.9,5.83,3.18,Yes,2,4.41,3.4,50.18,1,9.24
STU05502,Male,EEE,8.55,80.76,79.06,1,6,5,0,81.13,6.4,5.67,6.12,5.47,5.77,2.67,Yes,0,7.24,4.1,59.52,1,8.06
STU05503,Male,CIVIL,8.03,84.74,58.05,1,3,2,1,64.45,4.45,3.2,6.62,6.64,8.44,3.08,Yes,1,4.71,3.28,45.09,1,7.58
STU05504,Male,ECE,6.63,91.1,77.91,1,0,0,0,45.1,6.14,6.13,4.84,6.28,5.6,6.4,No,4,6.34,6.01,37.74,0,0.0
STU05505,Male,CSE,7.53,80.34,72.27,1,1,4,1,57.93,5.06,4.11,6.86,6.75,4.38,4.62,No,0,6.06,8.25,45.41,0,0.0
STU05506,Female,CIVIL,6.15,76.55,86.62,2,4,3,0,69.02,6.38,5.16,6.95,6.07,5.23,5.46,Yes,3,6.2,5.77,43.98,0,0.0
STU05507,Female,ECE,6.09,70.15,88.97,2,5,0,0,49.96,6.19,6.72,7.97,7.31,2.88,3.74,Yes,2,9.53,6.74,57.19,0,0.0
STU05508,Female,EEE,7.39,80.12,60.16,3,4,3,0,65.78,6.63,7.12,5.36,3.72,6.0,4.42,No,0,3.94,8.55,51.73,0,0.0
STU05509,Female,IT,6.94,75.64,58.86,1,3,2,0,32.03,6.59,7.77,3.38,5.41,8.46,7.18,No,1,6.06,4.42,49.87,0,0.0
STU05510,Male,CIVIL,6.89,84.66,77.23,1,5,2,0,57.56,4.45,2.4,9.68,7.38,8.19,2.06,No,2,5.46,5.37,40.15,0,0.0
STU05511,Male,IT,6.87,71.66,78.41,1,5,2,4,69.05,3.75,4.4,5.24,5.21,5.32,4.59,No,3,4.39,3.71,36.72,0,0.0
STU05512,Male,ECE,6.43,76.02,74.9,2,3,0,1,49.57,4.79,4.5,7.81,6.64,5.41,1.81,Yes,2,2.71,8.9,48.45,0,0.0
STU05513,Female,CSE,7.04,71.66,74.65,3,3,1,1,49.42,3.34,4.88,4.9,5.2,4.25,7.23,No,3,3.81,8.48,46.64,0,0.0
STU05514,Female,IT,7.16,81.67,51.94,4,4,2,1,91.97,9.5,9.63,5.71,5.46,4.64,2.63,No,1,4.54,3.87,73.27,1,11.06
STU05515,Female,MECH,7.85,89.61,85.86,1,3,5,2,77.94,3.67,3.45,6.97,7.27,4.06,6.52,No,1,6.57,7.08,34.03,0,0.0
STU05516,Male,CIVIL,6.82,58.78,90.28,2,5,2,0,50.97,9.06,9.41,10.0,7.7,2.88,3.05,Yes,3,3.78,4.51,54.69,1,8.34
STU05517,Female,ECE,6.94,92.58,77.96,0,2,2,0,51.9,6.39,5.72,6.92,5.16,4.07,1.77,No,2,5.43,8.25,46.04,0,0.0
STU05518,Male,ECE,8.48,84.47,71.66,2,2,2,1,75.81,4.49,4.3,7.84,7.07,7.48,5.07,No,2,4.11,1.0,55.28,0,0.0
STU05519,Female,ECE,7.71,65.31,71.86,0,6,5,4,64.44,10.0,8.57,8.26,7.59,1.44,6.6,Yes,0,4.98,7.87,47.13,0,0.0
STU05520,Female,EEE,6.58,89.47,89.46,0,6,0,1,31.64,5.83,5.92,7.07,6.6,4.95,6.0,No,4,3.34,4.64,35.85,0,0.0
STU05521,Male,CSE,6.4,74.11,68.99,1,2,3,2,73.46,5.59,4.96,4.56,5.61,3.6,6.51,Yes,0,3.58,8.53,47.77,0,0.0
STU05522,Female,CSE,7.48,91.01,77.32,2,3,0,2,62.91,5.45,7.02,7.29,7.32,4.37,3.95,No,1,1.76,3.01,49.11,0,0.0
STU05523,Female,IT,8.93,73.89,73.71,2,2,0,2,73.12,4.22,4.63,5.11,5.67,1.1,4.47,Yes,0,7.85,2.55,48.06,0,0.0
STU05524,Female,ECE,5.39,90.16,86.28,0,1,5,1,66.89,6.29,6.78,5.8,6.4,2.7,0.42,No,4,7.0,5.45,38.01,0,0.0
STU05525,Male,CSE,8.41,71.38,95.39,2,4,1,3,20.49,9.88,9.53,7.67,7.66,5.24,9.76,Yes,0,7.52,3.43,61.57,1,9.56
STU05526,Female,CIVIL,8.42,80.1,61.36,1,2,3,0,48.31,6.66,4.73,3.76,5.12,5.23,2.49,Yes,0,8.45,2.97,43.07,0,0.0
STU05527,Female,CIVIL,9.46,72.12,71.7,1,2,2,0,43.18,4.99,6.47,6.15,4.85,5.8,10.0,Yes,1,6.63,3.62,42.83,1,6.97
STU05528,Male,EEE,7.77,86.33,66.07,2,5,1,1,41.55,7.5,8.34,5.26,5.63,5.02,2.68,No,3,6.69,7.27,49.43,0,0.0
STU05529,Female,ECE,8.57,100.0,75.44,3,5,3,0,57.35,5.14,5.14,6.91,5.96,7.22,4.02,No,1,7.0,2.41,57.62,0,0.0
STU05530,Female,ECE,5.42,73.5,81.48,2,5,4,2,33.11,2.5,2.77,4.29,5.12,3.43,4.71,No,2,6.0,1.86,40.1,0,0.0
STU05531,Female,CSE,8.17,78.74,83.3,3,3,1,1,77.65,6.25,6.14,7.34,7.07,4.26,6.0,No,3,2.88,6.18,63.52,1,10.36
STU05532,Male,IT,7.26,86.78,66.51,3,3,2,0,56.43,8.17,9.17,4.61,4.64,5.57,3.13,No,4,8.59,4.15,69.59,1,10.85
STU05533,Male,ECE,6.31,92.3,69.89,1,2,1,0,69.03,8.83,9.27,5.36,6.72,4.28,4.26,Yes,0,5.25,7.52,53.89,0,0.0
STU05534,Male,CSE,8.94,75.79,68.24,1,3,0,1,49.25,7.53,7.72,6.03,6.35,7.77,4.25,Yes,0,9.1,3.06,59.27,0,0.0
STU05535,Female,IT,7.78,54.38,67.32,2,4,2,0,33.47,5.37,6.01,5.54,6.19,4.57,5.39,Yes,2,3.15,4.28,62.35,1,9.5
STU05536,Female,CSE,6.05,61.43,69.98,0,2,4,1,70.69,6.2,5.22,3.71,4.5,8.03,3.88,No,0,5.57,3.37,45.39,0,0.0
STU05537,Male,CSE,6.87,78.56,73.32,1,2,2,0,48.83,7.8,6.49,6.74,5.9,7.0,7.19,No,3,1.5,3.85,59.13,0,0.0
STU05538,Male,EEE,9.19,93.61,94.04,2,5,1,2,47.34,7.45,8.98,8.2,6.24,2.17,5.12,No,0,3.93,4.45,49.71,0,0.0
STU05539,Female,ECE,7.25,100.0,68.17,3,4,3,0,71.13,6.54,9.86,6.86,6.8,3.61,4.07,Yes,3,6.69,4.59,65.51,1,7.89
STU05540,Male,CIVIL,6.74,81.78,92.02,1,4,2,1,48.79,4.82,5.45,3.88,4.07,4.33,5.3,Yes,0,3.46,0.28,33.64,0,0.0
STU05541,Male,CSE,6.75,74.28,76.96,3,0,2,0,93.92,5.67,5.77,5.68,6.25,7.34,2.5,No,1,4.64,4.99,60.78,1,9.64
STU05542,Male,MECH,7.33,64.56,70.35,0,3,3,1,68.16,4.24,2.61,6.01,5.92,9.13,4.23,Yes,1,5.79,4.75,40.87,0,0.0
STU05543,Male,CSE,7.33,58.06,63.77,3,4,0,0,68.35,0.43,0.49,3.02,3.53,6.27,5.95,Yes,2,4.96,5.27,54.14,1,9.08
STU05544,Male,EEE,8.05,82.73,81.05,1,4,2,1,94.13,3.94,4.32,5.78,5.62,3.89,6.83,No,0,7.25,5.72,46.57,0,0.0
STU05545,Female,ECE,7.5,73.94,69.02,1,1,4,0,27.55,3.34,1.65,5.99,6.46,6.28,2.88,Yes,0,7.2,7.6,44.99,0,0.0
STU05546,Male,CSE,6.66,79.84,84.57,2,3,0,0,54.9,6.4,5.46,7.19,7.61,0.0,3.82,Yes,0,7.71,5.51,56.5,0,0.0
STU05547,Male,IT,5.32,79.15,62.58,4,2,0,0,64.29,6.01,6.27,3.71,5.95,3.96,5.79,Yes,2,6.42,0.46,62.39,1,10.27
STU05548,Female,ECE,7.4,71.55,75.35,3,5,2,0,89.05,6.21,5.13,6.67,6.23,4.41,5.33,No,2,6.93,0.64,68.81,1,8.58
STU05549,Male,ECE,7.89,78.19,62.23,0,6,2,1,79.03,6.18,6.92,3.2,4.07,4.19,1.1,No,0,5.24,5.64,43.65,0,0.0
STU05550,Female,IT,7.94,71.15,77.68,2,1,0,0,53.77,7.94,7.93,4.56,4.89,1.9,7.99,No,1,6.72,4.06,56.57,1,10.85
STU05551,Female,IT,8.36,79.45,86.9,1,4,0,3,53.08,4.28,5.3,8.14,8.1,2.67,5.46,Yes,2,1.97,6.39,48.9,0,0.0
STU05552,Male,IT,8.73,69.76,72.81,2,2,1,2,54.3,4.64,3.34,5.76,6.59,5.14,3.03,No,2,3.87,3.29,46.45,1,8.68
STU05553,Female,IT,8.98,72.98,82.8,2,2,2,1,28.18,5.41,6.48,5.53,6.31,2.36,0.62,No,3,5.54,0.0,55.0,1,9.17
STU05554,Female,MECH,8.3,74.06,68.25,0,3,5,0,89.05,7.86,7.76,5.79,6.61,5.34,7.02,Yes,0,8.11,0.87,49.65,0,0.0
STU05555,Female,CIVIL,10.0,91.82,88.31,0,1,4,1,30.33,5.08,3.3,6.94,5.0,4.75,6.18,Yes,0,6.08,5.64,33.3,0,0.0
STU05556,Male,CSE,6.39,98.14,73.18,0,5,2,1,46.99,5.89,8.16,5.48,6.09,7.77,2.51,Yes,2,6.52,8.78,54.99,1,9.37
STU05557,Male,ECE,6.47,72.61,83.16,0,4,1,0,42.44,4.29,1.22,2.37,4.29,9.94,5.51,No,3,5.85,5.34,30.98,0,0.0
STU05558,Male,EEE,8.05,77.68,58.04,0,1,2,0,43.23,9.29,9.78,5.36,5.86,5.62,5.99,Yes,0,4.83,5.11,47.46,0,0.0
STU05559,Female,IT,8.81,93.84,100.0,1,2,3,1,64.45,6.34,5.42,8.31,8.15,7.01,2.01,Yes,0,5.93,1.38,58.17,0,0.0
STU05560,Male,MECH,6.17,76.74,81.29,0,5,3,1,63.37,7.32,5.6,6.14,5.38,5.55,6.84,Yes,2,5.04,5.72,42.33,0,0.0
STU05561,Female,CSE,7.38,74.61,60.31,3,6,1,3,100.0,5.45,4.66,8.45,6.87,6.18,4.73,No,3,5.01,2.74,60.33,0,0.0
STU05562,Male,MECH,9.27,68.04,75.1,1,4,4,1,83.63,5.34,3.63,6.85,6.31,5.32,2.93,No,1,8.93,3.28,47.91,0,0.0
STU05563,Male,IT,6.72,89.13,89.24,1,3,4,2,75.7,6.07,3.79,5.53,5.4,4.27,6.71,Yes,1,8.72,4.3,47.96,0,0.0
STU05564,Female,IT,5.76,77.96,84.3,1,5,3,0,68.93,7.17,6.97,7.32,6.57,3.46,4.61,Yes,4,3.93,4.08,61.57,1,9.84
STU05565,Male,MECH,6.38,67.24,79.82,3,3,3,0,59.98,6.38,4.8,7.33,7.03,5.1,7.12,Yes,1,6.69,3.54,48.08,0,0.0
STU05566,Male,CSE,7.6,75.82,74.35,1,4,0,1,74.8,6.47,5.03,5.85,5.14,8.92,5.95,Yes,0,3.5,7.07,61.26,1,9.42
STU05567,Female,CSE,7.64,83.02,75.18,1,4,1,2,78.73,5.5,6.32,3.47,5.27,6.96,5.63,No,2,1.37,2.26,53.25,0,0.0
STU05568,Female,CSE,6.13,53.42,81.44,1,3,1,4,56.01,4.04,5.65,7.99,7.16,0.79,6.79,Yes,1,6.36,3.94,40.71,0,0.0
STU05569,Female,IT,6.7,66.88,67.81,3,3,4,4,36.18,3.76,3.83,3.71,4.3,3.78,4.17,Yes,0,8.29,3.61,38.42,0,0.0
STU05570,Female,MECH,7.18,78.76,76.73,0,4,3,0,50.07,4.58,5.62,5.19,5.46,1.61,3.63,No,0,2.79,7.07,40.89,0,0.0
STU05571,Female,CSE,6.26,77.33,87.74,0,3,0,2,36.79,5.33,4.58,7.04,7.31,8.57,6.02,No,2,3.77,3.1,36.95,0,0.0
STU05572,Female,CSE,7.32,69.0,73.36,3,2,1,1,79.06,3.92,5.87,10.0,7.36,4.63,7.14,No,2,5.77,1.61,59.19,1,9.12
STU05573,Female,MECH,5.0,73.65,77.27,0,4,1,2,74.07,9.42,9.85,6.1,6.07,3.59,6.68,No,1,5.88,3.14,36.36,0,0.0
STU05574,Male,CSE,6.47,70.56,82.44,0,0,3,3,75.35,4.91,4.15,7.14,5.98,7.84,4.8,Yes,2,7.4,5.49,33.43,0,0.0
STU05575,Male,CSE,6.85,89.79,69.57,2,3,2,0,47.32,7.63,8.62,7.67,7.35,6.49,4.46,Yes,0,5.99,5.22,64.51,1,9.65
STU05576,Female,IT,7.42,80.97,74.1,0,3,5,1,31.99,9.51,8.63,9.36,8.39,5.86,3.8,No,4,5.16,3.54,55.56,0,0.0
STU05577,Male,CSE,8.42,79.27,71.81,1,3,3,0,98.55,6.43,5.97,4.22,4.5,5.39,5.69,Yes,4,4.19,4.94,69.33,1,10.26
STU05578,Female,IT,7.66,84.11,72.77,2,4,2,1,63.48,8.4,6.49,3.13,5.82,7.3,2.65,No,1,6.83,3.99,55.0,1,8.98
STU05579,Male,CSE,8.01,92.57,82.03,0,3,5,1,50.46,6.26,6.24,6.75,7.53,5.52,6.12,No,0,0.0,3.6,50.18,0,0.0
STU05580,Female,ECE,5.91,71.99,61.7,0,0,0,0,56.19,6.78,6.58,4.37,5.15,4.21,3.31,No,1,5.26,7.55,36.04,0,0.0
STU05581,Female,IT,7.71,85.43,62.94,1,2,3,3,63.46,7.62,6.76,8.76,7.93,2.84,2.86,No,3,3.76,3.6,48.61,0,0.0
STU05582,Female,EEE,9.61,91.77,75.55,0,4,2,0,95.13,4.17,3.52,5.68,6.42,4.71,1.21,No,1,5.65,4.29,46.03,1,7.2
STU05583,Male,CSE,7.04,94.96,75.64,1,4,0,0,49.98,10.0,9.25,4.67,6.49,4.6,1.93,Yes,2,4.89,6.71,63.96,0,0.0
STU05584,Male,CIVIL,6.38,96.43,58.25,2,3,2,1,67.89,6.19,3.86,5.32,6.43,2.62,7.68,Yes,4,5.31,4.35,42.45,0,0.0
STU05585,Female,CIVIL,7.42,58.16,96.21,0,4,0,0,63.42,4.84,7.79,5.88,5.44,4.29,0.0,No,1,3.86,5.61,38.01,0,0.0
STU05586,Male,ECE,4.0,73.51,77.41,0,4,1,0,29.43,6.94,7.0,7.72,5.06,7.6,4.33,Yes,2,4.77,3.91,41.45,0,0.0
STU05587,Male,CSE,6.6,100.0,77.7,0,1,4,0,76.17,7.79,8.04,6.5,6.77,5.69,5.55,No,3,5.32,3.88,51.38,1,8.26
STU05588,Male,CSE,7.37,69.28,69.73,1,1,0,0,72.45,3.55,3.11,5.9,5.29,7.34,9.06,Yes,1,7.41,5.03,49.72,1,8.38
STU05589,Male,ECE,7.93,65.23,80.01,1,4,1,1,68.75,6.76,7.15,5.64,6.26,7.77,3.67,No,3,4.85,10.0,44.0,0,0.0
STU05590,Female,ECE,8.49,85.43,92.94,3,1,5,0,75.87,5.11,7.18,3.56,3.96,6.05,6.75,Yes,2,5.15,3.93,60.54,1,9.4
STU05591,Male,CSE,5.78,92.5,80.94,0,4,2,0,38.93,6.29,7.38,5.05,3.94,3.53,2.53,No,0,10.0,6.59,44.47,0,0.0
STU05592,Male,CSE,8.21,81.77,74.62,2,1,3,0,68.78,6.33,6.56,6.64,5.72,5.71,7.75,No,0,7.93,8.74,64.11,1,9.86
STU05593,Male,EEE,6.37,82.71,64.78,2,2,0,0,64.12,4.72,4.02,5.72,6.59,5.41,4.62,No,0,4.42,3.17,41.43,0,0.0
STU05594,Male,IT,6.56,78.25,58.26,2,1,0,0,37.85,5.95,4.34,3.5,5.87,6.96,3.61,No,1,9.03,5.35,46.89,0,0.0
STU05595,Female,ECE,7.4,84.81,78.33,1,5,2,2,64.14,3.38,3.95,5.19,4.8,4.08,1.63,No,3,5.93,2.26,41.82,0,0.0
STU05596,Male,ECE,9.44,74.74,58.03,2,3,1,0,57.16,5.84,5.41,7.32,6.93,6.81,5.25,No,0,6.65,6.11,63.51,1,9.16
STU05597,Female,ECE,6.04,74.96,67.72,2,3,2,1,58.23,6.07,7.22,7.35,8.46,10.0,4.31,Yes,4,1.86,0.0,54.53,1,8.56
STU05598,Male,IT,6.13,83.84,69.07,0,0,4,0,55.33,5.23,5.44,6.98,5.81,6.52,7.21,No,0,6.07,8.95,43.74,0,0.0
STU05599,Female,IT,7.67,88.41,79.98,3,0,1,0,79.84,3.53,2.74,4.8,4.61,6.91,1.34,No,0,5.05,2.51,54.24,1,8.94
STU05600,Male,MECH,8.36,74.47,80.62,3,2,5,2,51.34,6.49,5.03,5.83,4.68,10.0,5.26,No,1,4.03,5.14,43.05,0,0.0
STU05601,Female,MECH,7.25,84.69,77.49,2,2,1,0,57.13,5.37,4.36,7.13,6.15,7.04,1.39,Yes,3,4.14,3.26,49.19,0,0.0
STU05602,Female,ECE,9.12,94.3,71.14,3,3,0,3,77.65,5.63,7.48,3.32,5.41,2.61,5.37,Yes,1,3.51,4.04,50.35,1,8.05
STU05603,Female,IT,7.48,67.65,72.98,1,1,1,3,69.42,6.25,6.0,6.64,7.1,8.58,3.84,Yes,2,9.86,6.87,40.79,0,0.0
STU05604,Male,EEE,8.84,67.33,60.85,0,1,3,0,59.99,5.56,5.2,6.51,6.06,3.15,4.78,Yes,0,5.51,4.5,45.28,0,0.0
STU05605,Male,IT,5.97,73.67,70.72,1,1,3,0,66.73,4.06,5.11,5.8,5.38,8.85,4.04,Yes,3,5.09,6.38,54.25,0,0.0
STU05606,Female,IT,6.37,77.82,44.2,2,1,4,1,67.94,6.2,5.12,6.76,7.66,2.16,4.17,Yes,2,3.69,3.73,56.04,1,9.42
STU05607,Male,CIVIL,8.49,91.09,76.62,4,5,0,4,37.59,3.86,3.72,9.28,6.19,6.44,5.53,Yes,0,6.53,4.91,27.42,0,0.0
STU05608,Male,CSE,5.94,76.63,54.96,2,1,5,3,43.21,7.5,8.27,6.53,6.03,6.07,4.56,Yes,2,5.61,8.58,43.12,0,0.0
STU05609,Female,CIVIL,5.32,62.29,72.7,1,1,4,2,54.69,6.53,3.28,8.33,7.73,2.94,5.33,No,3,7.02,3.64,28.4,0,0.0
STU05610,Male,IT,7.15,62.68,75.8,1,1,3,2,91.21,4.01,4.02,7.48,5.96,5.56,2.52,Yes,0,5.03,2.08,44.61,0,0.0
STU05611,Female,IT,8.84,81.59,64.75,3,5,4,3,66.71,6.66,6.67,3.79,4.2,2.72,4.89,Yes,1,3.72,2.93,71.78,0,0.0
STU05612,Female,EEE,7.4,68.36,93.6,2,5,3,4,64.68,4.55,6.22,1.34,3.77,7.58,5.39,Yes,2,5.65,5.48,33.6,0,0.0
STU05613,Male,EEE,8.77,78.89,71.4,4,4,4,0,12.11,7.02,5.86,6.84,7.86,4.25,2.66,Yes,2,5.64,7.57,60.53,1,8.74
STU05614,Male,EEE,8.69,83.87,82.64,3,6,1,0,75.81,6.75,7.39,9.33,6.77,5.81,3.8,Yes,1,4.65,0.79,65.82,1,7.92
STU05615,Female,CSE,8.25,67.43,68.69,2,5,0,3,46.46,4.9,6.04,2.96,3.59,5.8,5.24,No,2,6.71,0.65,47.41,0,0.0
STU05616,Female,CIVIL,7.52,72.29,61.21,1,1,1,3,82.35,3.85,3.18,6.24,4.73,3.49,4.88,Yes,0,4.85,8.89,26.31,0,0.0
STU05617,Male,ECE,6.38,69.64,84.02,0,3,0,3,44.91,2.21,2.33,4.9,5.17,8.46,7.0,Yes,4,4.81,4.75,20.56,0,0.0
STU05618,Male,CIVIL,7.38,83.04,97.47,0,4,1,2,72.9,5.55,7.05,3.71,4.67,3.76,5.35,Yes,0,6.11,6.51,34.55,0,0.0
STU05619,Female,MECH,7.94,58.11,65.38,0,3,2,0,51.48,6.83,8.32,2.82,4.47,5.14,2.26,Yes,1,0.99,5.48,38.9,0,0.0
STU05620,Male,CSE,7.16,72.62,87.22,0,6,5,2,79.58,4.17,5.9,7.55,6.6,6.88,4.17,Yes,1,8.9,2.2,54.13,0,0.0
STU05621,Male,IT,7.65,94.96,71.06,1,3,2,1,93.83,6.84,9.19,6.25,6.7,6.78,3.19,Yes,3,6.86,2.59,61.93,1,10.39
STU05622,Male,IT,7.33,88.31,77.04,0,4,1,0,40.17,6.05,5.71,7.95,7.2,5.52,2.43,No,1,5.3,3.91,49.46,1,8.72
STU05623,Male,EEE,6.73,70.4,68.74,0,5,2,0,64.73,8.81,7.75,3.56,4.14,7.47,7.43,No,3,5.7,5.15,54.01,0,0.0
STU05624,Female,CIVIL,6.49,67.09,87.4,1,4,0,1,49.46,4.11,3.28,4.97,5.72,5.75,5.4,Yes,1,6.49,3.89,35.36,0,0.0
STU05625,Female,IT,7.19,89.13,88.57,0,5,2,0,30.31,6.76,5.26,6.81,6.08,6.38,3.95,No,0,5.35,7.12,56.66,1,10.05
STU05626,Female,CSE,7.15,94.44,80.91,1,5,1,2,85.03,6.79,5.7,3.49,4.35,5.2,6.99,Yes,1,5.66,8.84,59.38,1,10.04
STU05627,Male,EEE,6.47,88.55,75.18,0,4,1,0,51.2,3.05,2.37,6.83,6.08,7.37,4.17,No,1,3.67,2.95,30.2,0,0.0
STU05628,Female,CSE,8.23,95.28,60.78,0,0,0,0,43.64,6.81,6.17,6.62,6.02,6.7,4.84,No,1,5.33,10.0,51.24,1,9.17
STU05629,Female,CIVIL,7.3,86.31,67.05,3,3,1,1,40.71,7.69,7.71,8.26,6.01,8.07,4.87,Yes,2,6.72,3.76,44.6,0,0.0
STU05630,Female,EEE,7.02,90.35,88.36,3,2,2,0,48.5,4.68,3.91,7.15,6.91,4.72,1.53,Yes,0,6.71,2.42,51.21,0,0.0
STU05631,Male,CIVIL,7.86,75.86,90.4,1,2,2,1,47.44,8.19,7.88,7.54,4.99,4.61,6.45,No,1,2.74,6.36,39.25,0,0.0
STU05632,Female,ECE,7.05,79.36,60.4,3,4,4,0,40.67,6.79,6.98,5.89,7.0,3.75,4.94,No,0,5.64,5.69,65.31,1,9.33
STU05633,Male,EEE,6.43,63.65,91.73,3,2,3,1,44.16,6.58,7.42,4.08,4.73,5.94,4.04,No,1,1.56,7.77,47.36,0,0.0
STU05634,Male,IT,8.66,89.68,78.87,4,0,4,3,67.65,7.6,8.07,6.74,5.33,2.57,4.64,Yes,1,6.33,6.59,57.9,1,9.31
STU05635,Male,CIVIL,6.63,72.52,73.37,0,1,1,1,87.19,7.13,7.95,6.39,5.92,5.59,4.35,Yes,3,7.45,4.15,35.41,0,0.0
STU05636,Male,CIVIL,8.05,78.38,65.29,1,2,5,0,49.78,6.16,6.28,5.28,5.69,10.0,3.16,Yes,2,5.12,0.61,43.51,0,0.0
STU05637,Male,IT,6.38,84.31,80.03,2,1,1,0,80.72,6.05,6.17,7.77,7.21,5.3,9.6,Yes,0,3.73,7.07,60.68,1,9.95
STU05638,Male,IT,6.14,72.93,68.24,0,4,0,0,67.51,7.68,9.06,7.72,6.6,5.44,7.06,Yes,2,5.09,5.36,60.39,1,9.89
STU05639,Male,CSE,8.09,85.28,65.08,4,0,2,1,56.01,10.0,10.0,10.0,7.42,10.0,2.3,Yes,1,5.6,6.42,70.69,1,10.74
STU05640,Female,CSE,6.08,69.1,81.8,2,6,1,0,60.46,8.1,9.22,6.99,6.12,4.89,8.94,No,2,7.45,9.82,68.52,1,10.39
STU05641,Male,CSE,6.37,85.26,91.44,1,0,1,0,51.26,6.46,6.07,3.55,4.19,5.15,8.16,No,3,5.34,5.59,45.54,0,0.0
STU05642,Male,CIVIL,5.28,69.61,89.86,0,0,0,0,43.98,8.69,6.91,7.83,6.23,3.5,5.33,Yes,2,3.83,7.5,37.61,0,0.0
STU05643,Female,CIVIL,5.21,74.49,80.88,2,1,5,0,54.09,4.62,1.58,4.4,6.25,5.74,4.34,Yes,2,7.39,6.08,40.04,0,0.0
STU05644,Female,MECH,7.73,71.59,86.45,0,3,2,0,57.74,7.36,6.83,5.33,4.84,2.42,4.47,Yes,1,6.73,4.87,38.1,0,0.0
STU05645,Female,EEE,7.13,80.48,80.59,2,3,3,0,42.88,6.0,5.61,9.52,7.4,4.41,5.09,Yes,1,4.46,7.06,54.34,1,8.02
STU05646,Female,MECH,5.75,82.3,60.5,0,2,3,0,71.28,4.45,3.4,8.5,6.52,6.07,4.27,Yes,1,7.43,6.71,39.25,0,0.0
STU05647,Female,EEE,6.01,92.77,65.9,1,3,2,1,69.25,4.02,2.2,2.51,4.77,7.18,6.73,Yes,1,6.42,1.08,35.78,0,0.0
STU05648,Female,IT,8.87,81.0,77.25,0,2,5,0,47.36,5.8,7.09,4.49,4.98,6.45,9.51,No,3,5.26,5.23,53.86,0,0.0
STU05649,Female,CIVIL,6.51,57.89,51.38,0,1,1,1,61.98,5.04,3.06,5.53,4.98,3.95,4.07,No,2,9.37,6.07,25.72,0,0.0
STU05650,Male,MECH,7.87,65.6,51.58,3,0,1,1,60.67,5.97,4.37,3.8,3.99,7.91,0.0,Yes,1,2.78,7.53,39.96,0,0.0
STU05651,Male,MECH,7.56,88.77,76.61,0,6,4,0,55.42,7.94,9.93,7.94,7.31,7.63,3.87,Yes,0,7.03,3.99,57.45,0,0.0
STU05652,Male,ECE,8.06,100.0,57.85,1,0,3,0,54.65,4.9,5.68,7.48,6.6,7.42,5.11,Yes,4,2.96,4.93,56.84,0,0.0
STU05653,Male,ECE,7.34,77.01,74.32,0,2,1,2,88.21,6.1,6.8,6.95,6.95,3.48,7.82,No,3,6.37,0.0,40.46,1,7.43
STU05654,Male,EEE,8.24,68.73,83.39,1,1,2,2,46.88,2.23,2.04,7.47,7.5,8.55,5.02,Yes,0,6.44,1.73,34.54,0,0.0
STU05655,Male,MECH,6.97,92.5,78.51,0,0,1,0,63.34,5.81,6.3,9.36,6.93,8.31,6.35,Yes,0,7.88,6.23,42.34,0,0.0
STU05656,Male,IT,6.8,70.48,66.27,2,2,1,0,62.24,5.05,5.82,6.44,5.87,9.66,5.77,Yes,2,5.57,3.43,63.51,1,9.36
STU05657,Male,CSE,5.62,83.43,90.88,2,6,1,0,82.91,3.86,1.96,5.06,6.12,6.02,7.4,Yes,3,3.64,0.73,64.8,1,11.27
STU05658,Female,ECE,7.45,77.49,66.63,1,5,0,0,61.45,7.33,8.12,9.54,7.72,4.09,5.48,No,3,7.03,5.82,53.56,0,0.0
STU05659,Female,EEE,6.16,75.41,78.36,1,4,2,0,58.44,3.26,3.37,4.63,4.65,6.98,1.01,No,1,3.56,4.89,47.06,0,0.0
STU05660,Male,IT,8.54,79.83,85.74,2,2,1,0,27.44,4.56,2.94,3.84,4.53,4.31,3.3,No,1,6.48,5.89,45.47,0,0.0
STU05661,Female,CSE,9.0,91.5,62.99,0,2,3,2,41.63,6.46,6.08,6.66,6.06,4.58,4.63,No,2,3.6,4.6,45.79,1,8.29
STU05662,Male,MECH,6.36,73.63,86.02,2,5,0,0,51.86,8.98,9.88,8.4,6.03,7.18,7.12,Yes,1,9.45,7.24,60.58,1,7.52
STU05663,Male,MECH,5.97,88.85,65.31,0,6,1,1,45.71,4.6,6.32,6.85,6.96,4.4,2.03,No,0,5.24,3.76,31.27,0,0.0
STU05664,Female,ECE,6.98,91.04,80.96,1,4,3,2,80.34,4.81,5.49,6.2,6.26,3.71,6.43,No,0,6.03,8.48,48.1,0,0.0
STU05665,Male,ECE,6.79,68.43,67.43,0,1,2,0,100.0,5.53,3.48,8.78,5.56,3.41,4.29,Yes,2,4.27,5.36,47.07,0,0.0
STU05666,Female,EEE,5.72,95.52,73.02,0,2,0,1,58.76,7.14,5.82,4.68,5.37,4.8,2.65,Yes,1,8.0,2.97,30.26,0,0.0
STU05667,Female,ECE,8.52,78.8,73.08,2,1,0,1,52.07,1.52,1.19,8.62,7.02,0.0,6.06,Yes,4,5.02,2.95,32.83,0,0.0
STU05668,Male,MECH,7.62,76.2,40.48,1,2,5,0,72.31,5.25,6.33,7.17,5.89,9.39,0.61,No,4,6.6,2.46,45.35,1,7.26
STU05669,Male,CSE,8.01,74.38,70.56,2,2,1,0,58.11,3.85,3.75,5.27,5.3,6.83,5.68,Yes,3,7.57,9.02,57.28,1,8.64
STU05670,Male,CSE,6.26,72.39,72.39,4,1,3,0,89.06,4.0,2.8,5.29,6.46,5.22,4.31,Yes,1,6.68,3.4,60.01,1,10.12
STU05671,Female,MECH,6.97,69.55,59.3,0,2,5,1,51.6,7.46,9.51,3.57,4.04,4.88,3.24,Yes,0,6.2,8.22,42.72,0,0.0
STU05672,Female,EEE,6.79,79.57,71.17,1,2,2,0,43.64,5.42,5.36,8.51,6.44,9.45,5.05,No,4,4.56,4.29,42.26,0,0.0
STU05673,Male,EEE,6.49,77.07,78.25,2,4,2,0,57.37,7.5,7.45,6.29,6.22,6.3,5.02,No,1,7.77,5.98,53.58,1,8.57
STU05674,Male,IT,7.08,66.45,82.74,1,0,5,3,73.57,4.02,4.87,5.94,5.97,5.9,1.48,Yes,4,7.58,2.88,43.48,0,0.0
STU05675,Male,EEE,8.72,77.77,78.66,2,2,2,0,64.52,7.99,6.98,5.47,3.84,3.55,8.85,Yes,1,8.1,4.47,52.7,0,0.0
STU05676,Male,CSE,7.36,89.19,86.71,1,3,4,0,21.65,3.9,3.24,7.76,5.94,4.44,6.21,Yes,0,6.52,3.49,62.59,1,9.52
STU05677,Female,MECH,7.65,86.34,87.92,1,1,1,0,77.84,5.83,6.86,5.96,6.54,4.23,2.44,Yes,0,6.45,2.21,40.52,1,6.44
STU05678,Male,EEE,7.42,75.86,90.63,0,5,5,0,93.58,4.07,5.66,7.55,7.27,6.81,3.12,No,2,7.25,5.43,53.57,0,0.0
STU05679,Female,CIVIL,7.68,75.89,55.75,0,4,2,1,56.98,6.31,6.08,5.67,7.25,8.15,1.69,No,1,7.05,2.79,35.26,0,0.0
STU05680,Female,IT,6.87,83.49,81.31,1,5,1,0,48.21,9.64,8.28,5.16,4.23,6.06,4.14,No,0,4.74,7.24,60.39,1,9.44
STU05681,Male,EEE,5.74,75.0,77.17,1,1,5,0,51.89,6.98,6.1,5.52,5.95,1.05,6.62,Yes,1,3.17,8.26,49.42,0,0.0
STU05682,Male,IT,7.57,93.48,81.42,1,2,0,0,64.16,2.69,1.98,5.04,5.54,5.43,5.07,No,1,10.0,6.42,47.96,1,8.61
STU05683,Female,CSE,6.8,82.59,88.33,0,2,1,1,83.41,3.77,4.04,5.69,5.76,5.0,4.83,No,2,5.38,6.29,43.12,0,0.0
STU05684,Male,ECE,7.16,77.51,57.06,0,1,1,0,87.24,5.98,5.85,7.23,6.52,4.07,4.43,No,3,4.6,10.0,44.51,1,7.34
STU05685,Female,CSE,9.69,90.6,76.94,1,2,0,1,98.46,4.88,4.26,7.82,7.41,5.92,5.99,Yes,1,4.84,9.46,55.49,1,9.61
STU05686,Male,IT,7.18,78.58,73.59,1,3,5,0,55.78,6.64,9.11,5.23,5.99,7.1,4.78,No,1,5.55,4.92,60.99,1,9.95
STU05687,Male,IT,6.3,82.38,73.74,0,5,4,1,75.09,3.45,2.39,6.9,5.89,7.8,7.89,No,1,7.83,4.79,55.39,0,0.0
STU05688,Male,ECE,6.76,77.0,79.35,1,3,0,3,80.62,8.16,8.6,3.8,5.57,9.17,3.53,No,1,5.53,4.72,32.82,0,0.0
STU05689,Male,IT,6.55,75.38,72.4,1,1,4,0,95.23,6.9,9.66,6.52,5.63,3.94,4.84,Yes,3,4.19,5.74,61.46,1,9.48
STU05690,Male,CSE,7.61,71.68,81.79,0,3,1,1,45.74,7.47,5.5,5.59,5.86,9.43,5.17,No,0,5.26,6.18,48.0,0,0.0
STU05691,Female,MECH,5.44,77.32,75.06,3,3,3,0,40.22,7.48,6.87,7.12,5.1,9.13,6.09,No,0,6.13,3.26,43.55,0,0.0
STU05692,Male,MECH,8.22,83.12,82.17,0,4,0,0,68.0,4.98,4.81,6.71,4.28,10.0,5.42,No,4,3.54,3.8,40.98,0,0.0
STU05693,Male,ECE,6.82,76.55,56.18,3,1,5,2,43.85,9.87,9.33,5.98,6.28,5.07,6.05,No,1,1.25,2.12,50.23,0,0.0
STU05694,Male,CSE,7.52,97.02,79.86,0,4,1,1,81.7,6.2,5.91,8.14,7.33,8.39,3.99,Yes,0,4.94,2.33,57.53,0,0.0
STU05695,Female,CSE,6.26,75.5,86.82,1,1,2,1,59.89,2.77,3.03,8.32,7.27,2.06,1.48,Yes,1,3.33,1.74,43.78,1,7.82
STU05696,Female,IT,7.31,74.43,57.08,1,1,3,2,41.65,4.0,5.2,6.68,5.79,3.51,3.0,Yes,4,2.61,2.39,43.37,0,0.0
STU05697,Male,MECH,7.27,72.38,88.53,1,2,2,0,55.03,8.07,9.2,5.4,6.26,3.56,6.84,Yes,1,2.13,8.97,48.79,0,0.0
STU05698,Female,IT,7.91,71.3,75.24,1,3,2,2,59.54,4.86,3.85,3.68,5.19,7.24,6.79,No,2,5.64,3.94,42.17,1,7.84
STU05699,Female,CIVIL,5.86,67.78,62.89,1,5,1,0,66.0,6.59,6.0,4.37,3.16,3.22,4.42,Yes,2,4.88,8.44,45.81,0,0.0
STU05700,Female,IT,6.6,55.73,57.9,0,2,4,3,41.78,4.78,2.53,6.54,8.06,6.92,6.29,Yes,2,7.54,7.25,38.15,0,0.0
STU05701,Male,ECE,7.1,88.05,78.09,0,1,3,0,79.16,9.25,8.32,6.64,7.41,5.81,5.32,No,0,3.73,8.45,44.38,0,0.0
STU05702,Male,ECE,5.86,57.45,72.1,3,4,4,0,60.29,6.45,7.3,5.11,6.08,4.77,8.68,Yes,1,4.29,2.28,59.57,1,8.51
STU05703,Male,MECH,8.03,71.01,78.16,4,4,2,2,53.89,9.16,10.0,9.56,8.73,7.1,7.98,Yes,1,4.44,3.39,52.33,0,0.0
STU05704,Male,CIVIL,6.6,64.91,59.96,1,4,1,1,15.97,2.75,0.0,5.92,6.3,4.81,2.89,Yes,3,6.14,1.52,27.21,0,0.0
STU05705,Male,CIVIL,7.69,82.74,84.52,3,1,1,0,58.01,7.0,6.96,7.52,7.52,7.33,4.06,No,2,2.15,0.46,51.05,1,8.04
STU05706,Male,EEE,7.36,71.49,86.85,1,3,2,0,64.28,6.78,8.9,4.5,5.36,3.45,3.33,Yes,4,1.1,3.84,50.05,0,0.0
STU05707,Female,ECE,7.59,76.69,91.65,1,3,1,0,81.02,3.33,2.7,8.2,7.13,5.98,3.22,Yes,1,4.9,4.66,49.99,0,0.0
STU05708,Female,IT,7.48,88.15,72.81,2,2,5,0,57.88,4.79,5.34,6.43,6.98,2.67,5.01,No,2,8.25,4.49,65.39,1,9.59
STU05709,Female,MECH,6.64,70.1,52.65,3,1,2,1,73.92,6.88,7.63,3.64,3.57,6.89,0.23,No,1,6.27,4.28,37.53,0,0.0
STU05710,Male,EEE,7.14,89.22,89.85,2,0,1,0,61.2,2.29,4.47,6.97,6.45,5.3,4.79,No,0,8.27,1.36,37.2,0,0.0
STU05711,Female,ECE,8.23,84.47,78.49,2,5,3,0,67.92,5.37,4.98,6.35,5.4,5.85,7.19,Yes,2,3.21,4.87,65.62,0,0.0
STU05712,Female,CSE,6.65,71.17,66.72,0,1,1,0,70.75,4.86,4.95,7.6,7.11,7.24,3.59,No,0,4.0,4.59,47.58,0,0.0
STU05713,Female,IT,6.29,83.29,76.08,2,3,0,1,66.49,6.19,6.11,6.85,6.23,1.36,6.21,Yes,0,4.61,6.35,56.91,0,0.0
STU05714,Female,CSE,9.02,66.94,91.01,1,5,1,0,71.45,5.98,6.44,7.57,5.21,5.65,7.89,Yes,1,8.96,4.75,70.34,1,11.19
STU05715,Male,EEE,8.45,73.83,91.74,2,3,1,0,38.3,4.97,4.55,6.04,5.74,10.0,3.72,No,0,5.1,2.95,42.03,0,0.0
STU05716,Female,CSE,7.73,82.91,100.0,3,3,3,0,73.83,6.97,6.91,7.94,7.49,8.61,2.88,Yes,2,5.89,5.6,79.11,1,11.54
STU05717,Male,CSE,8.13,82.49,69.92,1,1,2,0,74.79,4.98,5.32,5.93,6.78,4.47,2.23,Yes,1,7.03,5.48,59.79,1,10.23
STU05718,Male,EEE,7.59,55.77,86.53,0,2,1,0,69.34,6.02,4.95,5.05,4.55,7.17,6.78,No,0,8.12,6.01,43.21,0,0.0
STU05719,Male,CSE,5.05,70.72,58.75,0,4,1,0,91.94,4.01,4.89,4.23,4.6,7.57,5.85,Yes,0,4.38,3.41,49.42,1,9.38
STU05720,Female,IT,8.14,84.1,67.35,2,6,1,0,95.61,4.2,4.56,6.71,5.53,5.37,8.24,No,1,6.21,1.59,62.82,1,9.87
STU05721,Female,CSE,6.6,79.93,95.03,2,0,2,4,56.81,7.21,4.47,5.72,5.76,6.05,6.69,Yes,3,8.27,6.86,43.32,0,0.0
STU05722,Female,ECE,7.67,78.18,91.47,0,5,1,2,59.42,6.17,7.11,5.28,4.23,7.3,4.49,No,1,3.38,7.84,42.34,0,0.0
STU05723,Male,CSE,6.64,74.41,56.35,1,2,1,1,45.45,6.52,6.38,4.34,4.23,6.78,6.45,Yes,4,7.64,4.61,46.4,0,0.0
STU05724,Male,IT,5.19,81.42,67.4,1,3,2,1,75.62,7.69,8.54,7.19,7.63,4.48,2.63,No,2,2.23,6.81,50.42,0,0.0
STU05725,Male,CSE,7.58,79.38,77.86,0,5,3,0,57.37,9.6,10.0,7.38,6.32,10.0,6.22,No,2,3.71,5.55,71.25,1,10.66
STU05726,Female,CSE,6.33,76.77,92.65,3,3,4,1,60.15,5.89,5.75,5.31,5.96,9.82,7.25,No,0,4.88,4.38,63.15,1,9.67
STU05727,Male,IT,6.03,67.08,63.5,1,3,1,1,65.77,8.16,8.34,7.17,7.87,8.33,3.67,No,3,4.96,4.81,55.37,1,9.44
STU05728,Male,EEE,7.48,72.98,85.6,1,2,1,0,77.82,3.62,3.35,7.1,8.63,3.24,6.18,Yes,3,8.39,3.62,54.91,0,0.0
STU05729,Female,CSE,8.25,69.59,87.57,2,2,0,1,44.99,5.6,4.34,3.47,5.72,1.24,8.56,No,1,4.74,6.57,44.7,0,0.0
STU05730,Female,ECE,5.77,80.29,70.69,0,2,1,0,23.15,5.64,5.39,6.98,6.9,5.67,4.72,Yes,2,2.6,5.56,33.46,0,0.0
STU05731,Female,MECH,7.18,65.7,72.47,0,3,2,0,58.51,4.77,3.1,4.87,5.0,6.35,5.2,No,4,3.32,7.8,42.68,0,0.0
STU05732,Female,CSE,6.76,92.48,74.59,1,4,2,0,47.23,5.42,5.07,4.09,4.31,4.73,1.38,No,1,4.94,0.76,55.03,1,8.21
STU05733,Female,CSE,6.95,88.49,67.34,2,3,1,2,39.58,4.05,3.74,6.24,6.11,4.23,7.58,Yes,2,3.77,4.45,46.03,0,0.0
STU05734,Male,CSE,7.73,84.72,73.7,0,6,4,0,27.09,3.64,4.97,4.49,4.45,7.39,2.42,No,0,4.94,6.73,51.75,0,0.0
STU05735,Female,EEE,8.76,76.42,85.41,2,1,4,0,79.96,6.87,8.14,7.28,6.41,5.94,3.18,No,2,3.21,5.78,62.16,0,0.0
STU05736,Male,EEE,8.03,95.35,83.32,4,1,1,2,32.18,7.5,6.13,7.88,5.68,6.87,7.8,No,1,7.06,4.08,39.92,0,0.0
STU05737,Female,ECE,6.37,95.22,71.96,0,5,3,0,46.36,4.0,4.14,5.87,6.18,3.48,5.94,Yes,2,6.1,6.9,48.44,1,7.91
STU05738,Female,CIVIL,6.51,80.25,82.11,3,6,5,0,77.82,6.32,7.5,6.07,4.95,5.26,0.0,Yes,2,2.38,1.86,56.49,0,0.0
STU05739,Female,CSE,5.94,89.25,57.11,0,2,4,1,84.36,6.1,5.35,5.03,5.52,6.48,6.57,Yes,0,5.97,5.81,43.93,0,0.0
STU05740,Male,CIVIL,6.36,75.43,56.26,2,3,2,2,71.65,8.83,8.39,7.13,6.49,6.59,3.42,Yes,0,0.99,8.65,36.19,0,0.0
STU05741,Male,ECE,8.17,52.49,76.39,2,3,3,0,47.03,5.88,7.13,7.07,6.57,6.17,7.44,No,1,5.32,5.21,55.13,0,0.0
STU05742,Female,ECE,7.39,93.69,66.83,1,3,0,1,74.75,8.84,9.54,7.77,6.36,4.98,0.07,No,0,6.28,1.89,51.93,0,0.0
STU05743,Male,ECE,7.27,85.04,84.33,0,2,0,0,65.61,6.95,7.15,7.76,6.18,3.56,3.26,Yes,0,3.52,5.38,51.09,0,0.0
STU05744,Male,ECE,7.99,81.41,77.06,1,4,0,1,39.9,8.17,8.92,2.79,5.9,6.68,4.23,No,1,6.2,6.0,47.55,0,0.0
STU05745,Female,MECH,8.38,68.91,70.16,0,5,3,4,41.17,7.8,7.19,6.16,5.08,6.96,4.51,Yes,1,6.58,7.0,30.95,0,0.0
STU05746,Female,ECE,6.67,81.94,73.54,0,4,4,1,55.42,3.68,2.45,8.01,7.04,6.38,3.98,Yes,0,4.83,4.23,43.59,0,0.0
STU05747,Male,CSE,6.76,84.74,61.67,2,4,2,4,43.04,7.71,7.85,8.14,7.52,8.62,6.93,Yes,3,7.23,4.91,50.8,0,0.0
STU05748,Female,ECE,5.19,88.31,71.71,0,3,0,1,58.83,6.31,5.22,8.42,6.74,6.95,4.8,Yes,1,3.94,6.64,37.53,0,0.0
STU05749,Male,IT,6.66,93.27,76.63,3,3,2,1,74.25,7.25,8.61,6.04,7.0,1.94,5.83,No,1,3.86,4.17,63.36,0,0.0
STU05750,Female,EEE,7.18,80.72,78.99,2,3,0,0,75.86,7.81,9.27,7.94,8.55,6.08,5.84,No,1,1.23,1.78,54.96,0,0.0
STU05751,Male,CSE,6.13,80.48,63.71,2,6,3,0,36.88,6.27,8.14,5.86,6.55,7.12,4.21,No,0,3.03,7.43,57.47,1,9.49
STU05752,Female,IT,6.79,81.57,81.16,0,3,0,1,43.06,8.21,10.0,7.4,7.11,5.65,6.49,No,0,5.4,0.81,41.68,0,0.0
STU05753,Female,ECE,7.23,91.32,67.86,0,4,5,0,54.17,9.23,8.85,5.88,7.03,5.64,3.18,No,2,3.49,3.4,52.12,1,5.47
STU05754,Male,MECH,7.09,70.54,82.48,3,4,5,1,64.33,7.83,8.74,8.43,7.38,6.15,3.71,Yes,0,7.37,4.35,57.98,0,0.0
STU05755,Male,IT,5.83,72.33,77.89,1,5,2,0,50.64,8.28,7.88,5.86,6.21,7.49,9.79,Yes,0,4.78,4.62,60.22,0,0.0
STU05756,Male,EEE,6.89,71.55,68.63,3,2,4,0,74.34,8.57,8.76,5.47,4.84,6.57,4.87,Yes,2,4.03,6.6,61.65,1,8.91
STU05757,Male,ECE,7.55,99.26,92.73,2,3,1,0,91.74,9.07,7.79,6.16,6.31,8.17,6.61,No,3,6.01,1.36,60.39,0,0.0
STU05758,Male,CSE,8.18,69.81,75.14,0,3,2,1,54.19,8.83,6.54,2.42,4.44,6.2,7.14,Yes,1,7.86,7.03,46.83,1,7.64
STU05759,Male,CIVIL,7.2,94.27,81.06,1,0,2,4,79.36,8.83,6.71,8.15,7.88,3.45,6.11,Yes,4,5.05,2.97,27.68,0,0.0
STU05760,Male,MECH,6.51,69.91,72.14,0,2,2,1,54.22,2.83,3.56,5.55,6.4,1.68,6.68,No,4,5.8,6.12,23.57,0,0.0
STU05761,Male,CSE,6.56,83.21,80.23,1,3,0,1,78.1,5.88,8.51,5.25,4.5,3.63,5.02,Yes,1,3.54,9.78,58.8,1,9.88
STU05762,Male,IT,6.73,78.16,66.38,2,3,3,0,63.92,4.92,4.13,5.26,6.02,10.0,5.89,Yes,1,6.45,5.07,61.69,1,10.14
STU05763,Male,ECE,7.5,85.24,64.82,1,2,3,0,36.5,6.56,6.14,6.74,6.67,5.89,1.85,No,0,3.99,8.12,55.83,1,8.44
STU05764,Female,CSE,6.98,68.81,84.68,0,2,2,0,76.09,7.35,8.83,7.8,6.24,4.77,4.1,Yes,3,4.06,2.6,53.55,0,0.0
STU05765,Male,EEE,8.38,76.46,79.14,1,2,0,0,72.54,5.29,6.4,2.7,4.48,3.2,4.38,No,0,5.37,5.69,44.32,1,6.05
STU05766,Female,MECH,7.02,75.56,72.76,1,2,1,0,58.99,6.29,6.51,7.02,7.19,6.92,2.67,Yes,0,4.41,3.42,41.02,0,0.0
STU05767,Female,EEE,7.0,48.13,100.0,2,2,3,0,50.76,8.65,6.93,7.96,5.45,5.71,1.95,Yes,2,6.78,5.79,56.31,1,7.95
STU05768,Male,IT,6.99,63.53,79.52,0,1,0,2,69.09,4.97,4.95,4.53,6.02,2.61,5.6,No,1,3.54,2.29,33.24,0,0.0
STU05769,Male,ECE,7.43,85.15,69.43,0,1,1,1,51.16,3.42,4.01,6.96,8.01,10.0,8.34,Yes,4,4.13,10.0,38.92,0,0.0
STU05770,Female,MECH,8.8,70.17,74.06,2,3,2,0,63.97,4.65,3.88,5.69,6.29,4.2,6.31,Yes,0,6.73,5.59,47.36,0,0.0
STU05771,Male,CSE,5.45,87.71,76.48,2,4,0,0,36.47,7.88,7.3,2.2,4.04,5.81,5.24,Yes,4,4.21,5.13,57.84,0,0.0
STU05772,Male,EEE,4.85,69.19,73.16,3,0,1,1,49.32,9.59,9.07,4.83,6.03,4.94,10.0,No,1,4.6,3.07,43.25,0,0.0
STU05773,Male,ECE,6.86,75.93,84.51,1,3,3,0,46.09,8.19,7.8,8.31,6.43,1.3,7.18,Yes,0,8.93,2.82,51.73,0,0.0
STU05774,Male,IT,6.15,85.13,59.18,1,3,1,0,63.42,3.86,3.73,3.38,4.65,8.48,4.01,No,1,4.46,5.31,43.65,0,0.0
STU05775,Male,MECH,8.34,81.49,71.46,2,1,1,3,48.15,5.98,4.31,6.44,5.85,8.05,5.71,No,0,8.88,7.01,26.82,0,0.0
STU05776,Male,CSE,7.76,90.29,76.93,1,2,1,2,57.9,8.03,6.5,5.61,4.1,5.59,2.18,No,1,4.79,4.64,50.04,1,9.22
STU05777,Female,MECH,7.43,84.08,85.43,3,4,0,0,72.1,3.1,3.54,7.62,6.75,2.52,6.1,No,1,2.97,6.2,43.26,0,0.0
STU05778,Male,CIVIL,7.22,75.78,50.73,0,4,1,0,64.85,5.85,5.75,4.87,4.83,6.37,3.81,No,0,5.98,4.22,32.43,0,0.0
STU05779,Female,EEE,7.38,79.72,71.9,1,1,2,0,62.85,7.96,7.32,6.63,7.23,3.0,6.24,Yes,0,2.51,3.41,47.0,0,0.0
STU05780,Male,CSE,6.9,84.19,88.88,2,0,0,0,52.51,3.71,3.71,7.55,6.21,8.32,3.92,No,1,6.17,7.5,50.93,1,9.37
STU05781,Male,IT,8.49,85.83,76.2,0,1,2,0,89.54,9.37,9.35,6.56,6.13,6.5,3.55,No,0,8.71,7.5,63.82,1,10.65
STU05782,Female,IT,6.0,81.14,69.3,1,2,0,1,45.54,6.75,8.15,6.74,6.42,6.44,2.31,Yes,3,5.33,3.45,44.57,0,0.0
STU05783,Male,CSE,6.31,80.52,79.02,2,2,2,0,38.9,7.0,7.62,4.96,5.78,6.26,4.5,No,1,6.99,6.25,51.08,0,0.0
STU05784,Female,CIVIL,6.57,62.66,68.8,1,3,0,0,62.89,3.85,4.69,5.04,5.02,6.85,6.52,No,3,6.19,3.15,27.98,0,0.0
STU05785,Male,ECE,7.07,80.38,62.53,0,2,3,0,76.82,5.57,5.02,5.36,5.96,6.32,6.75,No,0,6.72,6.09,44.51,0,0.0
STU05786,Male,IT,5.98,62.09,80.06,0,2,0,0,53.15,3.35,5.57,10.0,7.78,4.57,6.25,Yes,1,4.49,5.2,47.12,0,0.0
STU05787,Male,CSE,7.27,99.33,72.67,2,0,2,1,78.19,5.61,7.43,5.81,4.81,5.35,4.98,Yes,0,3.73,7.89,54.61,1,9.55
STU05788,Female,CSE,7.86,73.07,88.85,1,4,4,0,43.14,4.96,4.1,4.36,5.52,8.01,3.11,No,3,4.51,6.46,56.61,0,0.0
STU05789,Male,IT,6.7,72.39,73.04,3,4,2,0,66.94,7.03,5.63,7.24,7.46,5.87,4.49,Yes,1,4.75,5.72,75.63,1,11.49
STU05790,Female,IT,7.45,66.07,93.58,3,3,5,0,62.16,5.33,5.82,6.36,5.62,6.05,7.23,Yes,1,5.1,2.31,74.06,1,11.66
STU05791,Female,CSE,7.73,61.33,81.67,1,6,2,3,100.0,9.02,10.0,5.88,5.19,5.98,5.48,No,2,8.8,4.17,56.41,0,0.0
STU05792,Male,IT,6.07,78.17,79.89,0,2,0,0,37.92,5.55,4.6,6.92,6.79,7.12,7.86,Yes,2,5.71,3.64,41.31,0,0.0
STU05793,Female,ECE,7.62,63.93,67.27,3,3,0,2,53.52,4.58,4.11,5.9,5.57,5.01,7.52,Yes,0,6.14,3.26,44.68,0,0.0
STU05794,Male,ECE,5.79,83.66,65.15,1,4,2,0,78.85,6.38,5.88,8.48,7.84,7.75,3.5,Yes,1,6.26,6.84,51.19,0,0.0
STU05795,Female,CSE,5.77,89.63,90.07,2,4,1,0,100.0,3.92,3.26,7.18,6.23,4.29,8.83,Yes,1,7.25,7.31,66.92,1,9.87
STU05796,Female,IT,6.98,70.07,64.93,0,1,2,4,83.22,5.69,6.45,7.23,5.96,5.8,1.26,Yes,0,5.8,4.56,31.2,1,6.99
STU05797,Male,IT,5.81,81.85,53.66,0,0,5,0,60.98,5.03,4.98,5.08,6.26,4.65,6.01,Yes,2,6.01,3.69,47.71,1,7.84
STU05798,Male,CSE,6.35,80.52,68.64,1,1,2,0,86.33,4.67,5.42,6.57,6.59,1.77,3.51,Yes,2,3.89,6.43,51.51,1,7.9
STU05799,Male,IT,8.09,57.83,65.71,1,1,5,0,78.36,7.11,5.6,7.75,5.92,4.44,4.22,Yes,1,8.41,4.35,66.5,1,9.45
STU05800,Female,IT,6.48,85.74,67.46,4,5,4,1,68.67,5.97,4.26,2.28,3.23,8.29,6.79,Yes,2,6.28,2.72,63.52,1,9.19
STU05801,Male,ECE,7.54,72.69,69.07,1,3,0,1,75.04,7.35,7.99,7.0,6.69,4.29,5.32,No,0,6.33,0.0,49.65,0,0.0
STU05802,Female,MECH,7.46,65.13,64.93,1,4,2,0,75.73,5.34,5.42,6.64,6.73,6.52,5.76,Yes,1,3.67,7.28,46.67,0,0.0
STU05803,Male,MECH,7.4,73.25,72.7,0,5,0,3,73.56,8.62,7.5,8.77,6.24,2.77,2.52,Yes,2,4.97,1.8,34.16,0,0.0
STU05804,Male,MECH,6.93,86.76,71.86,3,4,2,0,31.7,8.52,9.65,5.32,5.89,0.0,8.68,Yes,2,4.26,8.67,52.66,0,0.0
STU05805,Male,IT,5.04,79.57,72.16,2,3,0,0,69.37,5.56,6.2,8.97,8.89,6.38,5.31,No,1,5.68,5.35,53.86,1,8.58
STU05806,Male,CSE,6.2,83.76,71.35,0,3,2,1,69.08,4.6,4.53,8.71,7.76,1.51,4.4,Yes,1,5.12,6.54,46.67,0,0.0
STU05807,Male,MECH,8.35,76.01,67.1,3,1,0,1,77.14,2.54,2.84,6.09,6.35,6.61,5.08,Yes,0,9.25,6.48,46.52,0,0.0
STU05808,Male,ECE,5.92,71.02,62.34,1,4,3,0,71.38,7.32,4.42,7.65,6.52,2.86,8.15,Yes,4,3.78,2.69,51.56,0,0.0
STU05809,Male,EEE,5.99,86.82,70.52,3,0,5,0,64.72,4.37,4.91,7.08,5.78,5.77,4.51,No,1,6.35,1.79,53.75,1,7.52
STU05810,Male,CSE,6.16,81.88,62.55,1,2,4,1,97.29,6.88,8.7,8.28,6.01,7.37,5.2,No,1,8.87,8.81,62.59,1,10.43
STU05811,Male,ECE,8.08,77.51,83.02,3,5,0,0,50.76,1.42,1.09,5.92,4.85,4.39,10.0,Yes,3,4.02,5.5,55.42,0,0.0
STU05812,Female,IT,6.43,69.37,98.85,2,6,0,1,81.29,1.56,1.78,6.66,5.88,3.9,6.12,No,0,4.78,3.93,49.53,0,0.0
STU05813,Male,CIVIL,7.75,89.75,82.99,0,4,2,0,73.07,5.5,4.94,4.17,5.03,4.26,4.66,No,0,5.95,3.73,42.15,0,0.0
STU05814,Male,IT,6.97,83.2,91.2,0,4,0,3,44.85,3.69,3.39,6.29,6.17,4.26,1.53,No,1,6.57,1.33,25.34,0,0.0
STU05815,Male,ECE,7.05,82.66,76.51,0,3,5,0,75.89,7.78,4.5,5.81,6.62,9.22,2.7,No,2,5.4,2.16,48.13,0,0.0
STU05816,Female,IT,6.83,68.13,57.04,3,4,4,0,56.2,9.31,9.03,5.04,6.06,3.51,10.0,No,2,4.59,4.89,70.45,1,10.94
STU05817,Male,IT,9.14,69.24,71.08,2,5,3,0,65.09,5.8,7.21,4.24,5.48,6.81,3.28,Yes,2,3.66,6.62,66.27,1,10.59
STU05818,Male,CSE,6.35,81.2,76.41,1,2,1,1,67.58,5.5,3.78,6.97,8.12,4.82,6.26,No,2,3.84,4.05,44.04,1,7.72
STU05819,Female,ECE,7.21,88.2,75.43,3,3,1,1,73.73,4.04,2.65,6.86,7.6,1.62,9.09,Yes,2,4.85,2.88,56.4,1,8.52
STU05820,Male,CSE,7.05,87.2,59.1,0,5,2,2,93.94,5.34,5.78,5.68,6.51,4.51,2.45,No,3,6.88,2.91,51.52,0,0.0
STU05821,Male,IT,8.78,81.48,100.0,0,1,0,3,66.04,7.87,8.97,4.82,5.67,4.68,3.72,Yes,2,7.05,3.62,38.32,0,0.0
STU05822,Male,ECE,7.43,62.59,61.57,1,2,1,3,52.29,6.33,6.93,5.14,6.72,6.69,5.94,No,0,6.33,6.08,37.26,0,0.0
STU05823,Female,ECE,7.73,69.97,71.49,1,3,3,0,69.1,6.85,5.88,7.19,5.96,1.63,6.85,No,0,8.81,4.08,54.35,1,6.73
STU05824,Male,IT,6.42,76.07,63.53,1,2,0,2,87.83,8.52,9.32,5.65,6.65,2.57,5.83,No,0,4.96,5.1,44.91,0,0.0
STU05825,Male,EEE,7.26,84.27,67.33,2,3,1,0,83.33,9.64,8.84,6.03,7.53,3.27,6.27,Yes,4,9.26,5.73,66.84,1,9.07
STU05826,Male,MECH,7.1,69.31,82.26,0,3,3,0,59.18,6.96,5.67,5.69,5.4,2.41,4.07,Yes,0,4.2,6.78,39.96,0,0.0
STU05827,Female,MECH,8.06,71.2,64.02,0,4,0,3,36.07,4.47,3.66,8.02,5.47,8.73,3.24,Yes,3,5.96,2.75,31.9,0,0.0
STU05828,Male,CSE,6.96,62.46,81.79,1,3,1,0,96.99,6.53,5.68,7.38,5.79,6.54,3.98,Yes,0,7.84,2.89,63.52,1,9.33
STU05829,Male,EEE,6.24,64.91,74.14,3,5,0,1,77.25,5.45,6.5,3.5,4.67,0.71,5.73,No,0,0.0,7.41,41.81,0,0.0
STU05830,Female,CSE,6.57,80.1,75.52,3,1,3,0,65.01,6.73,6.19,5.48,6.27,8.58,5.02,No,0,3.5,6.1,58.89,1,9.36
STU05831,Male,ECE,6.24,86.19,76.82,1,6,4,0,40.36,8.29,9.32,4.69,6.08,7.96,5.21,No,4,4.64,3.6,60.47,1,8.9
STU05832,Female,CIVIL,7.07,83.47,67.1,1,2,0,0,85.55,2.32,3.3,6.87,6.09,3.67,5.14,Yes,0,5.18,2.09,38.66,0,0.0
STU05833,Male,IT,8.07,86.58,76.16,3,3,2,0,58.28,7.38,8.29,6.74,6.82,8.99,3.56,Yes,1,7.63,4.25,69.51,1,10.04
STU05834,Male,CSE,5.27,76.0,71.14,2,1,0,0,52.24,5.34,4.01,5.54,5.93,6.35,5.62,No,0,6.06,4.52,46.24,0,0.0
STU05835,Male,MECH,6.66,70.25,72.21,3,2,1,0,83.92,8.84,9.51,8.3,7.42,5.05,6.54,Yes,0,4.5,2.58,57.11,1,8.73
STU05836,Male,IT,7.21,82.27,87.88,2,1,0,0,71.71,5.09,7.95,4.59,4.93,2.75,2.42,Yes,2,5.97,4.42,56.72,0,0.0
STU05837,Male,CSE,7.56,80.8,61.25,0,6,2,0,64.85,3.14,3.89,4.95,5.91,7.57,2.85,Yes,4,7.73,2.59,55.65,0,0.0
STU05838,Male,CSE,6.31,73.62,81.3,2,2,2,0,53.4,4.05,4.32,3.77,5.51,9.22,9.31,No,2,5.37,6.27,52.16,1,8.52
STU05839,Male,CSE,6.02,68.15,75.7,0,2,3,0,51.38,3.97,3.55,4.68,4.7,5.47,6.24,Yes,2,10.0,4.56,47.35,0,0.0
STU05840,Male,EEE,6.15,87.6,93.42,1,5,3,2,65.74,6.67,8.27,9.87,7.73,6.16,1.16,No,0,5.2,8.73,45.61,0,0.0
STU05841,Male,CSE,8.48,93.79,80.62,1,4,2,0,78.22,4.77,3.59,5.04,5.34,5.76,6.07,Yes,1,4.77,5.68,63.61,1,9.24
STU05842,Male,ECE,6.6,77.01,68.8,1,3,5,0,61.93,7.7,7.69,7.93,6.02,4.59,6.11,Yes,0,8.1,7.8,62.17,1,7.43
STU05843,Male,ECE,8.51,71.57,79.37,0,3,3,1,29.01,5.15,3.44,2.6,4.12,4.83,3.45,Yes,0,3.93,6.39,39.77,0,0.0
STU05844,Female,MECH,8.0,61.17,92.54,0,1,0,1,66.15,5.94,8.08,3.08,4.89,7.91,4.67,No,3,6.65,5.7,34.47,0,0.0
STU05845,Male,CIVIL,7.97,75.34,81.4,1,2,4,1,59.45,5.38,5.11,4.72,5.17,7.82,4.76,No,1,5.0,7.0,39.62,0,0.0
STU05846,Female,EEE,6.32,79.67,78.93,2,3,3,0,56.41,5.88,5.57,5.73,5.24,6.36,0.28,Yes,0,3.67,5.27,51.48,1,7.71
STU05847,Female,IT,5.76,79.38,82.6,1,4,2,0,61.27,6.73,5.95,4.41,4.3,0.0,7.77,Yes,0,5.27,6.73,56.57,1,7.85
STU05848,Female,CSE,7.58,68.47,71.49,0,5,4,3,81.55,4.67,2.9,4.82,5.73,6.9,7.51,No,1,3.58,7.32,47.03,0,0.0
STU05849,Male,IT,6.84,78.45,71.98,3,1,0,0,93.45,5.98,6.42,5.68,5.87,3.84,2.25,Yes,0,6.72,2.9,61.66,1,9.85
STU05850,Female,ECE,6.33,75.51,71.94,3,3,1,2,44.15,6.12,6.86,7.0,6.08,4.62,3.84,Yes,4,5.98,0.0,50.54,0,0.0
STU05851,Male,IT,7.1,85.31,65.39,2,1,0,1,37.99,9.08,9.2,4.44,5.54,5.73,5.07,No,0,4.66,3.9,53.05,0,0.0
STU05852,Female,CIVIL,7.84,63.24,64.89,2,3,1,0,56.78,10.0,10.0,6.12,6.13,4.33,3.96,Yes,3,6.45,10.0,50.44,0,0.0
STU05853,Male,MECH,4.0,92.25,73.83,2,5,0,3,59.06,6.75,5.36,8.45,8.15,6.24,8.43,Yes,1,6.0,7.77,32.28,0,0.0
STU05854,Male,CSE,6.67,83.76,76.06,0,3,1,1,100.0,7.55,9.18,6.44,6.49,4.82,5.57,Yes,1,3.81,1.1,60.02,1,10.39
STU05855,Female,IT,6.31,74.02,64.43,4,1,2,0,56.13,6.92,4.84,3.73,5.47,3.23,1.57,No,1,6.02,0.0,48.43,0,0.0
STU05856,Female,CSE,7.9,85.88,68.27,3,0,2,1,76.07,9.13,8.59,4.25,4.12,6.64,9.76,Yes,0,8.52,6.03,67.18,1,10.29
STU05857,Female,MECH,7.0,72.76,77.7,2,0,1,0,42.37,3.94,5.35,1.98,4.59,9.92,5.55,No,0,2.91,3.15,28.64,0,0.0
STU05858,Male,MECH,5.74,80.83,82.99,3,5,0,0,48.94,3.94,5.51,5.05,5.59,7.31,4.64,No,1,3.74,6.61,40.39,0,0.0
STU05859,Male,EEE,8.79,89.31,72.04,0,6,3,0,100.0,4.82,5.74,7.19,6.33,0.92,9.79,No,2,2.88,7.29,53.54,1,7.57
STU05860,Male,IT,6.98,85.0,59.07,1,2,2,1,67.26,6.42,6.17,5.69,4.76,4.63,4.06,Yes,2,4.41,4.47,54.58,1,9.29
STU05861,Female,ECE,7.0,77.57,89.52,1,4,3,3,49.47,7.22,3.85,7.16,6.44,6.88,5.64,Yes,2,2.22,1.28,40.56,0,0.0
STU05862,Male,ECE,6.31,83.11,74.07,0,0,0,1,80.11,8.65,9.23,7.75,7.14,9.0,3.83,No,0,4.81,5.81,41.57,0,0.0
STU05863,Female,IT,6.95,65.21,73.21,4,2,1,4,40.6,7.13,5.94,8.21,7.27,10.0,3.11,Yes,2,7.37,6.16,41.83,0,0.0
STU05864,Female,MECH,6.89,83.16,87.04,2,3,0,0,57.45,7.38,7.47,4.7,5.39,6.79,4.26,No,0,5.41,3.67,43.48,0,0.0
STU05865,Female,CSE,6.22,79.75,90.32,1,1,4,0,70.36,2.54,3.24,4.63,4.86,7.52,5.74,Yes,1,6.48,7.23,49.68,1,8.07
STU05866,Female,ECE,5.42,79.01,77.94,0,2,1,0,53.07,6.39,6.42,5.7,6.17,7.78,8.05,Yes,2,10.0,10.0,47.3,0,0.0
STU05867,Female,MECH,6.72,85.32,76.98,2,1,3,3,40.15,4.44,5.01,6.52,5.48,2.63,5.27,No,0,5.11,4.93,29.49,0,0.0
STU05868,Male,ECE,8.53,65.03,82.29,1,4,2,0,78.31,6.85,9.43,6.69,7.95,5.28,5.65,Yes,0,9.3,4.8,63.19,1,8.72
STU05869,Female,CSE,6.28,71.58,80.48,1,1,0,2,35.51,4.57,4.09,8.6,8.84,5.93,0.0,Yes,2,6.26,1.76,34.53,0,0.0
STU05870,Male,ECE,7.13,84.4,84.46,0,2,1,2,96.99,4.58,2.82,5.28,5.24,8.18,5.61,No,0,4.61,2.59,30.35,0,0.0
STU05871,Female,ECE,7.82,71.62,91.34,3,4,1,1,42.08,8.45,6.94,9.31,9.08,7.45,6.74,Yes,3,4.65,6.1,66.5,1,9.42
STU05872,Male,IT,8.06,72.03,78.09,2,4,0,0,59.77,5.62,7.22,6.5,6.58,2.82,3.12,No,0,2.02,6.43,58.03,0,0.0
STU05873,Male,IT,7.29,61.27,66.51,0,4,1,0,37.44,6.18,4.77,5.05,6.45,6.21,1.43,No,2,5.69,6.41,49.36,0,0.0
STU05874,Female,MECH,4.96,95.91,77.95,0,5,4,0,69.86,5.64,4.9,6.34,5.72,7.71,4.21,No,2,6.25,4.0,42.37,0,0.0
STU05875,Female,EEE,7.52,72.89,69.4,3,1,0,0,67.87,0.41,1.35,6.73,6.52,5.91,1.25,No,3,5.07,9.91,38.82,0,0.0
STU05876,Female,ECE,8.71,63.26,68.17,1,3,0,4,63.37,4.44,5.49,7.27,7.21,7.06,3.55,Yes,2,6.36,5.29,30.65,0,0.0
STU05877,Male,CIVIL,8.6,89.85,84.1,2,5,2,0,29.43,5.18,5.22,8.23,7.41,4.01,3.14,Yes,0,5.85,4.19,55.11,1,7.33
STU05878,Female,ECE,9.28,91.75,78.01,0,4,0,1,57.64,6.33,6.73,7.11,6.48,5.44,4.32,Yes,2,3.66,5.95,49.51,0,0.0
STU05879,Male,IT,7.85,68.87,87.61,0,3,1,1,56.49,5.41,6.88,7.38,6.46,2.28,4.62,Yes,0,4.15,4.1,49.34,0,0.0
STU05880,Male,IT,9.32,56.16,94.11,0,1,2,3,60.18,2.66,2.15,3.87,4.68,3.93,5.65,Yes,0,4.59,5.14,35.15,0,0.0
STU05881,Male,ECE,6.89,67.36,91.01,2,4,1,2,59.51,5.42,5.53,8.67,8.17,4.96,4.81,Yes,2,2.13,3.01,56.39,0,0.0
STU05882,Female,CSE,5.89,56.69,87.57,2,4,4,1,64.65,5.77,6.53,6.68,5.21,3.35,4.5,No,0,2.57,2.5,63.53,1,9.63
STU05883,Male,ECE,6.81,87.24,78.4,3,2,3,1,50.55,4.52,5.48,6.17,6.26,10.0,2.85,Yes,4,6.24,5.41,56.17,1,8.32
STU05884,Male,CIVIL,4.92,83.77,76.22,2,4,2,3,62.55,7.37,4.9,4.94,5.72,3.86,5.36,Yes,4,3.49,3.99,31.81,0,0.0
STU05885,Female,ECE,7.85,87.01,69.14,0,4,1,0,48.41,0.78,0.0,7.62,6.91,6.82,6.57,Yes,3,3.89,0.32,41.48,1,6.58
STU05886,Male,CSE,6.53,68.38,82.44,2,2,2,1,70.68,10.0,7.99,3.93,5.05,5.97,6.18,No,1,2.33,2.74,60.11,1,10.27
STU05887,Male,ECE,6.72,84.65,67.56,0,1,0,0,54.12,6.83,4.92,6.68,6.21,5.3,3.76,Yes,0,8.27,2.58,40.28,0,0.0
STU05888,Male,ECE,7.6,78.79,84.66,2,1,1,0,5.29,10.0,10.0,3.32,4.08,4.47,3.44,No,0,4.61,5.61,43.22,1,7.01
STU05889,Male,IT,7.99,70.61,70.23,0,0,1,0,46.8,4.68,5.43,5.27,6.36,7.99,6.18,No,0,2.93,8.75,35.64,0,0.0
STU05890,Female,EEE,6.11,63.93,69.53,1,3,0,1,22.12,4.79,7.2,3.37,5.11,0.0,7.97,No,4,5.23,4.14,33.35,0,0.0
STU05891,Female,CIVIL,7.51,77.95,71.79,4,1,5,0,65.67,7.38,8.26,5.8,6.08,4.66,1.21,Yes,2,7.89,4.21,49.02,0,0.0
STU05892,Female,EEE,7.01,84.31,84.78,0,4,2,0,60.34,6.25,4.98,5.08,5.28,3.66,6.08,No,4,8.18,3.69,43.93,0,0.0
STU05893,Female,EEE,8.68,84.66,70.9,2,1,0,2,79.62,5.57,3.23,6.44,5.13,0.0,4.46,No,0,6.65,4.21,35.94,0,0.0
STU05894,Male,EEE,7.71,77.66,62.39,0,3,0,3,99.24,6.1,7.26,3.23,4.29,4.0,5.93,No,1,8.77,6.45,34.95,0,0.0
STU05895,Male,CSE,8.47,80.6,72.41,0,3,4,4,62.01,7.84,6.58,6.77,5.86,4.01,10.0,Yes,0,8.26,3.13,50.91,0,0.0
STU05896,Male,CSE,7.48,78.65,78.91,2,1,1,1,50.1,6.02,8.24,6.88,7.93,6.1,4.17,Yes,4,6.6,6.67,54.7,0,0.0
STU05897,Male,IT,8.6,71.48,62.49,2,0,1,0,65.62,5.74,6.22,7.77,7.37,7.48,6.16,No,4,0.0,3.01,52.81,0,0.0
STU05898,Male,IT,7.07,75.04,56.0,0,0,3,0,88.11,5.35,6.54,8.63,9.3,7.22,4.4,Yes,1,6.47,5.34,51.38,0,0.0
STU05899,Male,EEE,6.64,71.79,74.92,1,3,2,0,71.96,6.51,6.13,5.23,6.39,2.95,5.39,No,4,4.03,3.33,44.89,0,0.0
STU05900,Female,IT,5.08,85.85,75.08,4,6,2,2,61.18,1.91,2.8,8.18,6.7,7.52,10.0,Yes,2,5.99,7.05,57.25,0,0.0
STU05901,Male,MECH,6.96,83.37,68.5,2,2,0,0,82.6,3.46,4.68,5.68,5.65,4.74,6.9,Yes,4,7.68,5.17,41.5,0,0.0
STU05902,Male,MECH,7.75,68.07,78.5,0,2,0,1,64.73,6.31,6.61,6.95,5.73,4.87,2.97,No,4,3.83,6.72,35.06,0,0.0
STU05903,Female,CSE,8.75,61.06,69.14,0,3,2,4,65.83,9.26,10.0,4.62,4.39,3.51,3.63,Yes,0,7.09,8.2,48.3,0,0.0
STU05904,Male,ECE,6.07,76.69,74.46,0,4,1,0,67.6,8.65,6.86,5.17,4.22,6.93,4.23,Yes,0,2.84,2.51,56.06,0,0.0
STU05905,Female,ECE,7.84,75.75,75.49,0,2,1,0,39.1,7.69,8.48,5.76,3.97,4.13,6.3,No,4,5.48,2.79,42.84,0,0.0
STU05906,Female,ECE,6.91,87.73,70.0,0,3,4,0,77.83,4.77,4.71,6.01,5.23,3.46,4.92,Yes,2,8.58,5.7,46.87,0,0.0
STU05907,Male,ECE,8.29,95.32,67.44,3,1,1,1,40.36,3.97,1.99,6.0,6.61,10.0,6.66,No,2,3.98,4.63,39.86,0,0.0
STU05908,Male,CSE,8.31,72.1,100.0,0,1,3,0,76.05,3.52,2.13,5.8,5.85,5.12,6.68,No,0,5.77,7.05,50.18,1,8.19
STU05909,Male,CIVIL,7.69,84.11,61.64,1,0,2,1,30.64,4.64,6.04,6.32,5.66,6.35,5.81,No,1,4.45,5.82,23.02,0,0.0
STU05910,Female,IT,5.51,70.69,90.16,4,3,2,1,68.39,4.56,4.26,6.07,4.52,7.77,6.28,Yes,1,6.01,6.6,52.44,1,9.08
STU05911,Male,CSE,5.61,77.23,75.32,2,2,2,0,74.97,7.49,7.59,3.46,4.18,4.71,4.56,Yes,2,4.17,4.26,57.06,1,10.14
STU05912,Female,IT,7.11,86.74,75.35,2,5,3,1,39.67,7.46,7.81,4.0,4.84,4.78,3.22,No,1,5.89,4.99,54.43,1,9.68
STU05913,Male,CIVIL,7.39,72.05,58.34,1,1,3,3,49.86,5.93,5.26,4.01,3.53,4.68,6.65,No,1,5.3,3.18,14.97,0,0.0
STU05914,Male,IT,9.21,81.68,63.53,1,2,0,1,47.06,7.04,8.63,10.0,8.1,0.0,7.47,Yes,1,5.65,3.19,61.99,1,9.77
STU05915,Male,CIVIL,7.54,82.19,74.75,2,0,1,1,31.06,8.58,9.2,6.64,6.34,8.35,7.91,Yes,1,6.54,4.98,36.76,0,0.0
STU05916,Male,CSE,7.32,71.14,89.47,0,4,0,2,82.41,6.33,5.37,5.29,5.79,4.63,5.59,No,0,6.48,6.21,45.14,0,0.0
STU05917,Male,CSE,6.07,74.91,77.96,0,1,0,0,61.75,8.8,8.75,4.44,6.7,5.38,4.64,Yes,0,8.36,2.92,48.44,0,0.0
STU05918,Male,IT,7.86,74.93,86.75,3,1,5,1,89.76,6.67,5.66,8.32,6.41,3.58,4.06,No,2,6.93,0.0,65.42,1,10.79
STU05919,Male,ECE,5.91,95.46,81.42,2,2,1,0,64.78,5.11,6.08,7.07,6.26,6.9,9.91,No,2,5.0,6.31,56.54,1,7.85
STU05920,Female,CSE,9.15,77.29,97.55,3,4,2,1,66.66,7.88,8.32,7.55,5.42,10.0,3.61,Yes,1,4.46,7.91,75.6,1,10.27
STU05921,Male,CSE,5.31,86.5,94.23,1,3,2,3,69.55,7.03,6.96,4.6,4.68,5.96,5.82,No,1,4.39,5.03,43.73,0,0.0
STU05922,Male,EEE,7.73,73.5,93.29,2,5,0,0,86.25,7.1,6.45,7.28,5.86,0.09,2.89,Yes,1,10.0,2.7,52.71,1,7.04
STU05923,Female,CSE,9.37,69.16,80.43,1,0,3,1,52.43,5.71,7.6,7.62,7.04,7.02,2.79,No,4,7.55,2.01,55.43,1,9.14
STU05924,Male,IT,5.71,67.7,74.8,1,2,2,3,60.69,7.77,6.91,4.32,4.08,1.72,4.06,No,0,5.19,3.47,39.73,0,0.0
STU05925,Male,CSE,6.47,77.33,75.06,1,3,2,0,41.2,6.9,4.09,5.33,4.66,2.21,1.52,Yes,0,4.9,2.23,55.82,1,9.08
STU05926,Female,CIVIL,4.06,76.81,64.53,2,4,2,2,21.03,7.14,6.39,6.17,5.72,2.36,2.87,No,1,8.24,6.17,33.4,0,0.0
STU05927,Female,CSE,9.15,80.17,89.03,0,4,0,0,32.54,5.04,5.25,8.12,6.94,8.63,2.28,No,2,1.23,6.11,51.45,0,0.0
STU05928,Male,MECH,7.65,92.11,72.43,1,3,2,0,81.2,9.08,9.27,6.2,7.71,5.97,4.08,No,4,6.29,5.84,52.22,0,0.0
STU05929,Female,CSE,7.96,99.62,75.82,0,2,3,0,73.81,5.89,6.01,3.27,4.26,1.96,5.67,Yes,1,2.78,4.64,60.01,0,0.0
STU05930,Male,EEE,6.6,69.9,72.5,0,5,5,1,72.55,3.74,4.97,6.64,5.26,5.07,1.43,Yes,0,3.77,3.11,39.71,0,0.0
STU05931,Female,CSE,6.75,94.45,52.35,1,3,2,2,100.0,3.72,5.58,3.39,5.08,3.43,7.12,Yes,0,2.61,6.78,51.89,1,9.01
STU05932,Male,MECH,8.63,66.53,60.15,2,2,4,1,61.17,5.69,3.18,6.41,6.73,3.59,2.89,Yes,1,6.78,5.45,42.59,0,0.0
STU05933,Female,CIVIL,6.99,71.25,68.67,3,1,1,0,59.28,4.68,5.47,7.34,7.15,3.93,7.09,No,3,3.78,6.58,36.87,0,0.0
STU05934,Male,MECH,4.8,76.28,76.34,1,0,0,0,58.18,7.46,7.2,5.21,5.29,3.66,10.0,No,1,6.91,3.1,37.87,0,0.0
STU05935,Male,CSE,7.17,74.58,73.57,0,3,3,0,69.13,6.62,5.9,3.65,4.9,6.41,9.02,Yes,4,4.0,6.49,59.23,1,10.16
STU05936,Male,CSE,6.07,84.67,85.9,1,1,4,0,84.1,7.4,8.57,4.93,6.33,4.66,7.56,No,1,3.67,10.0,58.09,1,9.42
STU05937,Male,IT,7.54,91.65,68.58,0,2,1,0,52.24,7.09,6.82,7.66,6.97,3.85,0.0,Yes,2,8.7,8.05,53.74,0,0.0
STU05938,Female,CIVIL,9.0,77.31,58.93,2,2,0,2,95.45,7.53,5.66,5.69,6.24,6.33,1.52,Yes,3,8.81,7.69,40.07,0,0.0
STU05939,Male,IT,4.82,81.23,94.67,2,1,0,0,97.66,6.01,3.45,3.53,4.98,4.82,3.86,No,4,9.32,5.65,50.18,0,0.0
STU05940,Male,EEE,7.0,76.16,44.45,0,1,1,0,69.37,0.29,0.0,7.32,6.65,3.92,4.49,Yes,3,3.01,5.78,34.48,0,0.0
STU05941,Female,ECE,7.78,84.71,61.49,1,2,2,0,96.45,8.92,8.68,5.51,5.92,3.09,4.77,Yes,1,7.41,7.66,65.5,1,8.15
STU05942,Female,IT,5.55,68.38,74.16,0,1,0,0,60.04,5.38,5.11,6.13,5.71,6.94,3.13,No,3,6.54,5.09,36.18,0,0.0
STU05943,Male,ECE,5.54,76.47,58.88,1,1,1,1,76.09,4.33,2.85,4.32,6.09,5.67,4.07,No,3,3.49,3.93,33.28,0,0.0
STU05944,Female,ECE,6.26,76.2,68.59,4,0,0,0,83.16,4.84,2.89,3.84,6.11,7.32,3.21,Yes,0,5.35,8.74,51.99,1,7.55
STU05945,Female,IT,6.25,74.94,77.46,1,2,3,1,71.12,2.09,1.86,4.71,5.72,5.82,6.74,No,1,4.82,8.55,45.16,0,0.0
STU05946,Male,CSE,7.59,90.05,76.88,0,0,2,0,49.85,7.98,9.04,6.34,5.39,5.35,5.34,Yes,1,6.43,7.39,60.78,1,9.24
STU05947,Male,CSE,6.96,74.81,79.89,1,2,1,0,77.47,6.37,4.94,8.21,6.99,5.72,6.74,No,4,4.83,4.53,54.58,0,0.0
STU05948,Male,CIVIL,8.22,99.32,81.52,3,1,2,0,58.36,8.13,8.97,5.96,5.49,6.95,9.03,Yes,2,5.0,6.32,53.07,0,0.0
STU05949,Female,IT,8.06,84.44,83.24,2,3,2,0,68.86,5.35,4.78,6.72,6.03,0.7,3.03,Yes,0,2.31,3.34,60.76,0,0.0
STU05950,Female,IT,6.39,80.53,84.99,3,5,1,2,62.4,6.94,7.27,7.77,6.49,6.79,6.2,No,3,4.6,5.18,59.13,1,10.06
STU05951,Male,IT,6.75,91.88,83.93,4,3,2,0,70.61,6.47,6.63,8.8,7.97,4.4,3.91,No,1,6.55,3.37,64.22,1,10.07
STU05952,Male,CIVIL,7.68,69.52,64.33,1,3,4,1,45.81,4.71,3.81,5.46,4.6,6.78,6.47,No,1,5.19,5.74,30.79,0,0.0
STU05953,Female,CSE,7.92,83.08,58.06,0,3,0,0,69.35,9.35,6.1,10.0,8.73,7.42,1.73,Yes,1,4.19,4.14,64.94,1,9.8
STU05954,Female,CSE,6.96,70.87,69.53,0,4,0,0,47.23,4.53,3.06,5.74,5.81,2.22,3.55,No,0,6.94,7.13,43.36,0,0.0
STU05955,Male,CSE,6.77,62.8,82.12,4,3,3,2,49.7,5.65,4.72,6.77,5.34,3.58,5.12,Yes,1,5.03,4.08,56.7,1,9.55
STU05956,Female,EEE,7.92,64.22,64.67,2,5,4,1,65.63,6.81,9.23,5.42,5.95,6.74,6.1,No,2,5.36,5.94,52.32,1,7.29
STU05957,Male,CSE,7.43,91.19,78.78,2,0,1,2,55.59,5.88,6.33,8.7,7.32,3.01,6.38,No,1,4.61,3.67,45.17,0,0.0
STU05958,Male,CSE,7.14,70.92,86.04,1,2,2,2,56.91,7.09,8.06,7.43,6.7,2.23,0.48,No,1,3.11,3.83,49.01,1,8.33
STU05959,Male,ECE,8.36,85.66,71.22,1,0,1,2,59.63,5.69,6.68,7.82,6.83,9.92,5.31,Yes,2,3.16,7.55,40.12,0,0.0
STU05960,Male,ECE,7.95,63.47,62.42,1,3,0,0,53.01,4.75,5.34,5.77,6.18,8.06,6.72,No,1,3.28,7.34,44.95,0,0.0
STU05961,Female,MECH,8.51,81.98,74.63,0,5,5,0,63.09,6.73,8.91,7.53,5.99,3.38,8.96,Yes,3,6.79,2.63,49.52,1,7.44
STU05962,Male,CSE,8.15,84.87,55.24,0,3,2,4,75.88,4.51,4.37,8.01,7.79,5.72,5.61,Yes,1,4.81,10.0,43.65,0,0.0
STU05963,Male,MECH,8.52,73.12,74.41,3,1,2,0,77.67,8.49,8.96,6.64,5.71,0.83,3.77,Yes,1,5.07,4.36,47.55,0,0.0
STU05964,Male,IT,6.54,82.13,81.99,2,1,2,0,66.32,5.9,6.41,5.56,4.98,7.21,3.79,No,0,4.67,5.91,54.17,1,9.01
STU05965,Female,CSE,7.85,66.76,64.46,0,0,0,0,67.44,2.64,3.27,6.4,6.0,6.63,3.22,Yes,0,6.24,7.46,44.45,1,7.39
STU05966,Male,CIVIL,8.11,82.4,73.48,3,2,2,0,36.37,7.27,7.39,3.47,4.7,2.93,5.41,No,1,8.15,3.63,41.24,0,0.0
STU05967,Female,IT,7.68,90.08,63.8,0,3,2,1,48.4,9.44,10.0,4.9,5.0,5.96,10.0,No,2,4.04,6.66,52.15,0,0.0
STU05968,Male,MECH,9.97,71.03,44.16,0,5,2,2,58.37,4.31,8.89,4.92,5.4,1.74,5.14,No,1,3.7,5.43,37.67,0,0.0
STU05969,Female,CSE,7.44,71.44,81.01,1,2,0,4,52.24,6.61,7.85,10.0,7.91,0.0,5.18,No,2,5.05,3.64,34.9,0,0.0
STU05970,Female,ECE,6.92,74.65,100.0,0,2,1,0,78.46,7.11,7.6,5.22,5.82,0.61,7.12,No,2,6.01,6.44,37.17,0,0.0
STU05971,Female,IT,7.78,70.34,81.32,1,2,3,0,59.15,5.42,4.28,2.91,3.55,8.18,5.51,Yes,3,6.0,6.73,56.78,0,0.0
STU05972,Male,CSE,8.36,96.5,71.68,0,4,5,1,99.51,8.64,7.91,7.95,7.93,8.49,4.01,No,2,5.55,5.98,64.89,1,9.78
STU05973,Male,CSE,9.11,78.69,75.04,1,0,0,0,72.61,4.7,4.67,5.64,6.08,2.69,2.96,No,1,5.02,4.36,49.52,0,0.0
STU05974,Female,EEE,7.3,76.67,72.71,1,3,1,1,44.78,3.14,1.8,3.26,5.08,2.78,2.81,Yes,1,3.41,4.26,42.14,0,0.0
STU05975,Male,ECE,6.55,84.28,85.12,0,2,1,4,59.0,7.82,8.36,5.74,6.0,4.74,6.15,No,2,6.02,7.86,28.01,0,0.0
STU05976,Female,CSE,8.04,76.72,89.79,4,2,0,0,58.8,9.18,7.42,5.76,6.6,5.5,8.47,No,1,4.6,7.56,61.15,1,9.39
STU05977,Male,CSE,8.02,85.42,58.45,1,1,5,0,52.95,6.44,6.64,5.79,4.24,5.85,6.86,Yes,1,6.33,6.95,64.42,1,9.59
STU05978,Male,CSE,7.2,77.65,80.96,4,2,2,1,50.05,4.98,5.47,4.66,5.65,0.93,2.47,No,0,5.21,4.48,50.3,1,9.54
STU05979,Female,EEE,5.84,67.67,77.44,4,4,5,0,65.36,5.78,5.53,5.98,5.39,4.0,4.47,Yes,2,6.76,3.03,59.01,1,9.04
STU05980,Male,ECE,6.49,81.85,90.19,2,5,4,0,68.74,5.36,4.88,8.34,6.77,4.24,8.09,No,2,3.0,2.1,57.48,0,0.0
STU05981,Male,IT,5.6,89.34,69.02,0,2,3,3,74.07,5.48,5.28,7.54,6.09,9.65,5.36,No,1,5.08,2.86,39.7,0,0.0
STU05982,Male,CIVIL,7.2,75.13,66.95,3,2,3,0,88.59,5.84,3.74,9.4,9.3,6.2,8.66,Yes,2,4.63,7.16,54.23,0,0.0
STU05983,Female,CSE,8.31,87.92,76.25,3,2,1,2,76.82,8.29,10.0,10.0,7.94,8.13,4.9,Yes,0,6.2,4.46,67.41,1,10.59
STU05984,Male,ECE,7.21,80.97,56.76,4,1,4,1,88.06,5.33,5.61,5.51,3.98,5.51,5.0,Yes,2,5.12,3.71,47.18,0,0.0
STU05985,Female,EEE,6.86,75.48,100.0,4,3,0,0,54.18,4.7,5.47,8.22,8.75,6.76,4.14,No,2,6.08,5.47,51.27,0,0.0
STU05986,Male,EEE,5.9,68.46,59.44,1,2,1,0,89.42,3.47,3.06,5.9,6.48,5.3,3.77,No,2,3.08,4.26,45.5,0,0.0
STU05987,Male,IT,6.57,79.37,93.92,1,2,1,1,66.53,6.57,8.02,8.44,7.49,5.93,2.19,Yes,1,5.63,6.97,56.22,0,0.0
STU05988,Female,EEE,6.92,83.06,87.1,4,1,4,0,54.62,5.55,8.59,7.42,6.96,8.98,3.6,Yes,1,5.85,5.6,54.72,0,0.0
STU05989,Male,CSE,4.66,100.0,93.47,4,2,2,0,83.83,6.49,6.04,4.41,4.64,5.68,2.32,Yes,4,2.73,7.61,57.47,0,0.0
STU05990,Male,IT,5.38,75.74,65.56,3,4,4,0,89.0,7.06,7.7,7.23,7.83,6.55,3.53,No,1,5.93,3.7,71.31,1,10.34
STU05991,Female,EEE,7.37,61.21,98.91,1,2,4,1,80.56,4.76,4.92,7.45,7.26,3.32,9.53,No,2,3.83,7.68,41.97,0,0.0
STU05992,Female,CIVIL,7.98,89.05,81.82,1,1,3,1,54.54,7.31,7.88,7.03,6.34,4.91,5.03,Yes,0,2.58,3.8,38.83,0,0.0
STU05993,Male,CSE,6.59,79.72,67.87,1,5,0,0,35.77,5.73,4.64,4.69,5.44,1.05,0.87,No,3,3.86,4.14,46.83,0,0.0
STU05994,Male,CSE,5.75,71.83,64.35,2,3,2,0,62.5,6.93,8.68,6.96,5.81,6.18,2.13,No,3,4.32,6.77,51.83,0,0.0
STU05995,Male,CSE,7.76,62.86,65.61,3,0,2,0,53.63,4.83,7.22,5.38,5.05,7.27,3.0,Yes,1,8.62,1.23,62.15,0,0.0
STU05996,Male,ECE,8.41,83.18,73.94,2,4,0,0,78.32,4.41,3.77,6.52,6.13,4.66,8.93,No,1,3.29,4.86,50.78,1,8.79
STU05997,Male,MECH,7.04,81.88,60.88,1,2,4,1,88.39,5.39,5.8,6.1,5.36,5.94,9.01,Yes,2,7.14,3.9,44.24,0,0.0
STU05998,Male,CIVIL,8.88,78.02,51.42,0,2,2,1,80.02,5.46,1.49,5.06,6.7,5.03,6.7,No,1,5.55,8.89,34.07,0,0.0
STU05999,Female,EEE,6.93,70.2,93.16,0,4,1,0,59.17,0.39,2.4,7.38,7.67,5.24,7.43,Yes,3,6.79,6.19,41.49,0,0.0
STU06000,Male,MECH,7.23,76.87,65.7,0,2,1,0,67.0,6.91,5.75,10.0,7.62,7.39,6.35,Yes,2,8.72,5.16,43.53,0,0.0
